:020000040800F2
:100000001060022475030008A729000823290008AE
:10001000A5290008010A00080146000800000000A8
:10002000000000000000000000000000B102000815
:10003000D90C0008000000000D030008A12D0008E5
:100040008F0300088F0300088F0300088F03000848
:100050008F0300088F0300088F0300088F03000838
:100060008F0300088F0300088F0300088F03000828
:100070008F0300088F0300088F0300088F03000818
:100080008F0300088F0300088F0300088F03000808
:100090008F0300088F0300088F0300088F030008F8
:1000A0008F0300088F0300088F0300088F030008E8
:1000B0008F0300088F0300088F0300088F030008D8
:1000C0008F0300088F0300088F0300088F030008C8
:1000D0008F0300088F0300088F0300088F030008B8
:1000E0008F0300088F030008000000008F03000842
:1000F0008F0300088F0300088F0300088F03000898
:100100008F030008F12B00088F0300088F030008FD
:100110008F0300088F0300088F0300088F03000877
:100120008F0300088F0300088F0300088F03000867
:100130008F0300088F0300088F0300088F03000857
:1001400000000000000000000000000000000000AF
:100150008F0300088F0300088F0300088F03000837
:100160008F0300088F0300088F0300088F03000827
:100170008F0300088F0300088F03000800000000B1
:100180008F0300088F0300088F0300088F03000807
:100190008F0300088F0300088F0300088F030008F7
:1001A0008F0300088F0300088F0300088F030008E7
:1001B0008F0300088F0300088F0300088F030008D7
:1001C0008F0300088F0300088F0300088F030008C7
:1001D0008F0300088F0300088F0300088F030008B7
:1001E0008F0300088F0300088F0300088F030008A7
:1001F0008F0300088F0300088F0300088F03000897
:100200008F0300088F0300088F0300088F03000886
:100210008F0300088F0300088F0300088F03000876
:100220008F0300088F0300088F0300080000000000
:100230008F0300088F030008000000008F030008F0
:100240008F0300088F0300088F0300088F03000846
:100250008F0300088F0300088F0300088F03000836
:100260008F0300088F0300088F0300088F03000826
:100270008F0300088F0300088F03000800000000B0
:100280008F0300088F0300088F03000800000000A0
:10029000000000008F030008DFF810D000F0E0FA43
:1002A00000480047EDA30008AFF30080106002246F
:1002B0002D4B19680868B0E8F04F80F30988BFF348
:1002C0006F8F4FF0000080F311887047000000002E
:1002D00008480068006880F308884FF0000080F349
:1002E000148862B661B6BFF34F8FBFF36F8F00DF24
:1002F00000BF00BF08ED00E0DFF80C00016841F42A
:1003000070010160704700BF88ED00E0EFF30980E5
:10031000BFF36F8F144B1A681EF0100F08BF20ED4B
:10032000108A20E9F04F106008B44FF0500072B608
:1003300080F31188BFF34F8FBFF36F8F62B60FF05A
:1003400097FE4FF0000080F3118808BC1968086818
:10035000B0E8F04F1EF0100F08BFB0EC108A80F329
:100360000988BFF36F8F704728000024EFF30580E2
:10037000704700000648804706480047FEE7FEE752
:10038000FEE7FEE7FEE7FEE7FEE7FEE7FEE7FEE745
:10039000592E0008990200082DE9F05F054600205B
:1003A00092469B4688460646814640241BE02846E6
:1003B00041464746224600F08BF853465A46C01A3B
:1003C000914110D311461846224600F072F82D1ABA
:1003D00067EB01084F4622460120002100F069F832
:1003E00017EB00094E41201EA4F10104DFDC484652
:1003F00031462A464346BDE8F09F10B5431A934262
:1004000009D28318881803E010F8011D03F8011DB4
:10041000521EF9D210BD40EA01039B0703D009E048
:1004200008C9121F08C0042AFAD203E011F8013BE0
:1004300000F8013B521EF9D210BDD2B201E000F823
:10044000012B491EFBD270470022F6E710B5134678
:100450000A4604461946FFF7F0FF204610BD421C2D
:1004600010F8011B0029FBD1801A704730B50446F3
:100470000020034600E05B1C934203D2E05CCD5CAD
:10048000401BF8D030BD30B50B460146002020227D
:10049000012409E021FA02F59D4205D303FA02F591
:1004A000491B04FA02F52844151EA2F10102F1DCF1
:1004B00030BD202A04DB203A00FA02F10020704708
:1004C0009140C2F1200320FA03F319439040704792
:1004D000202A04DB203A21FA02F00021704721FA99
:1004E00002F3D040C2F12002914008431946704700
:1004F0002DE9FE4F804681EA0300C00F0C460090B4
:1005000021F0004123F00045B8EB0200A94105D2DB
:100510004046214690461C460B46024623F00040CA
:10052000104347D0270DC7F30A00C3F30A510290C6
:10053000401A019040286BDAC3F3130040F4801B8B
:100540000098924620B10023D2EB030A63EB0B0B19
:1005500001985946C0F140025046FFF7AAFF0646EF
:100560000D4650465946019A00F08CF910EB0800F0
:100570006141002487EA115284EAE7731A4340D0AC
:10058000009A62B3019A012A4FEA075215DC001B58
:1005900061EB02014FF0004202EA0752CDE900424E
:1005A000001C41F5801132462B4600F08CF903B057
:1005B000BDE8F08F40462146F9E7001B61EB0201E0
:1005C000001C41F5801300185B412018A2F50017AC
:1005D00047EB030140EAD570B6196D4111E06D0893
:1005E0004FEA360645EAC0754FEA0752001B61EB39
:1005F0000201001C41F5801149084FEA3000001942
:10060000514132462B4603B0BDE8F04F00F04CB9E3
:100610000098012240000023D0EB020263EBE0735C
:10062000009821464FEAE074B8EB000061EB04014A
:10063000E9E783F000435BE781F0004158E72DE9EB
:10064000FE4F81EA030404F0004421F000410094CD
:100650004FF0000B23F0004350EA01045ED052EA51
:1006600003045BD0C3F30A54C1F30A552C44A4F22B
:10067000F3340194A0FB0254C1F3130141F480113F
:10068000C3F3130343F4801301FB024400FB034E46
:10069000840A970A44EA815447EA8357A4FB07680F
:1006A00002958D0A05FB07854FEA932C04FB0C5439
:1006B0002705029D4FEA065847EA1637B5EB0805AD
:1006C0006EEB070C870E920E47EA811742EA8312FF
:1006D000A7FB0201B6EB0B0164EB00042B0D43EA10
:1006E0000C335E1844EB1C50DA465146E7FB02011E
:1006F000C5F313044FEA0B3343EA14534FEA0432B1
:10070000019C43EA0603A4F10C040294009CCDE989
:1007100000B400F0D8F803B0BDE8F08F0020014627
:10072000F9E72DE9F04D81EA030404F0004B21F0D4
:10073000004514464FF0000A23F0004150EA05023C
:1007400020D054EA01021DD0C5F30A570246C5F372
:100750001303C1F31300C1F30A5640F4801543F4A8
:100760008013A7EB0608101BD64608F2FD3873EB82
:10077000050002D308F1010801E092185B41B8F1CD
:10078000000F03DA00200146BDE8F08D00204FF491
:100790008011064684460EE0171B73EB050705D350
:1007A000121B63EB050306434CEA010C49084FEAB0
:1007B000300092185B4150EA0107EDD152EA030084
:1007C00012D082EA040083EA0501084305D0101B19
:1007D000AB4106D20122002306E000224FF0004385
:1007E00002E06FF0010253101AEB06004CEB0851C7
:1007F00010EB0A0041EB0B01BDE8F04D00F054B8DE
:10080000C1F30A52C1F3130140F2FF3341F48011E6
:100810009A4202DA00200146704740F233439A427E
:10082000A2F2334202DC5242FFF752BEFFF741BE52
:1008300030B5041E71F1000404DB4FF00044404267
:1008400064EB0101141E73F1000405DB1C464FF03C
:100850000043524263EB0403994208BF904230BD0B
:10086000064C074D06E0E06840F0010394E80700FD
:1008700098471034AC42F6D3FFF712FDD842010876
:10088000F8420108202A06DBCB17203A41FA02F091
:1008900043EAE07306E041FA02F3D040C2F12002DD
:1008A000914008431946704710B5141E73F10004B7
:1008B00008DA401C41F1000192185B411A4301D152
:1008C00020F0010010BD2DE9F04D92469B4611B17C
:1008D000B1FA81F202E0B0FA80F220329046FFF7DE
:1008E000E8FD04460F4640EA0A0041EA0B01534680
:1008F0005A46084313D0114653EA010019D0C8F1F3
:1009000040025046FFF7E4FD05460E465046594664
:100910004246FFF7CEFD084305D0012004E0204603
:100920003946BDE8F08D0020054346EAE0762C43C9
:1009300037430A986305E40AA0EB08000022FD0A89
:1009400044EA47540A3002D500200146E9E7010590
:1009500010196941DDE9084500196941BDE8F04D0C
:10096000A2E770B58C1810F8015B15F0070301D1F0
:1009700010F8013B2A1106D110F8012B03E010F802
:10098000016B01F8016B5B1EF9D12B0705D4002325
:10099000521E0DD401F8013BFAE710F8013BCB1AC7
:1009A000921C03E013F8015B01F8015B521EF9D5BC
:1009B000A142D8D3002070BD10B502F0FBF90AF0B7
:1009C00043FD01F059FB4FF47A71B0FBF1F001F0F7
:1009D000F7FE00F01FF904A003F014FEBDE810407C
:1009E0004FF4967000F07AB95B626F6F745D2062AD
:1009F000737020696E697420646F6E650D0A000063
:100A0000FEE7000030B593B031A003F00DFE0020EA
:100A10000FF0D8FC44F6436010F0CAFC01460229EE
:100A200009D011B132A003F0FFFD39A003F0FCFDA5
:100A30003D4D002406E03DA003F0F6FDFEE741A099
:100A400003F0F2FD4E480D2349A22946009401947B
:100A500011F050FC0028F2D14AA003F0E5FD524805
:100A6000046008380460001D046051494E4B4F4833
:100A70001A1F0290CDE900414E48111F0AF02CF8D0
:100A800080B14C480AF09CF84A480AF0DAF84AA0CB
:100A900003F0CAFD474803A905F0D2FA454805F01E
:100AA000D8FA07E04CA003F0BFFD13B030BD0A2018
:100AB0000BF024FD9DF815000A28F8D13D48001DD3
:100AC00007F014FE01464DA003F0AEFDEDE7000077
:100AD0005374617274696E67205769636564207628
:100AE0003030362E3030322E3030310A00000000E7
:100AF0004572726F72202564207768696C65207377
:100B000074617274696E67205749434544210A0035
:100B10004A6F696E696E67203A205265646D695F3D
:100B2000354344330A00000006004000E68993E59F
:100B3000BC8077696669E8B685E697B6202D3E3EAB
:100B4000256400004661696C656420746F206A6FDB
:100B5000696E20203A205265646D695F35434433E5
:100B60002020202E2E207265747279696E670A002B
:100B70006D6F757365736F7374726F6E67000000CD
:100B8000183801085375636365737366756C6C7907
:100B9000206A6F696E6564203A205265646D695FF2
:100BA000354344330A00000024000024956D0008FA
:100BB000856E00083C0300244F627461696E696EA3
:100BC000672049502061646472657373207669619F
:100BD00020444843500A00004661696C65642074F3
:100BE0006F207374617274206E6574776F726B20FE
:100BF000696E746572666163650A00004E6574779C
:100C00006F726B2072656164792049503A202573B8
:100C10000A00000070B5B6B02B48016841F0010130
:100C20000160016801F001010191016841F00101D9
:100C30000160006800F00100019001240294002589
:100C4000209502A800F01EFC1F481030016841F0FA
:100C500010010160006800F0100001906002319006
:100C600002203290339434900724359431A9174EE2
:100C7000304600F045F84FF480613191359431A948
:100C8000304600F03DF8134C114820604FF4E1303D
:100C90006060A560E56025610C206061A561E5618B
:100CA0002562A562204601F09FFD00222520114605
:100CB00000F0A6F9252000F095F92068016841F0C0
:100CC0002001016036B070BDE044025800000258B7
:100CD00000100140B00200247047000070B50446C7
:100CE00000F014F90546601C02D004480078044462
:100CF00000F00CF9401BA042FAD370BD080000249C
:100D00002DE9F84F00226E4C4FF0B0494FF0010A28
:100D10004FF0030E4FF00F08CAE00AFA02F73B400B
:100D2000002B70D04D68022D01D0122D12D1D508A4
:100D300000EB850CDCF820605507ED0E08FA05FB8A
:100D400026EA0B06D1F810B00BFA05FB4BEA060BAE
:100D5000CCF820B0D0F800C055000EFA05F62CEA09
:100D6000060C91F804B00BF0030B0BFA05FB4BEAF1
:100D70000C0BC0F800B0D1F804C0BCF1010F08D0D2
:100D8000BCF1020F05D0BCF1110F02D0BCF1120F63
:100D900016D1D0F808C02CEA060CD1F80CB00BFA2A
:100DA00005FB4BEA0C0BC0F808B0D0F804C02CEAE5
:100DB000070C0F79C7F30017974047EA0C07476005
:100DC000C768B7438E68AE403E43C6604D68ED00CD
:100DD0006DD53C4D2E6846F002062E602D6805F05C
:100DE0000205009522F0030606F1B046D6F808C4C5
:100DF00095072F0F08FA07F52CEA050C324DA8428B
:100E000002D100252EE052E0304DA84201D101254B
:100E100028E02F4DA84201D1022523E02D4DA84204
:100E200001D103251EE02C4DA84201D1042519E073
:100E30002A4DA84201D1052514E0294DA84201D12F
:100E400006250FE0274DA84201D107250AE0264DCF
:100E5000A84201D1082505E0244DA84201D1092569
:100E600000E00A25BD4045EA0C05C6F8085425688F
:100E70009D434E68F60300D51D43256065689D437C
:100E80004E68B60300D51D436560D9F800509D43F8
:100E90004E68F60200D51D43C9F80050D9F8045039
:100EA0009D434E68B60200D51D43C9F80450521C3C
:100EB0000B6833FA02F57FF430AFBDE8F88F00001D
:100EC00080000058F4440258000002580004025800
:100ED00000080258000C0258001002580014025872
:100EE00000180258001C0258002002580024025822
:100EF000002A01D0816170470904816170470000B8
:100F000001480068000C70470010005C044840680D
:100F10000449B0FBF1F04FF47A7148437047000088
:100F2000001000E000389C1C0648016841F0807108
:100F30000160054800214160016841F00101016044
:100F400000207047FCED00E0001000E0144A4178FA
:100F50001160111D03780A1D002B1CD043680B6023
:100F6000017BC37A090741EA0361837A41EAC341FD
:100F7000437B41EA8341837B41EA4341C37B41EAAE
:100F80000341437A41EA0321037A007841EA4301AD
:100F90000143116070470020086010607047000036
:100FA00098ED00E0BFF35F8F0448016821F48031C1
:100FB00001600249002070310860704724ED00E0B4
:100FC000074940F00100086005487038016841F4A5
:100FD00080310160BFF34F8FBFF36F8F7047000008
:100FE00094ED00E0002809DB012100F01F02914090
:100FF0004009800000F1E020C0F8001170470000B7
:10100000F0B40D460D4B1B68C3F30223C3F1070474
:10101000042C00D90424191D072901D2002300E063
:10102000DB1E012606FA04F1491E294099409E4024
:10103000761E16403143F0BC03F006BB0CED00E019
:1010400000F00701054A10684FF6FF03184040EA18
:101050000120034908431060704700000CED00E0D8
:101060000000FA0570B512490A68520706D40A68EA
:1010700002F00702824201D0012070BD0A6822F00E
:10108000070202430A60FFF741FF0446084D4FF490
:101090007A76083D06E0FFF739FF001BB04201D920
:1010A000032070BD28688004F5D5002070BD0000C5
:1010B0000C48025810B500F0DFFF06490968064ADF
:1010C000C1F30321515C01F01F01C84003490860CE
:1010D00010BD000018440258083801080000002420
:1010E00010B500F08FFF05490968054AC1F30211E8
:1010F000515C01F01F01C84010BD0000204402589F
:101100000838010810B569490A6802F00302096845
:10111000C1F30531654B1B1D1B6803F01003634CC5
:1011200014342468C4F3CC0414FB03F300EE103A27
:10113000B8EE400A002971D09FED5D1A5B4BF7EEC7
:10114000000A1033F2B39FED5B2A012A7FD0022AF6
:101150007CD001EE901A1968F8EE611AC2EE212ACD
:10116000C1F3080101EE901AF8EE611A40EE011A7F
:1011700031EEA00A22EE800A1968C1F3462101EE81
:10118000101AB8EE411A31EE201AC0EE011ABCEE68
:10119000E11A80ED001A1968C1F3064101EE101A38
:1011A000B8EE411A31EE201AC0EE011ABCEEE11A77
:1011B00080ED011A1968C1F3066101EE101AB8EE4C
:1011C000411A00E008E071EE200A80EE201ABCEE21
:1011D000C10A80ED020A10BD344A283A1468A406F8
:1011E0001ED51268C2F3C104334AE24001EE902AD0
:1011F000F8EE612A01EE901A1968F8EE611A82EE93
:10120000A12AC1F3080101EE901AF8EE611A40EE2E
:10121000011A31EEA00A22EE000AADE741E016E025
:1012200001EE901ADFED252A1968F8EE611A82EEB8
:10123000A12AC1F3080101EE901AF8EE611A40EEFE
:10124000011A31EEA00A22EE000A95E713E001EE42
:10125000901A1968F8EE611AC2EE212AC1F308014A
:1012600001EE901AF8EE611A40EE011A31EEA00A72
:1012700022EE800A80E701EE901ADFED112A19684C
:10128000F8EE611A82EEA12AC1F3080101EE901A6C
:10129000F8EE611A40EE011A31EEA00A22EE000AC1
:1012A0006AE7002101604160816010BD2844025856
:1012B000000000390024744A0090D0030024744CCC
:1012C00020BCBE4B10B569490A6802F003020968E8
:1012D000C1F30551654B1B1D1B6803F48073634C00
:1012E0001C342468C4F3CC0414FB03F300EE103A5E
:1012F000B8EE400A002971D09FED5D1A5B4BF7EE06
:10130000000A1833F2B39FED5B2A012A7FD0022A2C
:101310007CD001EE901A1968F8EE611AC2EE212A0B
:10132000C1F3080101EE901AF8EE611A40EE011ABD
:1013300031EEA00A22EE800A1968C1F3462101EEBF
:10134000101AB8EE411A31EE201AC0EE011ABCEEA6
:10135000E11A80ED001A1968C1F3064101EE101A76
:10136000B8EE411A31EE201AC0EE011ABCEEE11AB5
:1013700080ED011A1968C1F3066101EE101AB8EE8A
:10138000411A00E008E071EE200A80EE201ABCEE5F
:10139000C10A80ED020A10BD344A283A1468A40636
:1013A0001ED51268C2F3C104334AE24001EE902A0E
:1013B000F8EE612A01EE901A1968F8EE611A82EED1
:1013C000A12AC1F3080101EE901AF8EE611A40EE6D
:1013D000011A31EEA00A22EE000AADE741E016E064
:1013E00001EE901ADFED252A1968F8EE611A82EEF7
:1013F000A12AC1F3080101EE901AF8EE611A40EE3D
:10140000011A31EEA00A22EE000A95E713E001EE80
:10141000901A1968F8EE611AC2EE212AC1F3080188
:1014200001EE901AF8EE611A40EE011A31EEA00AB0
:1014300022EE800A80E701EE901ADFED112A19688A
:10144000F8EE611A82EEA12AC1F3080101EE901AAA
:10145000F8EE611A40EE011A31EEA00A22EE000AFF
:101460006AE7002101604160816010BD2844025894
:10147000000000390024744A0090D0030024744C0A
:1014800020BCBE4B2DE9F84F044600250026FB4F3B
:101490002068DFF8EC83010104F1240000900DD5F1
:1014A000606EB0B1B0F5801F18D0B0F5001F1BD032
:1014B000B0F5401F00D00125E5B12E462088C005BB
:1014C00035D5606D05282FD2DFE800F01D22282FCA
:1014D0002F00386840F400303860EDE70221201D0D
:1014E00001F062FA0546E7E70098022101F0EEFA02
:1014F0000546E1E7D8F80000616E20F4401008438B
:10150000C8F80000DAE7386840F4003038600CE0D2
:101510000021201D01F048FA054606E00098002150
:1015200001F0D4FA054600E001255DB12E46208881
:10153000800518D5A06D802830D00CDC18B3402869
:101540000ED125E0D8F80000616D20F007000843B7
:10155000C8F80000EBE7C02803D0B0F5807F00D0CA
:1015600001250DB32E462088DFF8189340052DD5B0
:10157000D4F8A400B0F5800F42D01EDCA0B3B0F5C3
:10158000001F20D136E0386840F400303860E8E7CA
:101590000021201D01F008FA0546E2E7009800212D
:1015A00001F094FA0546DCE7D8F80000A16D20F4BC
:1015B000E0700843C8F80000D5E7B0F5C00F03D0CD
:1015C000B0F5000F00D0012505B32E462088000598
:1015D0002FD5D4F8A800B0F1007F52D020DCE8B3BA
:1015E000B0F1807F22D146E0FFE7386840F4003058
:1015F0003860E9E70021201D01F0D6F90546E3E750
:101600000098002101F062FA0546DDE7D9F80000F4
:10161000D4F8A41020F460000843C9F80000D5E70E
:10162000B0F1407F03D0B0F1806F00D0012575B3D9
:101630002E46206880010AD5A06C30B1102831D028
:10164000202835D0302800D0012585B32E462088AB
:10165000C00446D5E06DB0F5005F00E006E05BD069
:1016600036DCA0B3B0F5805F38D14FE0386840F485
:1016700000303860DBE70021201D01F095F90546B8
:10168000D5E70098002101F021FA0546CFE7FFE7F2
:10169000D9F80000D4F8A81020F0E0600843C9F899
:1016A0000000C6E7386840F400303860CDE705E058
:1016B0000221201D01F078F90546C6E77048001F99
:1016C0000168A26C21F0300111430160BFE718E00E
:1016D000B0F5405F03D0B0F5804F00D001250DB3C9
:1016E0002E46208880042FD5206EB0F5403F29D0AB
:1016F00021DC38B3B0F5803F37D0B0F5003F20D1C2
:1017000039E0386840F400303860E8E70021201DF7
:1017100001F04AF90546E2E70098002101F0D6F908
:101720000546DCE7D8F80000E16D20F4E04008430E
:10173000C8F80000D5E7B0F5802F03D0B0F5A02F92
:1017400000D00125EDB12E46208840042BD5D4F8D9
:10175000AC00B0F1405F24D01CDC10B3B0F1805F6E
:101760004BD0B0F1005F1BD14EE00121201D01F0F4
:101770001BF90546E6E70098012101F0A7F90546A7
:10178000E0E7D8F80000216E20F4E0200843C8F814
:101790000000D9E7B0F1804F03D0B0F1A04F00D0E6
:1017A000012585B32E46208800040AD5E06E30B1AD
:1017B000B0F1805F39D0B0F1005F3BD001259DB31F
:1017C0002E462068C0010AD5606C30B1012841D096
:1017D000022844D0032800D001258DB32E4620686E
:1017E000DFF8A4B0400261D52848016841F4807157
:1017F0000160FFF78BFB824652E00121201D01F0C2
:10180000D3F80546CDE705E00098012101F05EF927
:101810000546C6E7D9F80000D4F8AC1020F0E04047
:101820000843C9F80000BEE70BE0386840F4003018
:101830003860C4E70121201D01F0B6F80546BEE777
:1018400013E0D8F80000E16E20F040500843C8F8DB
:101850000000B6E7386840F400303860BDE7022188
:10186000201D01F0A1F80546B7E70548001F0168F3
:10187000626C21F0030111430160B0E72C4402586F
:101880005044025858440258104402580048025824
:10189000FFF73CFBA0EB0A00642801D9032503E015
:1018A000FE480068C005F3D57DB12E462078DFF8EC
:1018B000F0A3C00766D0A06F182861D05BDC80B3AE
:1018C00008286AD010285AD16DE0F5481C3000680D
:1018D00000F44071B4F8B00000F4407081420DD0C3
:1018E000EF481C30016821F44071026842F48032F4
:1018F0000260026822F4803202600160D4F8B00015
:10190000B0F5807F13D1FFF701FB82460AE0FFF7B5
:10191000FDFAA0EB0A0141F28830814202D9032589
:1019200005E02DE0DE481C3000688007EFD50DB1E2
:101930002E46BBE7D4F8B000C0F3012103290FD035
:10194000DBF8000020F47C50CBF80000D4481C30B9
:101950000168B4F8B020C2F30B0211430160A5E79F
:10196000DBF80010CF4A21F47C51104041EA1010FE
:10197000CBF80000EAE7202802D0282800D0012573
:10198000BDB12E46207880072BD5606F062825D262
:10199000DFE800F025181E2525250121201D01F076
:1019A00003F80546ECE70098012101F08FF80546A1
:1019B000E6E7DAF80000A16F20F038000843CAF823
:1019C0000000DFE70121201D00F0EEFF054606E0E4
:1019D0000098012101F07AF8054600E0012565B183
:1019E0002E462078400720D5D4F89000062819D23A
:1019F000DFE800F0190C12191919DAF80000616F0C
:101A000020F007000843CAF80000EAE70121201D82
:101A100000F0CAFF054606E00098012101F056F8E3
:101A2000054600E001258DB12E462078800620D5A0
:101A3000D4F88C00B0F1405F19D011DCB8B1B0F12E
:101A4000805F27D0B0F1005F10D129E0D9F8000005
:101A5000D4F8901020F007000843C9F80000E4E72C
:101A6000B0F1804F03D0B0F1A04F00D00125EDB10F
:101A70002E46207840062CD5D4F89800B0F5406F5B
:101A800025D01DDC18B3B0F5806F33D0B0F5006FF2
:101A90001CD135E00021201D00F086FF0546E6E759
:101AA0000098022101F012F80546E0E7DAF800009C
:101AB000D4F88C1020F0E0400843CAF80000D8E7C2
:101AC000B0F5805F03D0B0F5A05F00D00125EDB187
:101AD0002E46207800062CD5D4F89C00B0F5C04FD7
:101AE00025D01DDC18B3B0F5005F7CD0B0F5804F79
:101AF0001CD1E0E00021201D00F056FF0546E6E77E
:101B00000098022100F0E2FF0546E0E7D9F8000066
:101B1000D4F8981020F4E0500843C9F80000D8E742
:101B2000B0F5004F03D0B0F5204F00D00125EDB344
:101B30002E46207800070BD5D4F88000B0F5805FE2
:101B400075D0DAF8001021F440510143CAF80010B2
:101B50002078C0060BD5D4F89400B0F5807F68D00B
:101B6000D9F8001021F440710143C9F80010206831
:101B700000030BD5D4F8A000B0B3B0F5803F7DD002
:101B8000B0F5003F00D001257DB32E46206840030C
:101B90000FD5D4F88400B0F5801F71D0B0F5001FC8
:101BA0006FD0B0F5401F00D0012500E089E0E5B31B
:101BB0002E462068C00307D5E06CB8B3B0F5803F6F
:101BC00072D00125A5B32E462068800005D5009867
:101BD000022100F07BFF00B101262068800311D5AF
:101BE000E06F68B102E060E089E094E0B0F5807FEA
:101BF00071D0B0F5007F03D0B0F5407F00D0012553
:101C0000EDB32E462068C00207D5D8F80000216F3A
:101C100020F000400843C8F800002068C0000ED53E
:101C2000DBF8000020F4804004E089E092E053E01B
:101C30009BE05AE0D4F8B4100843CBF800002068C9
:101C4000800207D5D8F80000A16E20F0807008430C
:101C5000C8F80000206840000CD5DBF8000020F434
:101C60000040CBF80000DBF80000D4F8B8100843BF
:101C7000CBF80000206800280CDA03E045E081E0A2
:101C800053E057E0064808380168226D21F04051C2
:101C90001143016096B30120BDE8F88F0048025857
:101CA00054440258FFFCFF0F59E00021201D00F0B2
:101CB0007BFE05463BE70098022100F007FF054642
:101CC00035E7D9F80000D4F89C1020F460400843B0
:101CD000C9F800002DE750E00098022100F0F6FE60
:101CE00000283FF435AF012632E70098022100F0CA
:101CF000EDFE00283FF43BAF012638E74BE0002122
:101D0000201D00F051FE05463EE70098022100F03C
:101D1000DDFE054638E7D9F80000D4F8A01020F41D
:101D200040300843C9F8000030E7386840F400301C
:101D300038603AE70098012100F0C8FE054634E714
:101D4000DAF80000D4F8841020F440100843CAF8F0
:101D500000002EE7386840F40030386032E7022196
:101D6000201D00F021FE05462CE70C480168E26CBE
:101D700021F480311143016026E7386840F40030D7
:101D800038603DE7DAF80000E16F20F44070084366
:101D9000CAF8000036E700207EE700004C440258F5
:101DA0002DE9F05F04460D46002C17D0DFF838828D
:101DB000D8F8000000F00F00A84211D2D8F80000B7
:101DC00020F00F002843C8F80000D8F8000000F009
:101DD0000F00A84204D00120BDE8F09F0120FBE7DE
:101DE0002078824E40070AD52069316801F07001E1
:101DF000884204D9316821F07001014331602078B4
:101E00007B4F00070AD56069396801F0700188428C
:101E100004D9396821F07001014339602078C00687
:101E20000AD5A069396801F4E061884204D93968AB
:101E300021F4E061014339602078DFF8B891800631
:101E40000DD5E069D9F8001001F07001884206D97B
:101E5000D9F8001021F070010143C9F80010207872
:101E600080070AD5E068316801F00F01884204D983
:101E7000316821F00F01014331602078C00743D061
:101E80003068A16820F4706008433060574960688A
:101E90001839022808D003280BD001280ED0096871
:101EA000490710D4012097E7096889030BD4012062
:101EB00092E70968890106D401208DE70968C90500
:101EC00001D4012088E7DFF824A1AAF1080ADAF892
:101ED000001021F007010143CAF80010FFF716F8BF
:101EE000834609E0FFF712F8A0EB0B0141F28830BE
:101EF000814201D903206FE7DAF80000616800F041
:101F00003800B0EBC10FEDD1207880070AD5E0682A
:101F1000316801F00F01884204D2316821F00F01CD
:101F200001433160D8F8000000F00F00A8420ED93C
:101F3000D8F8000020F00F002843C8F80000D8F8B7
:101F4000000000F00F00A84201D0012044E72078F3
:101F500040070AD52069316801F07001884204D237
:101F6000316821F0700101433160207800070AD503
:101F70006069396801F07001884204D2396821F043
:101F80007001014339602078C0060AD5A06939681C
:101F900001F4E061884204D2396821F4E061014330
:101FA0003960207880060DD5E069D9F8001001F07D
:101FB0007001884206D2D9F8001021F07001014367
:101FC000C9F8001000F058F831680B4AC1F303213A
:101FD000515C01F01F01C8400849086008480068CA
:101FE000BDE8F05FFEF7A0BF002000521844025881
:101FF0001C440258204402580838010800000024FC
:102000000C00002410B5FFF755F806490968064A88
:1020100001F00F01515C01F01F01C8400349086045
:1020200010BD0000184402580838010804000024BC
:1020300010B5FFF7E7FF05490968054AC1F302112A
:10204000515C01F01F01C84010BD00001C44025843
:102050000838010810B5FFF7D5FF05490968054A9A
:10206000C1F30221515C01F01F01C84010BD000006
:102070001C4402580838010830B564480068654CB3
:1020800010F03801624808D0021108290DD010293B
:102090000DD018290DD0104630BD21688906FBD51A
:1020A0002168C1F3C101C84030BD104630BD5A4857
:1020B00030BD564918310A6802F003020968C1F3BD
:1020C0000511524B1C331B6803F001034F4D24359F
:1020D0002D68C5F3CC0515FB03F300EE103AB8EEFE
:1020E000400A002977D0DFED4D0A484BB7EE001AC1
:1020F00020333AB39FED4A2A012A58D0022A6CD0E5
:1021000001EE901A1868F8EE611AC2EE212AC0F3A7
:10211000080001EE900AF8EE611A40EE201A31EE46
:10212000810A22EE800A1868C0F34620401C00EEA7
:10213000900AF8EE600A80EE201ABCEEC10A10EE9A
:10214000100A30BD226892061BD52268C2F3C10274
:10215000D04001EE900A1868F8EE612A01EE901A5C
:10216000F8EE611A82EEA12AC0F3080001EE900A8F
:10217000F8EE611A40EE201A31EE810A22EE000AD2
:10218000D1E701EE901ADFED272A1868F8EE611A00
:1021900082EEA12AC0F3080001EE900AF8EE611A5F
:1021A00040EE201A31EE810A22EE000ABBE701EE72
:1021B000901A1868F8EE611AC2EE212AC0F30800DE
:1021C00001EE900AF8EE611A40EE201A31EE810A13
:1021D00022EE800AA7E716E0FFE701EE901ADFED96
:1021E000122A1868F8EE611A82EEA12AC0F30800DC
:1021F00001EE900AF8EE611A40EE201A31EE810AE3
:1022000022EE000A8FE7002030BD00001044025883
:102210000090D0030044025840787D01000000394E
:102220000024744A0024744C20BCBE4B2DE9F05F9E
:102230000446002C10D02078DFF8EC83FB4FFC4DD7
:10224000C0075DD0D8F8000000F0380039681028C9
:102250001FD0182803D006E00120BDE8F09F01F050
:102260000300022815D06068B0F5803F18D0E0B1B7
:10227000B0F5A02F22D0286820F48030286028688C
:1022800020F480202860606860B3FEF73FFE0646B9
:1022900024E02868800333D5606810BB0120DCE7A8
:1022A000286840F480302860EDE7286820F480300A
:1022B0002860286820F480202860E4E7286840F43B
:1022C00080202860286840F480302860DBE7FEF733
:1022D0001DFE801B642801D90320BEE72868800307
:1022E000F5D50DE0FEF712FE064606E0FEF70EFEFF
:1022F000801B642801D90320AFE728688003F5D448
:10230000207841F2030ACB4E800777D5D8F8000039
:1023100000F03800396870B1182801D188070AD058
:10232000E06880B3296821F0190101432960FEF7B4
:10233000EDFD814638E02868400701D5E06848B1E6
:102340002868E16820F0190008432860FEF7DEFDE8
:10235000814609E0012080E7FEF7D8FDA0EB0900E7
:10236000022801D9032078E728684007F4D5FEF752
:10237000C7FD504508D83068216920F47C3040EA18
:10238000013030603AE026E03068217C20F0FE40E9
:1023900040EA0160306031E0FEF7B8FDA0EB0900D3
:1023A000022801D9032058E728684007F4D5FEF732
:1023B000A7FD504507D83068216920F47C3040EAF9
:1023C000013030601AE03068217C20F0FE4040EAA5
:1023D0000160306012E0286820F001002860FEF7FC
:1023E00095FD814607E0FEF791FDA0EB090002286C
:1023F00001D9032031E728684007F4D42078C006CB
:1024000070D5D8F8000000F038003968DFF818B24D
:102410000828ABF1040B0FD0182803D101F00300FA
:10242000012809D0E06978B3286840F0800028606E
:10243000FEF76CFD814628E02868C00504D5E069F8
:10244000802801D0012008E7FEF75AFD504508D842
:10245000306894F8201020F0F84040EA8160306045
:1024600040E0DBF8000094F8201020F07C5040EAB7
:102470000160CBF8000035E0FEF748FDA0EB090055
:10248000022802D90320E8E61AE02868C005F3D53F
:10249000FEF736FD504508D8306894F8201020F03B
:1024A000F84040EA816030601CE0DBF8000094F8FE
:1024B000201020F07C5040EA0160CBF8000011E0D1
:1024C000286820F080002860FEF720FD064606E020
:1024D000FEF71CFD801B022801D90320BDE62868F9
:1024E000C005F5D4207800072AD5504E60694C36D7
:1024F00098B1306840F001003060FEF707FD81467A
:1025000007E0FEF703FDA0EB0900022801D9032034
:10251000A3E630688007F4D512E0306820F00100AF
:102520003060FEF7F3FC814607E0FEF7EFFCA0EB1E
:102530000900022801D903208FE630688007F4D40F
:102540002078800626D5A06990B1286840F4805094
:102550002860FEF7DBFC064606E0FEF7D7FC801B92
:10256000022801D9032078E628688004F5D511E017
:10257000286820F480502860FEF7C8FC064606E074
:10258000FEF7C4FC801B022801D9032065E62868F9
:102590008004F5D42078400778D5274E306840F481
:1025A00080703060FEF7B2FC814607E0FEF7AEFCBB
:1025B000A0EB0900642801D903204EE63068C0056D
:1025C000F4D5DFF86890A06809F14809012816D011
:1025D000E0B1052832D0D9F8000020F00100C9F898
:1025E0000000D9F8000020F00400C9F80000A0683D
:1025F00041F2883AB8B1FEF789FC064632E0D9F8D4
:10260000000040F00100C9F80000F0E7D9F8000030
:1026100020F00100C9F80000D9F8000020F0040003
:10262000C9F80000E3E722E01044025828440258A9
:10263000004402580444025800480258D9F80000E7
:1026400040F00400C9F80000D9F8000040F0010093
:10265000C9F80000CBE7FEF759FC801B504501D9B3
:102660000320FAE5D9F800008007F4D50EE0FEF764
:102670004DFC064606E0FEF749FC801B504501D99B
:102680000320EAE5D9F800008007F4D4606AE8B3D3
:10269000D8F80010C1F3C201032975D0022807D071
:1026A000286820F080702860FEF730FC04467EE049
:1026B000286820F080702860FEF728FC064606E0B7
:1026C000FEF724FC801B022801D90320C5E52868F9
:1026D0008001F5D4386840F2F3318843E16A40EA7A
:1026E0000110A16A08433860208E4FF6FF72616BBB
:1026F000401E491EC0F3080002EA41210843218F11
:102700004FF4FE02491E02EA014100E052E0084394
:1027100094F83C10491E120202EA0161084327495D
:102720000860081F016821F0010101602349091DAB
:102730000A684FF6F8739A43A36C42EAC3020A6030
:102740000168226C21F00C01114301600168626C88
:1027500021F0020111430160016841F48031016000
:10276000016841F400310160016841F48021016099
:10277000016841F001010160286840F08070286024
:10278000FEF7C4FB044607E016E0FEF7BFFB001BA4
:10279000022801D9032060E528688001F5D509E009
:1027A000FEF7B4FB001B022801D9032055E5286879
:1027B0008001F5D4002050E501204EE53044025858
:1027C00010B5401EB0F1807F01D3012010BD4FF045
:1027D000E02460610F21601701F036FF0020A06146
:1027E00007202061002010BD10B50446002C03D046
:1027F000D4F8800010B107E0012010BD002084F85B
:102800007C00204600F028F82420C4F880002068CE
:10281000016821F001010160204600F0FDFB012864
:1028200018D0A06A10B1204600F062FB2068416811
:1028300021F4904141602068816821F02A01816083
:102840002068016841F0010101602046BDE81040A8
:1028500000F0B2BB012010BD70472DE9F8430446DB
:102860000E4615461F46D4F88000202802D00220CC
:10287000BDE8F883D6B1CDB194F87C00012817D01B
:10288000012084F87C004FF00008C4F888802120E3
:10289000C4F88000FEF73AFB8146A4F85450A4F82F
:1028A0005650A068B0F5805F04D005E00120DFE756
:1028B0000220DDE7206910B13546002615E000252D
:1028C00013E000224B4680212046009701F044FE91
:1028D00008B10320CCE7B5B1216815F8010B886277
:1028E000B4F85600401EA4F85600B4F8560000286C
:1028F000E7D100224B4640212046009701F02CFEF4
:1029000040B10320B4E7216836F8020BC0F3080099
:102910008862E5E72020C4F8800084F87C800020ED
:10292000A6E7FEE77FB5FEF73DFB01258DF80050D9
:102930004FF01050019012208DF8080003268DF8FA
:102940000B6000248DF80F408DF80E508DF80D505F
:102950008DF801408DF80A408DF809408DF80C4043
:102960006846FEF7F3FA8DF800504FF06050019082
:102970000F208DF808008DF80B608DF80F408DF852
:102980000E508DF80D508DF801508DF80A408DF8DD
:1029900009408DF80C406846FEF7D8FA0420FEF78F
:1029A0000FFB7FBDFEE770472DE9F04704468846E0
:1029B0000027DFF81491D9F80000C043800709D040
:1029C000414D283D286820F080602860FEF79EFA7F
:1029D000064609E00120BDE8F087FEF797FA801B64
:1029E000022801D90320F6E728680001F5D4D9F8B8
:1029F0000000216820F47C3040EA0130C9F8000072
:102A0000A0884FF6FF72A168401E491EC0F308005F
:102A100002EA41210843A1894FF4FE02491E02EA5D
:102A200001410843217C1202491E02EA0161084368
:102A30002549103108602448001D0168626921F0B1
:102A4000C001114301600168A26921F02001114316
:102A50000160016821F0100101601B4914310A680E
:102A60004FF6F8739A43E36942EAC3020A600168C9
:102A700041F010010160B8F1000F0ED0B8F1010F64
:102A800010D0016841F400110160286840F08060B6
:102A90002860FEF73BFA044610E0016841F400218B
:102AA0000160F2E7016841F480110160EDE7FEF793
:102AB0002DFA001B022801D903208CE728680001A9
:102AC000F5D5384687E70000284402582DE9F0473D
:102AD000044688460027DFF81491D9F80000C04367
:102AE000800709D0414D283D286820F0805028609B
:102AF000FEF70CFA064609E00120BDE8F087FEF774
:102B000005FA801B022801D90320F6E72868800017
:102B1000F5D4D9F80000218820F07C7040EA0150FB
:102B2000C9F80000A0884FF6FF72A168401E491E38
:102B3000C0F3080002EA41210843A1894FF4FE02D4
:102B4000491E02EA01410843217C1202491E02EAA1
:102B5000016108432549183108602448001D0168B7
:102B6000626921F44061114301600168A26921F4A6
:102B7000007111430160016821F4807101601B49FB
:102B80001C310A684FF6F8739A43E36942EAC302BC
:102B90000A60016841F480710160B8F1000F0ED045
:102BA000B8F1010F10D0016841F080710160286810
:102BB00040F080502860FEF7A9F9044610E0016853
:102BC00041F480010160F2E7016841F40001016015
:102BD000EDE7FEF79BF9001B022801D903208CE7E3
:102BE00028688000F5D5384687E700002844025859
:102BF00070B51F4D6C6B4FF001001E4914F0330F80
:102C000009D00870801EA86301211A48BDE87040F1
:102C1000143004F09BBD14F0C00F0AD06A6912058D
:102C200005D5087001211348143004F08FFDC02031
:102C3000A863E0050ED54FF48070A8630020A86259
:102C40004FF40061E9622865E86001210948143009
:102C500004F07CFD60020AD54FF48000A863E86BA5
:102C600020F48000E863BDE870400FF053B970BDF8
:102C7000007000528C0200240FB4DDE901121143F0
:102C8000DDE903231A431143059A11434268034BBC
:102C90001A400A434260002004B07047002CC0FF75
:102CA000016821F00301016000207047016841F0D4
:102CB0000301016000207047C26A22F480620A4367
:102CC000C2620020704700002DE9F04786B031480D
:102CD000016841F480310160006800F480300090A8
:102CE0002C4C0C34206840F004002060206800F078
:102CF00004000090206840F008002060206800F088
:102D0000080000904FF4F8500190022502954FF012
:102D10000008CDF80C804FF00309CDF810904FF06B
:102D20000C0ACDF814A01C4E01A93046FDF7E8FFAF
:102D3000042701970295CDF80C80CDF81090CDF8BE
:102D400014A001A91548FDF7DBFF206840F004003E
:102D50002060206800F0040000900197012102919A
:102D60000391049501A93046FDF7CAFF00223046C1
:102D70000421FEF7BDF800214FF6FF7200BF491C89
:102D80009142FBDB012230460421FEF7B1F806B088
:102D9000BDE8F087D444025800080258000C0258DD
:102DA00010B510F0A1FB012803D0BDE810400FF0D2
:102DB000C7BF10BD30B59DB04C210AA8FDF744FB3C
:102DC000202102A8FDF740FB0220FEF74BF900246A
:102DD0001F48016841F44041016001681D490A68CB
:102DE00042F001020A60096801F0010101910168E5
:102DF0008904FCD501200A9000040B900220139056
:102E0000149005211591C021169117900421189155
:102E1000199008251A951B941C940AA8FFF706FA26
:102E200000B1FEE73F200290032003900494059533
:102E3000402006900790010108910990042102A802
:102E4000FEF7AEFF002800D0FEE71DB030BD000049
:102E5000184802582C0400582048016841F47001B9
:102E600001601F49086840F0010008601C4A00200A
:102E7000103210600A681B4B1A400A60184A183258
:102E80001060121D1060121D1060154A283210606B
:102E9000121D1060121D1060121D1060121D1060B6
:102EA000121D1060121D1060121D10600A6822F4BD
:102EB00080220A600A49603108600B4800686FF39D
:102EC0000F00B0F1005F02D20849012008604FF006
:102ED00000600249803908607047000088ED00E01A
:102EE000004402587FEDF6EA0010005C08810051B2
:102EF00090F82810C90706D001684A68C36A22F40E
:102F000000321A434A6090F82810890706D50168F4
:102F10004A68036B22F480321A434A6090F8281002
:102F2000490706D501684A68436B22F480221A4398
:102F30004A6090F82810090706D501684A68836B33
:102F400022F400421A434A6090F82810C90606D5B8
:102F500001688A68C36B22F480521A438A6090F831
:102F60002810890606D501688A68036C22F400528D
:102F70001A438A6090F82810490611D501684A68FA
:102F8000436C22F480121A434A60416CB1F5801FF1
:102F900006D101684A68836C22F4C0021A434A6071
:102FA00090F82810090606D501684A68C06C22F41A
:102FB000002202434A607047F8B504460026C4F870
:102FC0008860FDF7A3FF0746206800686FF07E4524
:102FD00000070AD500223B464FF400112046009519
:102FE00001F0BAFA08B10320F8BD20680068400774
:102FF0000AD500223B464FF480012046009501F09F
:10300000ABFA08B10320F8BD20207C346060A060DA
:1030100026700020F8BD00002DE9F04F87B004466F
:103020004FF0000800250020F74B21682669A268B0
:10303000E769324366693E433243666E16430A6867
:10304000F24F3A4032430A6021684A68E66822F447
:10305000405232434A60A16922689A4201D0266AEE
:1030600031439668EA4F3E400E4396602168CA6A33
:10307000666A22F00F023243CA62E64E2168E64ACF
:10308000B14224D1126802F03802182A16D005DCA9
:103090005AB1082A0CD0102A04D10CE0202A10D0F2
:1030A000282A11D04FF0800B2AE14FF0010B27E1C5
:1030B0004FF0040B24E14FF0080B21E14FF0100B0F
:1030C0001EE14FF0200B1BE14FF0400B18E1D34EF7
:1030D000B1421ED1126802F00702062A16D2DFE8BA
:1030E00002F00306090C0F124FF0000B08E14FF03D
:1030F000040B05E14FF0080B02E14FF0100BFFE06D
:103100004FF0200BFCE04FF0400BF9E04FF0800B4C
:10311000F6E0C34EB1421ED1126802F00702062A41
:1031200016D2DFE802F00306090C0F124FF0000B75
:10313000E6E04FF0040BE3E04FF0080BE0E04FF067
:10314000100BDDE04FF0200BDAE04FF0400BD7E042
:103150004FF0800BD4E0B34EB1421ED1126802F0A2
:103160000702062A16D2DFE802F00306090C0F1246
:103170004FF0000BC4E04FF0040BC1E04FF0080B20
:10318000BEE04FF0100BBBE04FF0200BB8E04FF06B
:10319000400BB5E04FF0800BB2E0A34EB1421ED120
:1031A000126802F00702062A16D2DFE802F00306D0
:1031B000090C0F124FF0000BA2E04FF0040B9FE040
:1031C0004FF0080B9CE04FF0100B99E04FF0200BF4
:1031D00096E04FF0400B93E04FF0800B90E0934E61
:1031E000B14224D1126802F03802182A16D005DC48
:1031F0005AB1082A0CD0102A04D10CE0202A10D091
:10320000282A11D04FF0800B7AE04FF0010B77E0C5
:103210004FF0040B74E04FF0080B71E04FF0100B0F
:103220006EE04FF0200B6BE04FF0400B68E0804EFB
:10323000B1421ED1126802F00702062A16D2DFE858
:1032400002F00306090C0F124FF0000B58E04FF08C
:10325000040B55E04FF0080B52E04FF0100B4FE01D
:103260004FF0200B4CE04FF0400B49E04FF0800B4B
:1032700046E0704EB1421ED1126802F00702062AE3
:1032800016D2DFE802F00306090C0F124FF0000B14
:1032900036E04FF0040B33E04FF0080B30E04FF016
:1032A000100B2DE04FF0200B2AE04FF0400B27E0F1
:1032B0004FF0800B24E0994220D1574A121D12682A
:1032C00002F00702062A16D2DFE802F00306090C14
:1032D0000F124FF0020B13E04FF0040B10E04FF011
:1032E000080B0DE04FF0100B0AE04FF0200B07E049
:1032F0004FF0400B04E04FF0800B01E04FF0800BEB
:10330000DFF834A1002799424FF4807977D1BBF1DF
:10331000100F75D009DCBBF1020F19D0BBF1040FFF
:103320004DD0BBF1080F06D1A1E0BBF1200F68D052
:10333000BBF1400F66D00125002808D0666806EB77
:103340004601814202D8B0EB063F77D90125EEE372
:10335000FDF7C6FE0146606AC8B1012819D00228EF
:1033600019D0032819D0042819D0052819D0062807
:1033700019D0072819D0082819D0092819D00A28E7
:1033800019D00B2819D00120B1FBF0F0D4E70120AF
:10339000FAE70220F8E70420F6E70620F4E7082021
:1033A000F2E70A20F0E70C20EEE71020ECE72020FF
:1033B000EAE74020E8E78020E6E74846E4E704A89B
:1033C000FDF7A0FE0599606AE8B1012839D002280E
:1033D00039D0032839D0042839D0052839D0062817
:1033E00039D0072839D0082839D0092839D00A28F7
:1033F00039D00B2839D00120B1FBF0F09CE7AEE3C7
:103400006DE0DDE011E11AE0000C0058F369FFCF38
:10341000FFF4FF11001001405444025800440040E2
:1034200000480040004C00400050004000140140A3
:1034300000780040007C00400090D0032BE1012088
:10344000DAE70220D8E70420D6E70620D4E70820F0
:10345000D2E70A20D0E70C20CEE71020CCE72020CE
:10346000CAE74020C8E78020C6E74846C4E701A86D
:10347000FDF728FF0299606AC8B1012819D0022817
:1034800019D0032819D0042819D0052819D00628E6
:1034900019D0072819D0082819D0092819D00A28C6
:1034A00019D00B2819D00120B1FBF0F044E701201E
:1034B000FAE70220F8E70420F6E70620F4E7082000
:1034C000F2E70A20F0E70C20EEE71020ECE72020DE
:1034D000EAE74020E8E78020E6E74846E4E7F748E7
:1034E0000168890638D50068C0F3C1002AFA00F1E6
:1034F000606AC8B1012819D0022819D0032819D050
:10350000042819D0052819D0062819D0072819D061
:10351000082819D0092819D00A2819D00B2819D041
:103520000120B1FBF0F007E70120FAE70220F8E7FD
:103530000420F6E70620F4E70820F2E70A20F0E787
:103540000C20EEE71020ECE72020EAE74020E8E737
:103550008020E6E74846E4E7606AC8B1012819D050
:10356000022819D0032819D0042819D0052819D009
:10357000062819D0072819D0082819D0092819D0E9
:103580000A2819D00B2819D00120BAFBF0F0D3E695
:103590000120FAE70220F8E70420F6E70620F4E726
:1035A0000820F2E70A20F0E70C20EEE71020ECE715
:1035B0002020EAE74020E8E78020E6E74846E4E705
:1035C000606AD0B101281AD002281AD003281AD074
:1035D00004281AD005281AD006281AD007281AD08D
:1035E00008281AD009281AD00A281AD00B281AD06D
:1035F0000120B349B1FBF0F09EE60120F9E702207B
:10360000F7E70420F5E70620F3E70820F1E70A20B2
:10361000EFE70C20EDE71020EBE72020E9E7402062
:10362000E7E78020E5E74846E3E7606AD8B101288C
:103630001BD002281BD003281BD004281BD0052830
:103640001BD006281BD007281BD008281BD0092810
:103650001BD00A281BD00B281BD001204FF400419F
:10366000B1FBF0F068E60120F8E70220F6E704205D
:10367000F4E70620F2E70820F0E70A20EEE70C2046
:10368000ECE71020EAE72020E8E74020E6E780208A
:10369000E4E74846E2E7BBF1100F7DD009DCBBF15F
:1036A000020F16D0BBF1040F64D0BBF1080F06D196
:1036B000B8E0BBF1200F70D0BBF1400F6ED00125F8
:1036C0008049A8F54070884269D82068C0F80C800D
:1036D0002DE2FDF705FD0146606A50B301282BD0AD
:1036E00002282CD003282DD004282ED005282FD036
:1036F000062830D0072831D0082832D0092833D006
:103700000A2834D00B2801D04FF0010908460023C5
:103710004A461946FCF740FE62680902030241EA84
:1037200010615008181879410023FCF735FE8046D7
:10373000C6E74FF00109E9E74FF00209E6E74FF06D
:103740000409E3E74FF00609E0E74FF00809DDE779
:103750004FF00A09DAE74FF00C09D7E74FF01009EC
:10376000D4E74FF02009D1E74FF04009CEE74FF002
:103770008009CBE704A8FDF7C5FC0599606A78B31A
:10378000012831D0022832D0032833D0042834D085
:10379000052835D0062803E09CE040E18DE1DCE11E
:1037A00031D0072832D0082833D0092834D00A284D
:1037B00035D00B2801D04FF00109084600234A46B6
:1037C0001946FCF7E9FD62680902030241EA10614B
:1037D0005008181879410023FCF7DEFD80466FE79A
:1037E000FFE74FF00109E8E74FF00209E5E74FF086
:1037F0000409E2E74FF00609DFE74FF00809DCE7CC
:103800004FF00A09D9E74FF00C09D6E74FF010093D
:10381000D3E74FF02009D0E74FF04009CDE74FF054
:103820008009CAE701A8FDF74DFD0299606A50B30F
:1038300001282BD002282CD003282DD004282ED0EC
:1038400005282FD0062830D0072831D0082832D0BC
:10385000092839D00A283AD00B2801D04FF00109A5
:10386000084600234A461946FCF796FD626809029D
:10387000030241EA10615008181879410023FCF74F
:103880008BFD80461CE74FF00109E9E74FF0020984
:10389000E6E74FF00409E3E74FF00609E0E74FF0F1
:1038A0000809DDE74FF00A09DAE74FF00C09D7E71E
:1038B0004FF01009D4E74FF02009D1E70044025837
:1038C00000093D00FFFC0F004FF04009C8E74FF032
:1038D0008009C5E7F7480168890652D50068C0F33A
:1038E000C1002AFA00FA606A50B301282BD00228DE
:1038F0002CD003282DD004282ED005282FD0062820
:1039000030D0072831D0082832D0092833D00A28EF
:1039100034D00B2801D04FF00109504600234A460D
:103920001946FCF739FD0902020241EA10617008EC
:103930001018324679410023FCF72EFD8046BFE681
:103940004FF00109E9E74FF00209E6E74FF00409FB
:10395000E3E74FF00609E0E74FF00809DDE74FF035
:103960000A09DAE74FF00C09D7E74FF01009D4E75E
:103970004FF02009D1E74FF04009CEE74FF0800922
:10398000CBE7606A50B301282BD002282CD0032843
:103990002DD004282ED005282FD0062830D0072877
:1039A00031D0082832D0092833D00A2834D00B2847
:1039B00001D04FF00109504600234A461946FCF752
:1039C000EBFC0902020241EA10617008101832464D
:1039D00079410023FCF7E0FC804671E64FF00109D5
:1039E000E9E74FF00209E6E74FF00409E3E74FF09B
:1039F0000609E0E74FF00809DDE74FF00A09DAE7CA
:103A00004FF00C09D7E74FF01009D4E74FF0200929
:103A1000D1E74FF04009CEE74FF08009CBE7606A6D
:103A200050B301282BD002282CD003282DD00428F5
:103A30002ED005282FD0062830D0072831D00828CE
:103A400032D0092833D00A2834D00B2801D04FF0C7
:103A50000109994800234A461946FCF79DFC0902D2
:103A6000020241EA106170081018324679410023C1
:103A7000FCF792FC804623E64FF00109E9E74FF09E
:103A80000209E6E74FF00409E3E74FF00609E0E733
:103A90004FF00809DDE74FF00A09DAE74FF00C09AB
:103AA000D7E74FF01009D4E74FF02009D1E74FF0E6
:103AB0004009CEE74FF08009CBE7606A58B3012890
:103AC0002CD002282DD003282ED0042830D0052851
:103AD00031D0062832D0072833D0082834D009281E
:103AE00035D00A2836D00B2801D04FF00109002329
:103AF0004A464FF400401946FCF74EFC0902020208
:103B000041EA106170081018324679410023FCF731
:103B100043FC8046D4E54FF00109E8E74FF0020985
:103B2000E5E74FF00409E2E74FF00609DFE797E227
:103B30004FF00809DBE74FF00A09D8E74FF00C090E
:103B4000D5E74FF01009D2E74FF02009CFE74FF04B
:103B50004009CCE74FF08009C9E7012580E2E06920
:103B60004FF400414FF6EF7688426ED1BBF1080F5B
:103B70006CD009DCBBF1000F1ED0BBF1010F66D089
:103B8000BBF1040F09D1B4E0BBF1100F7DD0BBF144
:103B9000200F7BD0BBF1400F79D00125A8F1100098
:103BA000B04275D84FF6F07108EA0100C8F342013F
:103BB00008432168C86053E2FEF73AFA0146606A9A
:103BC00010B3012823D0022824D0032825D00428AC
:103BD00026D0052827D0062828D0072829D008284D
:103BE0002AD009282BD00A282CD00B2801D04FF03E
:103BF0000109B1FBF9F04100606801EB5001B1FB34
:103C0000F0F01FFA80F8C9E74FF00109F1E74FF033
:103C10000209EEE74FF00409EBE74FF00609E8E789
:103C20004FF00809E5E74FF00A09E2E74FF00C0909
:103C3000DFE74FF01009DCE74FF02009D9E74FF03C
:103C40004009D6E74FF08009D3E70AE29BE0FEF790
:103C500001FA0146606A38B3012828D002282DD025
:103C600003282ED004282FD0052830D0062831D0A4
:103C7000072832D0082833D0092834D00A2835D074
:103C80000B2801D04FF0010903E0C6E05AE1A0E1A2
:103C9000E5E1B1FBF9F04100606801EB5001B1FBD7
:103CA000F0F01FFA80F879E74FF00109ECE74FF0E8
:103CB0000209E9E70044025800093D004FF00409F9
:103CC000E2E74FF00609DFE74FF00809DCE74FF0C5
:103CD0000A09D9E74FF00C09D6E74FF01009D3E7EE
:103CE0004FF02009D0E74FF04009CDE74FF08009B1
:103CF000CAE704A8FDF706FA0599606A10B301281F
:103D000023D0022824D0032825D0042826D0052833
:103D100027D0062828D0072829D008282AD0092803
:103D20002BD00A282CD00B2801D04FF00109B1FB71
:103D3000F9F04100606801EB5001B1FBF0F01FFAAF
:103D400080F82BE74FF00109F1E74FF00209EEE7A9
:103D50004FF00409EBE74FF00609E8E74FF00809D8
:103D6000E5E74FF00A09E2E74FF00C09DFE74FF013
:103D70001009DCE74FF02009D9E74FF04009D6E7FA
:103D80004FF08009D3E701A8FDF79CFA0299606A19
:103D900010B3012823D0022824D0032825D00428DA
:103DA00026D0052827D0062828D0072829D008287B
:103DB0002AD009282BD00A282CD00B2801D04FF06C
:103DC0000109B1FBF9F04100606801EB5001B1FB62
:103DD000F0F01FFA80F8E1E64FF00109F1E74FF04B
:103DE0000209EEE74FF00409EBE74FF00609E8E7B8
:103DF0004FF00809E5E74FF00A09E2E74FF00C0938
:103E0000DFE74FF01009DCE74FF02009D9E74FF06A
:103E10004009D6E74FF08009D3E7FE4801688906DC
:103E20004AD50068C0F3C1002AFA00FA606A10B3EC
:103E3000012823D0022824D0032825D0042826D006
:103E4000052827D0062828D0072829D008282AD0D6
:103E500009282BD00A282CD00B2801D04FF00109BB
:103E6000BAFBF9F04100606801EB5001B1FBF0F0E2
:103E70001FFA80F892E64FF00109F1E74FF00209CE
:103E8000EEE74FF00409EBE74FF00609E8E74FF0E3
:103E90000809E5E74FF00A09E2E74FF00C09DFE710
:103EA0004FF01009DCE74FF02009D9E74FF0400947
:103EB000D6E74FF08009D3E7606A10B3012823D01A
:103EC000022824D0032825D0042826D0052827D06E
:103ED000062828D0072829D008282AD009282BD03E
:103EE0000A282CD00B2801D04FF00109BAFBF9F0B9
:103EF0004100606801EB5001B1FBF0F01FFA80F85F
:103F00004CE64FF00109F1E74FF00209EEE74FF000
:103F10000409EBE74FF00609E8E74FF00809E5E789
:103F20004FF00A09E2E74FF00C09DFE74FF0100904
:103F3000DCE74FF02009D9E74FF04009D6E74FF012
:103F40008009D3E7606A18B3012824D0022825D05D
:103F5000032826D0042827D0052828D0062829D0D1
:103F600007282AD008282BD009282CD00A282DD0A1
:103F70000B2801D04FF00109A748B0FBF9F0410030
:103F8000606801EB5001B1FBF0F01FFA80F805E624
:103F90004FF00109F0E74FF00209EDE74FF0040997
:103FA000EAE74FF00609E7E74FF00809E4E74FF0CA
:103FB0000A09E1E74FF00C09DEE74FF01009DBE7F3
:103FC0004FF02009D8E74FF04009D5E74FF08009BE
:103FD000D2E7606A10B3012823D0022824D0032836
:103FE00025D0042826D0052827D0062828D0072841
:103FF00029D008282AD009282BD00A282CD00B2811
:1040000001D04FF00109B1FBF9F04100606801EB0C
:104010005001B1FBF0F01FFA80F8BFE54FF0010945
:10402000F1E74FF00209EEE74FF00409EBE74FF03C
:104030000609E8E74FF00809E5E74FF00A09E2E76B
:104040004FF00C09DFE74FF01009DCE74FF02009D3
:10405000D9E74FF04009D6E74FF08009D3E70125B3
:104060006CE2BBF1080F7DD009DCBBF1000F18D06A
:10407000BBF1010F5DD0BBF1040F09D1A7E0BBF18B
:10408000100F70D0BBF1200F6ED0BBF1400F6CD081
:104090000125A8F11000B04268D82068C0F80C8053
:1040A0004CE2FDF7C5FF0146606A08B3012822D043
:1040B000022823D0032824D0042825D0052826D080
:1040C000062827D0072828D0082829D009282AD050
:1040D0000A282BD00B2801D04FF001096068B1FBF2
:1040E000F9F101EB5001B1FBF0F01FFA80F8D0E7D5
:1040F0004FF00109F2E74FF00209EFE74FF0040932
:10410000ECE74FF00609E9E74FF00809E6E74FF062
:104110000A09E3E74FF00C09E0E74FF01009DDE78B
:104120004FF02009DAE74FF04009D7E74FF0800958
:10413000D4E7FDF78FFF0146606A38B3012828D025
:10414000022829D003282AD004282BD005282CD0D7
:1041500006282DD007282ED008282FD0092830D0A7
:104160000A2804E082E0CAE05CE1A1E1E5E12BD0AD
:104170000B2801D04FF001096068B1FBF9F101EBA8
:104180005001B1FBF0F01FFA80F882E74FF001090F
:10419000F2E74FF00209EFE74FF00409ECE74FF0C8
:1041A0000609E9E74FF00809E6E74FF00A09E3E7F7
:1041B0004FF00C09E0E74FF01009DDE74FF0200960
:1041C000DAE74FF04009D7E74FF08009D4E704A8B9
:1041D000FCF798FF0599606AD8B1012828D0022819
:1041E00029D003282AD004282BD005282CD0062833
:1041F0002DD007282ED008282FD0092830D00A2803
:1042000031D00B2801D04FF001096068B1FBF9F102
:1042100004E00AE00044025800093D0001EB5001AF
:10422000B1FBF0F01FFA80F833E74FF00109ECE73B
:104230004FF00209E9E74FF00409E6E74FF00609FD
:10424000E3E74FF00809E0E74FF00A09DDE74FF038
:104250000C09DAE74FF01009D7E74FF02009D4E74F
:104260004FF04009D1E74FF08009CEE701A8FDF7F4
:1042700029F80299606A08B3012822D0022823D0C5
:10428000032824D0042825D0052826D0062827D0A6
:10429000072828D0082829D009282AD00A282BD076
:1042A0000B2801D04FF001096068B1FBF9F101EB77
:1042B0005001B1FBF0F01FFA80F8EAE64FF0010977
:1042C000F2E74FF00209EFE74FF00409ECE74FF097
:1042D0000609E9E74FF00809E6E74FF00A09E3E7C6
:1042E0004FF00C09E0E74FF01009DDE74FF020092F
:1042F000DAE74FF04009D7E74FF08009D4E7944858
:104300000168890649D50068C0F3C1002AFA00FA9D
:10431000606A08B3012822D0022823D0032824D0C1
:10432000042825D0052826D0062827D0072828D0FD
:10433000082829D009282AD00A282BD00B2801D0F8
:104340004FF001096068BAFBF9F101EB5001B1FBD4
:10435000F0F01FFA80F89CE64FF00109F2E74FF009
:104360000209EFE74FF00409ECE74FF00609E9E72F
:104370004FF00809E6E74FF00A09E3E74FF00C09B0
:10438000E0E74FF01009DDE74FF02009DAE74FF0E2
:104390004009D7E74FF08009D4E7606A08B30128E5
:1043A00022D0022823D0032824D0042825D0052891
:1043B00026D0062827D0072828D0082829D0092861
:1043C0002AD00A282BD00B2801D04FF001096068B1
:1043D000BAFBF9F101EB5001B1FBF0F01FFA80F8E4
:1043E00057E64FF00109F2E74FF00209EFE74FF00F
:1043F0000409ECE74FF00609E9E74FF00809E6E7A2
:104400004FF00A09E3E74FF00C09E0E74FF010091D
:10441000DDE74FF02009DAE74FF04009D7E74FF02A
:104420008009D4E7606A10B3012823D0022824D081
:10443000032825D0042826D0052827D0062828D0F0
:10444000072829D008282AD009282BD00A282CD0C0
:104450000B2801D04FF001093E48B0FBF9F160682C
:1044600001EB5001B1FBF0F01FFA80F811E64FF0BC
:104470000109F1E74FF00209EEE74FF00409EBE71D
:104480004FF00609E8E74FF00809E5E74FF00A09A1
:10449000E2E74FF00C09DFE74FF01009DCE74FF0DF
:1044A0002009D9E74FF04009D6E74FF08009D3E75C
:1044B000606A08B3012822D0022823D0032824D020
:1044C000042825D0052826D0062827D0072828D05C
:1044D000082829D009282AD00A282BD00B2801D057
:1044E0004FF001096068B1FBF9F101EB5001B1FB3C
:1044F000F0F01FFA80F8CCE54FF00109F2E74FF039
:104500000209EFE74FF00409ECE74FF00609E9E78D
:104510004FF00809E6E74FF00A09E3E74FF00C090E
:10452000E0E74FF01009DDE74FF02009DAE74FF040
:104530004009D7E74FF08009D4E70125012068340E
:10454000608020806760A76007B02846BDE8F08FD4
:104550000044025800093D002DE9F04704460E468C
:1045600017469846089D4FF0000A4FF020093BE09F
:10457000681C39D0FCF7CAFCA0EB0800A84221D87F
:1045800005B32068016849072ED5C069C0430005FE
:104590002AD421684FF4006008622068016821F481
:1045A000D07101602068816821F001018160C4F848
:1045B0008090C4F88490C4F8889084F87CA003208C
:1045C000BDE8F0872068016821F4D071016020689F
:1045D000816821F001018160C4F88090C4F8849062
:1045E00084F87CA00320EBE72068C06936EA00006D
:1045F00004D00020B842BBD00020E1E70120F9E759
:10460000FEE7000070B5054600244FF47A760548B1
:10461000291933460122FEF720F9641C285D002881
:10462000F5D170BDB00200240FB4054B10B503A93D
:10463000044A029800F00AF910BC5DF814FB00006F
:1046400049700008180000240907090E002804DB3F
:1046500000F1E02080F80014704700F00F0000F136
:10466000E02080F8141D70470907090E002804DBBC
:1046700000F1E02080F80014704700F00F0000F116
:10468000E02080F8141D70470907090E002804DB9C
:1046900000F1E02080F80014704700F00F0000F1F6
:1046A000E02080F8141D704702E008C8121F08C1FE
:1046B000002AFAD170477047002001E001C1121FA3
:1046C000002AFBD1704700002DE9FF5F82B0002176
:1046D000DDE90430020DDDF840B0034318D044F6A4
:1046E0001050A2F2FF3242431514119801281FD036
:1046F000A5EB0B00401C5FEA000A4FF000064E4F8E
:10470000DFF83891B046504615D5CAF1000413E0E1
:10471000119801244AA3012801D16FEA0B010298E4
:10472000119AC0E90031C0E9024206B0BDE8F09F2D
:10473000CBF10000DFE704460021404A491842EB74
:104740000450CDE9001012E0E00707D032463B46A6
:1047500040464946FBF773FF8046894632463B4652
:1047600010461946FBF76BFF06460F466410002CF7
:10477000EAD1DDE90401DDE90023BAF1000F06DA30
:10478000FBF75DFF42464B46FBF759FF05E0FBF7A1
:10479000C8FF42464B46FBF7C4FF04460E460022C4
:1047A000284BFCF745F803D84FF0FF30014607E0EF
:1047B0000022254B20463146FBF79AFEFCF720F8F5
:1047C000102409E0002C0ADB0A220023FBF7E4FD99
:1047D000039B30321A55641E50EA0102F2D1641C68
:1047E000039AC4F111031444119A012A03D001223F
:1047F00008430DD10AE0084304D000204FF0110B0C
:10480000119072E7A3EB0B056D1E0DE05B4504DD17
:104810004FF0000205F1010504E003DA4FF0000259
:10482000A5F10105002AECD002981199C0E90231E6
:10483000C0E9004579E70000000014400000F03FA7
:10484000300000000000F0430000E03F2DE9FF4F82
:1048500095B09A46884606460025EEE1252877D190
:1048600000242746F94A0121039400E0044316F886
:10487000013F203B01FA03F01042F7D130782A289B
:1048800011D06FF02F033078A0F13002092A16D82A
:10489000039A44F0020402EB820203EB420210444A
:1048A000761C0390EFE758F8042B0392002A03DAF2
:1048B000504244F40054039044F00204761C3078D3
:1048C0002E2816D116F8010F44F004042A280DD022
:1048D0006FF02F023078A0F13003092B09D807EBD5
:1048E000870302EB4303C718761CF3E758F8047BF1
:1048F000761C30786C280FD006DC4C2817D068283E
:104900000DD06A2814D104E0742810D07A280FD171
:104910000DE044F400140AE044F4801401E044F48F
:1049200040147278824202D104F58014761C761C01
:10493000307866280BD013DC582877D009DC0028A3
:1049400075D04528F6D04628F4D047281AD193E1EF
:1049500018E0632835D0642879D0652812D18BE11E
:10496000702873D008DC6728F1D069286FD06E28D2
:104970000DD06F2806D1ACE073282CD0752874D0E8
:10498000782853D05246179990476D1C54E1C4F3D0
:104990000250022809D003280DD0D8F800100428AE
:1049A0000DD00D6008F1040846E1D8F80010EA17B0
:1049B000C1E90052F6E7D8F800100D80F2E70D705B
:1049C000F0E718F8041B8DF8001000208DF80100A6
:1049D000EB46012003E058F804BB4FF0FF306107BD
:1049E0004FF0000102D40DE009F101018946B942FE
:1049F0000FDA8145F8DB1BF809100029F4D108E033
:104A000009F1010189468142FADB1BF809100029EE
:104A1000F6D103985346A0EB090721463846179A6A
:104A200000F080FA284400EB090507E044E008E1C3
:104A30000DE01BF8010B524617999047B9F1010997
:104A4000F7D2534621463846179AF2E039E00A2158
:104A5000C4F302524FF0000B0091022A06D058F81E
:104A6000040BC117032A09D00AE023E008F107006C
:104A700020F00702F2E80201904605E000B2C117FB
:104A8000042A01D140B2C117002906DA0A460021E2
:104A9000404261EB02012D2202E0220504D52B22C7
:104AA0008DF80420012203E0E20701D02022F7E77D
:104AB000914657E00A2100E010214FF0000B0091D1
:104AC0000BE010214FF0000B44F004040827009184
:104AD00003E008204FF0000B0090C4F30252022ABA
:104AE00005D058F8040B0021032A08D008E008F18B
:104AF000070020F00702F2E80201904603E080B2CE
:104B0000042A00D1C0B24FF0000922072AD532781A
:104B1000702A07D0DDF800C08CF0100C5CEA0B0C9A
:104B200005D00EE040228DF80420012208E050EA72
:104B3000010306D030238DF804308DF805200222C1
:104B40009146009B83F0080353EA0B030AD150EA15
:104B5000010201D1620705D530228DF804204FF003
:104B600001097F1E3278582A04D039A20C920CAA6F
:104B700002920BE03BA2F9E75B46009AFBF70CFCC4
:104B80000C9B9B5C029A521E0292137050EA010227
:104B9000F2D1029804A9081A00F1200B600702D58F
:104BA00024F4803400E001275F4502DDA7EB0B0011
:104BB00000E0002000EB0B01009003984944401AEC
:104BC0000390E00306D453462146179A039800F059
:104BD000A9F90544002706E001A85246C05D1799CF
:104BE00090476D1C7F1C4F45F6DBE0030CD5534608
:104BF0002146179A039800F095F9054404E0302007
:104C00005246179990476D1C0099481E0090002944
:104C1000F5DC08E00298029952460078491C02919E
:104C2000179990476D1CBBF10001ABF1010BF1DC52
:104C30005BE100F065F90544761C307800287FF4CC
:104C40000DAE19B02846BDE8F08F0000092801001C
:104C500030313233343536373839616263646566F2
:104C600000000000303132333435363738394142B4
:104C70004344454600000000600700D4062708F1C1
:104C8000070020F00700F0E80223804603F0004C04
:104C90005FEA0C0001D097A009E0200501D596A09D
:104CA00005E0E00701D095A001E0AFF24C001390C1
:104CB000307823F0004365280CD006DC452809D065
:104CC00046281DD047287FD13BE0662818D06728AA
:104CD0007AD136E00021112F01DB112000E0781C91
:104CE000CDE9000104A90CA8FFF7EEFCDDE90D01F8
:104CF0000C9A4FF0000B07F10109109200914EE061
:104D00004FF000400097CDE9011004A90CA8FFF76F
:104D1000DBFCDDE90D020C9B0F994FF0000B914677
:104D20001093009211B9791C00EB0109B7EB09004F
:104D300003D4C0F1FF3B07F10109A9EB0700019083
:104D400042E0012F00DA01270021112F01DD11209F
:104D500000E03846CDE9000104A90CA8FFF7B4FC37
:104D6000DDE90D010C9A00914FF0000BB94610924D
:104D700021070FD4009A4A4503DA914601E0A9F1D0
:104D80000109B9F1010F05DD109AA9F10101515C8A
:104D90003029F4D0B84202DA10F1040F03DA01210D
:104DA000CDE9011010E0002803DC8344A9EB0001E9
:104DB00002E0411C494500DD8946A0EB0B00401C88
:104DC00001904FF000400290200705D4019848451B
:104DD00002DB4FF0FF30019000208DF84B0002986D
:104DE0000DF14B07B0F1004F25D002200C902B2085
:104DF0000D90029800280CDA404202902D200D9070
:104E000007E00A210298FBF73EFB3031029007F8D9
:104E1000011D0C99481E0C900029F2DC0298002814
:104E2000EFD1791E0D980870307800F0200040F026
:104E3000450007F8020D11A8C01BC01D0290139871
:104E4000007800B1012000EB0901019801EBE0714D
:104E5000029801440398401A401E0390E00306D4D0
:104E600053462146179A039800F05CF805441398BE
:104E7000007818B15246179990476D1CE00323D56E
:104E800053462146179A039800F04CF805441BE05E
:104E9000BBF1000F07DB0098584504DD1098179907
:104EA00010F80B0001E01799302052469047019806
:104EB0000BF1010B401E05F10105019004D12E20DC
:104EC0005246179990476D1CB9F10001A9F10109EB
:104ED000DEDC05E017F8010B5246179990476D1C70
:104EE0000299481E02900029F4DC53462146179A85
:104EF00003989EE62D0000002B000000200000001B
:104F00002DE9F041044600251E461746880404D4C6
:104F100005E039462020B0476D1C641EF9D52846AF
:104F2000BDE8F0812DE9F041044600251E4690467B
:104F3000C80301D5302700E02027880404D505E008
:104F400041463846B0476D1C641EF9D52846BDE879
:104F5000F08100002DE9F04106460F460024DFF8FD
:104F6000648007F03FFA04EB840558F8251019B95E
:104F700008EB8501497C41B107F063FA641C122CEF
:104F8000EFDB4FF0FF30BDE8F08104EB840148F81F
:104F9000216007F056FA08EB85000022426002818A
:104FA000428101233178B3EB111F04D10FB10121EC
:104FB00002E0002100E001218181C28102742046CB
:104FC000E1E70000B408012410B508A0FFF72CFBAE
:104FD0000DA0FFF729FB40F2DC500AF089FEFBF739
:104FE00011FDBDE8104000F035B900005B626F6F45
:104FF000745D206170705F6D61696E20656E7465AF
:105000007265640D0A0000005B626F6F745D20774B
:10501000616974696E6720313530306D7320666F59
:10502000722041503631383120636F6C64207374C4
:105030006172740D0A0000008AB057484FF49271F3
:10504000FBF702FA54480126068141F27C58F7200A
:105050001F23CDE90008A822C02150A0FFF7E4FAE1
:1050600059480290002505AF4FF47A7900220121BA
:10507000022005F02BF90446200006D553A0FFF7C7
:10508000D3FA48460AF034FEF0E7069507950895EE
:10509000099502208DF81900404604F0BDF8ADF8DE
:1050A0001A00029807904FA0FFF7BEFA1022204680
:1050B00006A904F065F848B151A0FFF7B5FA2046FB
:1050C00004F030F848460AF013FECFE751A0FFF78E
:1050D000ABFA03F059FF204603F09EFF30B12046A3
:1050E00004F020F848460AF003FEBFE7FBF70EFF86
:1050F0008246204603F0B2FF30B1204604F012F899
:1051000048460AF0F5FDB1E7FBF700FF14225146CF
:1051100003F048FE30B1FBF7F9FE8246204603F06B
:105120009DFF68BB0595122C0AD2E01704F0070218
:1051300004EB5070C01006FA02F2395C1143395486
:10514000039544F620600490002303A81A4605A99D
:105150000090601C04F00EFE002812DD122CD3D249
:10516000E01704F0070104EB5070C01006FA01F1DB
:10517000385C0842C8D0204603F0E0FE0028C3D0C7
:1051800000E0C1DA29A0FFF74FFA204603F0CAFF7A
:1051900048460AF0ADFD69E7840300244C454432DB
:1051A000204150363138312062726964676520745D
:1051B00061726765742025642E25642E25642E2572
:1051C000643A25640D0A0000C0A81FF7736F636B73
:1051D000657420637265617465206661696C6564DD
:1051E0000D0A0000636F6E6E656374696E672074EC
:1051F0006F207365727665722E2E2E0D0A000000E8
:10520000636F6E6E656374206661696C65640D0A18
:1052100000000000636F6E6E656374656420746FD8
:10522000207365727665720D0A00000073657276F0
:10523000657220646973636F6E6E65637465642C58
:10524000207265636F6E6E656374696E672E2E2EB5
:105250000D0A000008B50420034900220302009053
:1052600002A007F0ADF908BD39500008636C69650C
:105270006E74000070B5D2430024094D0CE0035D4C
:105280005A400023D60702D085EA520200E05208B5
:105290005B1C082BF6DB641C8C42F0DBD04370BD3A
:1052A0002083B8ED10B50446606880472068224628
:1052B000BDE81040014907F095B90000A55200086B
:1052C0002DE9FC410546002D67D06C6A002C64D0A6
:1052D00000272784636B4FF480384FF03C024FF077
:1052E000010C581C4FF6FF760AD01E33B3FBF2F0C8
:1052F000404500D3304683B263840BB9A4F822C082
:10530000A36B581C0CD01E33B3FBF2F1414500D304
:1053100031468BB223830BB9A4F818C0208BA0832D
:10532000E36B581C0CD01E33B3FBF2F2424500D3A2
:10533000324693B263830BB9A4F81AC0608BE08342
:10534000208B638B984201D303B12783E07A10B19D
:10535000E06A01900DE094F828307F2B02D8FF20FE
:10536000019006E0C02B03D36FF07F40019000E076
:105370000196206B009028B9A06A0199084040F07E
:10538000807000900A21204600F052FE01AA6B4670
:1053900004F12801284605F0EDFBBDE8FC81000082
:1053A00010B51748046828E0616A09B3487AF8B173
:1053B000488C68B1088C401C80B208844A8C9042AA
:1053C00006D1204600F0FEFC204600F0D1F813E0A4
:1053D000C88B18B1421ECA83012806D0888B38B109
:1053E000421E8A83012804D006E0204600F0A2FE77
:1053F00002E0204600F089FE2468002CD4D110BDC4
:10540000000100242DE9F04105460C461646002D0A
:105410000BD074B100224FF49A71104605F02AFCAB
:10542000E06048B1032E0DD109E06FF00F00BDE838
:10543000F0816FF00500FAE74FF0FF30F7E7607A90
:10544000032807D1A07A3A4F10B907F06BF8B8607B
:10545000B8682060E068406820610121017020691F
:105460004170216995F83600887000272069C7705F
:10547000206803F0C5FE2169486020690781206922
:1054800047812069C760082E0AD0042E08D0072E55
:1054900006D0032E07D1607A052801D0042802D156
:1054A00021696868C86020690761206947612069CF
:1054B0008761002095F83610814205D9062803D26D
:1054C000291891F8371000E00021236900F11C022F
:1054D0009954401C80B21028ECD30020226900F1BE
:1054E0002C015754401C80B24028F7D30020226979
:1054F00000F16C015754401C80B28028F7D3216919
:105500000C48C1F8EC00A7820020226900F1F001EC
:105510005054401C80B24428F7D301222046352144
:1055200000F048F93146204600F052F900207EE7AD
:10553000680100246382536310B5064C2078401E36
:10554000C0B22070002804D1E0680AF05FF90020A2
:10555000E06010BD6801002410B50446002C06D0A0
:10556000E06808B105F00CFD0020E060206110BD8E
:105570002DE9FC418046D8F824400020A062062195
:10558000204600F055FD012221464046FFF73AFF34
:10559000074638002FD102222046392100F00AF9AF
:1055A000B8F83410204600F057F90422204637217D
:1055B00000F000F900251F4E2046715D00F008F94B
:1055C0006D1CEDB2042DF7D3204600F054F9A08AEB
:1055D000F03081B2E06805F09EFD17484323174A7A
:1055E000CDE900801348E168401EC0680AF078F9F0
:1055F0002046FFF7B1FFA07AFF2801D2401CA0721D
:10560000A17A062902D20120884000E03C2000EB6C
:105610004001C1EBC0104FF6FF7101EAC00000F27B
:10562000F3104FF4FA71B0FBF1F0E0823846BDE8B8
:10563000FC810000690100241C3A0108203A01089D
:1056400070B50B48046800250EE0616A59B1C88A3C
:10565000012803D9A0F10100C88204E003D1CD8262
:10566000204600F07EFD2468002CEED170BD0000C5
:1056700000010024F8B5446A0021E1622163214E53
:10568000A6F12805F078002801D0E8686063307939
:1056900010B12869A06302E0606B4008A0637079D4
:1056A00010B16869E06304E0606BC0EBC000C00843
:1056B000E06360680069A062B07930B1A86903F066
:1056C0009FFDE0620120E07200E0E172F07918B124
:1056D000E86903F095FD206300240CE004F1080064
:1056E00055F8200003F08CFD00906946204600F03C
:1056F000ABFE641CE4B2022C03D23019007A0028FD
:10570000ECD1F8BD6889012410B50446606A0C210B
:1057100000F08EFC054B20461A46114605F02AFA89
:105720002046BDE81040FFF723BF00001C3A0108E7
:1057300070B505466C6A0948807800280DD0074886
:105740002838806803F05CFD606260680069A062D0
:105750002846BDE8704000F0E9BB70BD68890124AF
:1057600010B5114C2078002815D10AF015F8E0602A
:10577000B0B1017A41F0200101720C49442209F0D4
:105780009DFE0A494322E06809F0E0FE0849002234
:10579000E0680AF037F82078401C2070002010BD27
:1057A0004FF0FF3010BD0000680100241C3A0108D2
:1057B000D55C000810B5838A5C1C84820469F033D0
:1057C000E154818A4B1C83820069F031425410BD40
:1057D000828A531C83820069F0328154704770B50D
:1057E00006460C46206B002818D0FAF738FE002831
:1057F00014D0246BB18AC1F14105A84200D20546FC
:1058000030460C21EAB2FFF7D5FF04E014F8011B83
:105810003046FFF7DDFF6D1E681CF7D170BD10B577
:10582000828A0C0E531C83820369F0329C54828A54
:105830000C0C531C83820369F0329C54828A0C0A3C
:10584000531C83820369F0329C54828A531C8382E6
:105850000069F032815410BD10B5828A0C0A531CC5
:1058600083820369F0329C54828A531C83820069CC
:10587000F032815410BD002814D0818AFF234A1CC5
:1058800082820269F0315354002304E04A1C828270
:105890000269F0315354818A442901D38A0701D027
:1058A0004429F3D3704700002DE9F34F85B0044637
:1058B0000021049103910A21A148FAF7C5FD069938
:1058C00049892C2904D26FF0010007B0BDE8F08FA0
:1058D0000699496861604FF0F0080698B0F80890A2
:1058E000069E08E0A8EB00011FFA81F8A9EB000072
:1058F0001FFA80F9366816B170894045F2D91EB199
:105900004746D6F804B0E3E06FF00100DDE74FF062
:10591000FF34B81C1FFA80FA7289781C824203D9BE
:105920000BEB0700407805E0306810B14068007864
:1059300000E00020054634294DD00BDC032928D097
:1059400003DCD1B101290DD11CE0062929D033296E
:1059500008D137E035294BD0362950D03A2955D0D7
:105960003B295AD000253844801C87B27DB30020E3
:1059700002907348005D58B398E0002005467F1EF2
:10598000BFB2F0E7042802D06FF005009DE70624BF
:10599000E9E70425042802D26FF0050095E7072403
:1059A000E1E7810702D06FF005008EE7082801D2F9
:1059B000054600E00825A84202D26FF0050084E702
:1059C0000824D0E7042804D06FF005007DE76DE0DF
:1059D0002AE00324C7E7012802D06FF0050074E72E
:1059E000B8F1F00F02D06FF005006EE70024BAE7BF
:1059F000012802D06FF0050067E70124B3E704280F
:105A000002D06FF0050060E70224ACE7042802D062
:105A10006FF0050059E70424A5E7042802D06FF0D1
:105A2000050052E705249EE7042D01D2284600E038
:105A300004200190019A02A95346304605F06AFA03
:105A400001460198814202D06FF001003DE7042D2C
:105A500016D9A80702D06FF0050036E738490120B3
:105A60000855029803F0CCFB3549283941F8240049
:105A70002D1FEDB20AF1040A1FFA8AFA641C78E7B6
:105A8000042D04D0012D07D06FF005001DE702980A
:105A900003F0B6FB029002E09DF80800029001219D
:105AA000274801552838029940F824107089B842D7
:105AB0000ED8391A8FB2A9EB00001FFA80F94F45B2
:105AC0000ED2B9F1000F0BD03668C6B1D6F804B0CB
:105AD00036B14F4504D21BF80710FF297FF417AFEA
:105AE00017490878B8B1A1F12800006800220A70AF
:105AF000012807D0022808D0032809D00BE06FF056
:105B00000500E2E60120049005E00120039002E098
:105B1000012003900490049830B1002004904FF0CD
:105B20006C084FF0EC09DBE6039830B100200390DD
:105B30004FF02C084FF06C09D2E60020C5E60000BB
:105B4000688901242DE9F84307467D6A0421284627
:105B500000F06EFA032229463846FFF753FC8046D0
:105B60005FEA080030D1022228463921FFF722FEE1
:105B7000B98E2846FFF770FE042228463721FFF72A
:105B800019FE00241D4E2846315DFFF721FE641CDE
:105B9000E4B2042CF7D339462846FFF720FE284606
:105BA000FFF769FEA88AF03081B2E86805F0B3FA21
:105BB000124843230097401E114AE968C06809F063
:105BC00073FE2846FFF7C8FCA87AFF2801D2401CC4
:105BD000A872A87A0A2803D24FF47A71484301E0E8
:105BE00042F2107080B200F2F3104FF4FA71B0FB81
:105BF000F1F0E8824046BDE8F88300006901002426
:105C0000203A01082DE9F84307467C6A0321204623
:105C100000F00EFA032221463846FFF7F3FB8046D8
:105C20005FEA080039D1022220463921FFF7C2FD80
:105C30004FF410712046FFF70FFE04222046322158
:105C4000FFF7B8FDA06A03F0DBFA01462046FFF734
:105C5000E6FD042220463721FFF7ACFD00251B4E50
:105C60002046715DFFF7B4FD6D1CEDB2042DF7D336
:105C70002046FFF700FEA08AF03081B2E06805F010
:105C80004AFA124843230097401E114AE168C0684F
:105C900009F00AFE2046FFF75FFCA07AFF2801D238
:105CA000401CA072A07A0A2803D24FF47A714843AC
:105CB00001E042F2107080B200F2F3104FF4FA717A
:105CC000B0FBF1F0E0824046BDE8F88369010024B2
:105CD000203A01082DE9F0411646384845686C6ABB
:105CE00073680027002C61D0207A78B370892C2843
:105CF0005CD31878022859D1002095F8361001E0BD
:105D0000401CC0B281420BD9062809D22A1803EBE5
:105D1000000C92F837209CF81CC0624546D1EFE792
:105D2000586803F06DFA216888423FD13146204619
:105D3000FFF7BAFD50B92248407838B120482838DA
:105D40000079052803D0062819D021E02EE0607ADA
:105D5000012806D003280BD0042809D0052807D035
:105D600024E02846FFF786FC2846FFF7A9FA1DE045
:105D70002846FFF77FFC2846FFF7A2FA16E0637A71
:105D8000032B08D0012B06D0042B04D0052B02D006
:105D9000022804D00AE02846FFF7B6FC06E0607A45
:105DA000062803D1E7822846FFF7C2FC04B16760EA
:105DB0003046BDE8F04105F0E3B800009C0E012438
:105DC000688901247CB505466C6A002C1ED0606A87
:105DD0000190284600F088F906462046002100F090
:105DE00027F900206062A062E0622063E063A063A4
:105DF000606360842084E083A08356B1072221463B
:105E00002846FFF7FFFA06462EB124E06FF00F0098
:105E10007CBD00207CBD042220463621FFF7CAFC51
:105E2000019803F0EDF901462046FFF7F8FC204603
:105E3000FFF721FDA08AF03081B2E06805F06BF930
:105E400009484323009501AAE168C06809F02CFDC8
:105E50002046FFF781FB054B28461A46114604F001
:105E600089FE30467CBD0000680100241C3A010810
:105E70002DE9F84307467C6A0521204600F0D8F852
:105E8000032221463846FFF7BDFA80465FEA080044
:105E900031D1022220463921FFF78CFCB98E2046F1
:105EA000FFF7DAFC042220463721FFF783FC0025A8
:105EB0001D4E2046715DFFF78BFC6D1CEDB2042D6D
:105EC000F7D339462046FFF78AFC2046FFF7D3FC7C
:105ED000A08AF03081B2E06805F01DF91248432332
:105EE000009704F12402401EE168C06809F0DCFC60
:105EF0002046FFF731FBA07AFF2801D2401CA07298
:105F0000A07A0A2803D24FF4FA61484301E044F62C
:105F1000206080B200F2F3104FF4FA71B0FBF1F0A0
:105F2000E0824046BDE8F883690100242DE9FC4188
:105F30008046D8F824400121204600F079F8032259
:105F400021464046FFF75EFA074638004BD1022251
:105F500020463921FFF72EFCB8F834102046FFF711
:105F60007BFC042220463221FFF724FCA06A03F0C8
:105F700047F901462046FFF752FC0422204636210D
:105F8000FFF718FC606A03F03BF901462046FFF773
:105F900046FC042220463721FFF70CFC0025214E49
:105FA0002046715DFFF714FC6D1CEDB2042DF7D394
:105FB00041462046FFF713FC2046FFF75CFCA08A11
:105FC000F03081B2E06805F0A6F817484323174A7D
:105FD000CDE900801348E168401EC06809F080FCEC
:105FE0002046FFF7B9FAA07AFF2801D2401CA07220
:105FF000A17A062902D20120884000E03C2000EB73
:106000004001C1EBC0104FF6FF7101EAC00000F281
:10601000F3104FF4FA71B0FBF1F0E0823846BDE8BE
:10602000FC810000690100241C3A0108203A0108A3
:10603000427A8A4203D0417200218172C182704744
:1060400070B504460D4640212846FAF7FDF9656211
:1060500070BD70B50546002D6FF00F010BD095F89F
:106060003D00C00709D06C6A0E11A88EB0F5107FF4
:1060700005D2304670BD084670BD084670BD64B19B
:10608000207A08B1FFF758FA40212046FAF7DCF9E8
:10609000FFF766FB50B1304670BD402004F025FA92
:1060A00004460CB16C62EFE7304670BD01202072EF
:1060B0002846FFF75DFA0028F7D0284600F002F8DE
:1060C000304670BD10B500280DD0446A002C0AD0AF
:1060D00000212046FFF7ACFF207A002803D0FFF70D
:1060E0002BFA0020207210BD00280CD0406A50B15D
:1060F000407A0A2805D0052803D0042801D00020C2
:106100007047012070470020704710B5446A617ADB
:10611000012903D00A2901D005290AD1FFF7A8FED9
:10612000608B218C401A022803DB00EBD070400802
:10613000A08310BD10B5446A617A012905D00A29EF
:1061400003D0052901D004290AD1FFF7FBFC608C9C
:10615000218C401A022803DB00EBD0704008E0835A
:1061600010BD10B50446616A4A7A0C2A0DD0062A81
:106170000BD0012A0ED0032A21D1887A022819D205
:106180002046BDE81040FFF73DBD2046BDE8104069
:10619000FFF7EEB9887A052804D82046BDE81040FC
:1061A000FFF7C4BE2046FFF70DFE2046BDE81040B5
:1061B000FFF7DEB92046BDE81040FFF7D9B910BDA2
:1061C0002DE9F05F07468B460025DFF8808007EB5E
:1061D0000710A946A8F5886A0AEB001405EB4506E6
:1061E00058F826305BB108EB8600017AB94206D137
:1061F000426804F110005946984748F826906D1CF3
:10620000EDB2042DEAD300210425B9420CD001EBF4
:1062100001100AEB0010827A022A05D1C07BE27BD2
:10622000904201D1E57303E0491CC9B20429ECD3C3
:10623000E07B042808D2064E56F8200009F0E6FA62
:10624000E07B46F82090E573BDE8F09F6C0E0124DA
:106250001C0A012410B50024204600F005F8641C37
:10626000E4B2042CF8D310BD2DE9F04106462449D0
:1062700006EB061001EB0014A17A00290DD00025D1
:10628000012701290BD0022916D0032905D1206846
:1062900010B1401E206000D1A572BDE8F08100F071
:1062A00033F820810220A072E572277365733046AF
:1062B000BDE8F04100F040B8207B401E10F0FF0028
:1062C0002073EAD1607B401CC1B26173042905D000
:1062D00021733046BDE8F04100F02EB8E17A491C48
:1062E000022907D2074850F8210018B1E17227733C
:1062F0006573EEE700213046FFF762FFA572CCE739
:106300002C0A0124B000002410B5094C06F00AF94B
:10631000002101EB011204EB0212937A022B02D14D
:1063200012898242F2D0491CC9B20429F1D310BDAE
:106330002C0A0124704700002DE9FF5F404A00EB62
:10634000001102EB01173F490025FA7A51F822109B
:10635000002928D007F110000446FAF780F812301F
:1063600081B20022104604F085FC81465FEA0900F4
:1063700061D0019502950395388902F04DFFADF883
:10638000040001208DF806004FF4807AADF808A0D3
:106390000C2201A9484604F004FF641E0C26641C6C
:1063A000A04600250AE00021FFF70AFFBD72002089
:1063B00004B0BDE8F09F6D1CEDB2641C20782E285F
:1063C00001D00028F7D1A4EB08001FFA80FB2A4671
:1063D0003146484604F090FE701C5A4683B241464E
:1063E000484604F00AFF7019401C86B22078002845
:1063F000D5D100223146484604F07EFE761CB3B269
:10640000ADF800A0ADF802A004226946484604F0A9
:10641000F4FEF87B3523FA7A0A4901EB8202084937
:10642000103951F82000494609F012FA044648464E
:1064300004F0A6FD01E04FF0FF342046B8E700006D
:106440002C0A0124B0000024022805D2054A02EBE0
:10645000800011B109680160704703490968016053
:1064600070470000B00000241C3A0108FFF7F2BE9C
:1064700070B505460C4605F0B5FFA96809682160AE
:10648000A9680C60BDE8704005F0DBBF10B504469C
:1064900005F0A8FFA1680C682CB122680A6005F01D
:1064A000D0FF204610BD05F0CCFF002010BD00003D
:1064B0002DE9FF5F83460F464FF48069584602A9D5
:1064C00000F0F4FF0446200061D10298A8B1A04674
:1064D00040F2F23509F1040082B2002303A8194604
:1064E00000F0CEFE0446AC4204D14FEA5909B9F19E
:1064F000010FEFD840F2DC5A42E0052447E024BB0C
:10650000039800F0C5FE06464B4601A84146321DE1
:106510000090584600F0ACFF2FE01F494978012950
:106520000ED0504500D9504685B238460AF09AFC44
:10653000044620000AD00398002100F0ADFE26E0BA
:106540000398002100F0A8FE0A2420E0301D2B460D
:10655000012100900846C7F30E020AF0DFFC044652
:10656000200004D00398002100F096FE0FE001986F
:10657000401B01902E44A8442F4401980028CCD100
:1065800002988045BBD30398002100F085FE04B03B
:106590002046BDE8F09F00009801002404490870DF
:1065A0004868002802D0D1E9011008477047000070
:1065B0005402002470B50546002D05D115A140F206
:1065C000195224A0FEF730F8264E3068854201D1DA
:1065D000002070BD09F076FA6C6909F09DFA706BC5
:1065E000844202D0B06B844201D1022070BD1E48AB
:1065F000844205D1A86A08B1022070BD032070BD95
:1066000019481438844202D00CB1012070BD042016
:1066100070BD00002E2E5C2E2E5C2E2E5C5769461F
:10662000695F53444B5C57494345445C52544F5354
:106630005C4672656552544F535C766572392E30F4
:106640002E305C536F757263655C7461736B732E6F
:10665000630000004572726F723A25732C25640D39
:106660000A00000028000024C80700242DE9F04794
:1066700004460E4600276760657867706FF00C0867
:10668000042D52D005F0AEFE267205F0DAFEE36A64
:106690001BB10022204604219847E36A1BB1002267
:1066A000204611469847E36A1BB10022204602218A
:1066B000984704F11000814605F01BFF18B1002136
:1066C000484605F008FF04F11400814605F011FF6B
:1066D00018B10021484605F0FEFE012D03D0042D1F
:1066E00001D0032D2ED194F82000C0F3800120F0BA
:1066F000040084F82000002924D1A06A0671A06A51
:1067000005680C35284605F053FFA76244B105F033
:1067100069FE94F90810414500DD267205F091FEEE
:106720002846BDE8F04705F03DBF0026002CAED05E
:1067300005F058FE94F90810414500DD277205F078
:1067400080FEA4E7BDE8F087002802DC4142112961
:1067500001DB052070470249A1EB8000006870470B
:106760003C3801082DE9F74F05464FF00A09CA46A3
:106770000A2300209B46002784468046364900EBCA
:10678000400401EBC402117D0A2B00D149B1A1B133
:106790004DB12E68D2F804E0764504D140B2BDE890
:1067A000FE8F43B209E0012913D0022905D3518A93
:1067B000414502D34FFA80FA8846401CC0B20A28ED
:1067C000DCD301984FF0FF3180071BD40A2B12D085
:1067D00014E0214951F8341031B1548ABC42ECD351
:1067E0004FFA80FB2746E8E7568A6645E5D34FFA1D
:1067F00080F9B446E1E70198C00703D00A2B03DA19
:10680000DCB215E00846CAE7BAF10A0F02DA0AF06C
:10681000FF040AE0B9F10A0F02DA09F0FF0404E00C
:10682000BBF10A0F15DA0BF0FF04204600F016F852
:1068300035B1094804EB4402296800EBC20041600D
:1068400004EB44020448002100EBC200418260B224
:10685000A5E70846A3E700007489012470B5084D38
:1068600000EB4004002655F83400002803D000F067
:106870001FFC45F8346005EBC400067570BD0000D0
:10688000748901242DE9F04387B007460D46002D99
:1068900011D07C684FF480782088404508D1207959
:1068A000062805D16079042802D16088082805D01F
:1068B000384604F065FB07B0BDE8F083D4F80E005D
:1068C0000690A0690590696819B1884203D1012634
:1068D00002E0002600E000260EB1012300E00223C2
:1068E000284604F1080206A9914600F005FAE0885E
:1068F00040450ED16EB106AA0221281DCDE90192B4
:1069000005F137034A46039119460090284600F0E6
:1069100067F9384604F034FBCDE70000FEB50546C4
:106920000E4614462946206801F03AFB08B1354B63
:106930003CE02068C0F303110E2922D0A9686B68DF
:1069400000EA01020B409A4208D080B2A0F57E41D5
:10695000A93903D0E86898B305F10C042A4B2B48F9
:106960001A7802EB420100EBC1010F7D022F2BD3FD
:10697000276849688F4227D13146284600F048F8F9
:10698000FEBD01208DF8040000208DF805005E207A
:106990008DF80600607800F07F008DF80700A07881
:1069A0008DF80800E0788DF8090001AB4FF4006025
:1069B000314605F137020090284600F03DFAFEBD51
:1069C000FFE76FF00300FAE7002101EB410200EB63
:1069D000C202177D022F0AD327685268974206D158
:1069E000CAB21A703146284600F012F8E7E7491C8F
:1069F00049B20A29E9DB32462146284600F03EF832
:106A0000DDE70000243A010878010024748901249C
:106A10002DE9F84306460F46174802EB420100EB0A
:106A2000C10404F10C05207D022818D1618A4FF0C1
:106A30000308B1F58E7F07D9211D304600F016F905
:106A400068B984F814800AE0B1F5877F07D3211D67
:106A50002A46304600F010F908B984F814804FF443
:106A6000006006F137022B4639460090304600F0B0
:106A7000E3F9BDE8F8830000748901242DE9F74F9C
:106A800082B00F4692460298373001904FF0FF399E
:106A90004D464FF0000B3868029901F081FA88B931
:106AA0003868C0F303110E290CD05FB150B1029ABF
:106AB00001213846FFF756FE0446200005D505B0F3
:106AC000BDE8F08F6FF00F00F9E7434804EB440690
:106AD00000EBC60898F8140038B94FF0010B0120FC
:106AE00088F814000298C8F80800BBF1000F02D122
:106AF000BAF1000F07D10298394600F0B7F8054601
:106B0000BAF1000F12D098F81400334F02280FD3B7
:106B1000324804704FF40060009008F10C03DDE986
:106B20000120514600F088F9054653E02846C6E7A3
:106B300001284FD10021544605E0207B012801D0D7
:106B4000012102E02468002CF7D181B121890022C3
:106B5000022004F08FF805466DB15146284604F036
:106B600089F940B1284604F00BFA002503E05546A8
:106B7000284604F0FAFA65B30A2003F0F1FC024655
:106B8000100021D0002000211160556057F8361008
:106B900041B1012001E01946401C0B68002BFAD1DD
:106BA0000A6001E047F8362003280BD357F8364037
:106BB000206847F83600606804F0E2F90A202146B0
:106BC00003F096FC002505E0284604F0D9F94D466F
:106BD00000E04D46284672E77489012478010024BC
:106BE0002DE9FF4F81B08B461E46DDE90F9ADDF897
:106BF0003880002700221C21022004F03BF80546C3
:106C000028002FD06C68119802F006FBE0803068F5
:106C1000A060B088A081D9F80000C4F81200B9F8CB
:106C20000400E082D8F80000C4F80E00DAF8000092
:106C3000A0614FF4807020800820608006202071C1
:106C40000420607140F6060000905A46039B2946D6
:106C5000019800F0F1F8284604F092F9384605B0A2
:106C6000BDE8F08F4FF0FF30F9E70000014A00F077
:106C700003B80000243A01087FB5064D0124031D26
:106C8000CDE90214CDE9003533331946FFF7A8FFEB
:106C900004B070BD2A3A010870B50024154D04EB0C
:106CA000440005EBC002117DF9B1508A401C80B24E
:106CB0005082B0F5967F03D2012905D1052803D370
:106CC0002046FFF7CBFD10E0032904D0042905D0AE
:106CD000012906D009E00420107506E00220107595
:106CE00003E09068111DFFF7C1FF641CE4B20A2C99
:106CF000D5D370BD748901242DE9F84F05460C46A3
:106D000091461E46002C26D0206820B3294601F06B
:106D100047F900BB2078C0F303100E281BD02A4689
:106D200031462046FFF71EFD002816DB184E00EB0B
:106D30004004022106EBC40001758560D9F80010FB
:106D4000C160B9F804100182002141824FF400674C
:106D500005F1370815E06FF00F00BDE8F88F0868FF
:106D600046F83400D1F804A00A2003F0C1FB4B46DA
:106D7000424651462846009700F05EF8504604F01F
:106D8000FFF856F834100029E9D10020E5E70000AB
:106D90007489012470B504460E4660890E283DD9D9
:106DA000606885890278D10715D0012A05D021496C
:106DB0000622F9F75BFB50B10DE0417859B98078B4
:106DC0005E2808D1607B40F01000607303E0607BB8
:106DD00040F008006073082D6FF00D0103D0B5F589
:106DE000C16F1BD10FE096F83D00000716D56089F2
:106DF0000E2813DB204604F01DF978B931462046F1
:106E000001F074F913E096F83D00000706D560899B
:106E10000E2803DB204604F00DF920B1204604F0D3
:106E2000AFF8002070BD31462046FFF72BFD002053
:106E300070BD0000243A01082DE9F04780460F4656
:106E400016461D46089802F0E7F9814638460E219D
:106E500004F0F0F818B16FF00100BDE8F0877C682D
:106E6000A4F80C9028682060A888A0803068C4F836
:106E70000600B08860813946D8F818204046BDE841
:106E8000F047104710B5016A032902D96FF00F00CF
:106E900010BD772180F83E106C2180F83F10044926
:106EA00041610449816102F00DF9002010BD00002C
:106EB0001D690008F99000082DE9F047054688464D
:106EC000002D7DD0AC69002C0FDA05F08BFAAC698F
:106ED000002C08DAB8F1000F01D1641EAC61BDE8E6
:106EE000F04705F0AEBA05F0ACFA204600F00CF918
:106EF000064630007FD005F075FA82460127B8F1CA
:106F0000050F12D2DFE808F003070B0D100070899F
:106F1000401C708109E07089401E708105E0B781D6
:106F200003E00020B08100E0F781707C20B1DFF841
:106F3000CC90D9F8005057E05046BDE8F04705F036
:106F400080BAD9F804806869D8BB0020B6F90A1065
:106F500000290FDDA96869B1122C0BD2E21704EBEE
:106F60005272D210895C04F0070207FA02F2114251
:106F700000D00120B18981B178B9E96869B1122CDA
:106F80000BD2E21704EB5272D210895C04F00702B4
:106F900007FA02F2114200D00120F18999B190B9AB
:106FA000296981B1122C0ED2E21704EB5272D21071
:106FB000895C04F0070207FA02F2114203D001E0F3
:106FC00019E006E0012020B16F6105F1180005F01D
:106FD000E9FA504605F035FA05F004FA8246D9F888
:106FE00004008045A5D12D68002DAAD15046BDE8EA
:106FF000F04705F026BABDE8F087000090000024B5
:107000004FF48071884201D948007047802801D927
:1070100008467047402801D980207047202801D9B0
:1070200040207047102801D920207047082801D936
:1070300010207047042801D908207047022801D980
:10704000042070470420704713B5044801224FF410
:107050007A736946FBF701FC00981CBDB00200245E
:1070600010B5002821D0114B0022001F196803E041
:10707000814203D80A4649680029F9D152B1136800
:10708000841A9C4204D1006818441060104602E043
:10709000506000E0186039B102680B1A934203D1C6
:1070A0000B681A4402604968416010BDA8020024C0
:1070B00070B5044608E025462468686803F060FF60
:1070C0000A20294603F014FA002CF4D170BD2DE9F2
:1070D000F04104460F4666680025656025812574E9
:1070E00005F080F9256005F0ACF9002E0AD027B133
:1070F0003046BDE8F04103F043BF3046BDE8F04103
:1071000003F057BABDE8F08108490922122802D3DA
:107110008A6000207047064B00EB800003EB800084
:107120000368002BF6D18A6000207047900000248D
:10713000B408012408B50548016841F00101016067
:10714000006800F00100009008BD0000E044025813
:1071500008B50548016841F002010160006800F0CF
:107160000200009008BD0000E044025808B5054840
:10717000016841F004010160006800F00400009023
:1071800008BD0000E044025808B50548016841F018
:1071900008010160006800F00800009008BD0000D0
:1071A000E044025808B50548016841F0100101604B
:1071B000006800F01000009008BD0000E044025894
:1071C00008B50548016841F020010160006800F041
:1071D0002000009008BD0000E044025808B50548B2
:1071E000016841F040010160006800F0400000903B
:1071F00008BD0000E044025808B50548016841F0A8
:1072000080010160006800F08000009008BD00006F
:10721000E044025808B50548016841F480710160F6
:10722000006800F48070009008BD0000E04402583F
:1072300008B50548016841F400710160006800F478
:107240000070009008BD0000E044025808B50548F1
:10725000016841F480610160006800F48060009082
:1072600008BD0000E044025810B54942006809B268
:1072700003F0E0FE10B140F2094010BD002010BD47
:10728000012B02D0002300F039BE4FF0FF33FAE7A4
:10729000406870474089704703F072BEB1F5C16F16
:1072A00002D940F20A4070470181418100207047B5
:1072B00010B50548032104F017F8044900220248DC
:1072C00004F050F8002010BD7841010875C1000895
:1072D000FEB504460E46002C4ED06068808901F051
:1072E0009BFF054625498A6842B10888A84205D116
:1072F0004868B04202D16068C9689047B5F5014F4F
:1073000016D160680168009141680191816802911D
:1073100000994160019981600299C1606068001D17
:1073200060606189091F6181808901F075FF0546F0
:10733000B5F5006F08D0A5F50065063D04D02046E0
:10734000BDE8FE4003F01CBE0D48016800E009687E
:1073500011B1086AB042FAD149B1204607F0E4FF02
:10736000002809D02046BDE8FE4003F009BE2046B3
:10737000BDE8FE4003F004BEFEBD0000680200242C
:107380000001002470B58AB004F0AFF8234E3046F7
:10739000FBF786FC2248016841F4803101600168F6
:1073A00021F4803101601E485830016841F4803179
:1073B0000160006800F4803003901A4800F0B7F9CB
:1073C000002825D1401EB0633120F9F70BFEFBF7F2
:1073D0007BFCFA2008900021049105910691079109
:1073E0000B46099ACDE901020A4630460091FBF7A7
:1073F00043FC04463046FBF759FC40EA040530469E
:107400004FF48061FBF758FC284318B14FF6FF702A
:107410000AB070BD04F06BF80020F9E7007000526C
:107420007C440258A00200240020704700B589B0B7
:10743000042000210303089ACDE9010203480A460B
:107440000091FBF719FC09B0002000BD007000524C
:107450000148406870470000001000E000207047BD
:1074600000B5FFF7E1FF002000BD002070470000DD
:1074700038B5054610461A46049C002D0CD0A1F2E2
:10748000C5335B429A4200D31A462260054B194429
:10749000F8F7B3FF002038BD00902346024804F0FF
:1074A0000EFE38BD663D010834410108002804D0B5
:1074B00040F2C5300860002070470248406808600C
:1074C000F9E70000344101082DE9F04186B00024BD
:1074D00005940025012605AF4FF4FA7801940123A5
:1074E00004940422184600210094CDE9024600F0DD
:1074F00031F8012301940422049405210094002012
:10750000CDE9024600F026F80194012302940422FA
:10751000CDE9034703210094002000F01BF86D1C07
:10752000454503D3022006B0BDE8F08118B1012023
:1075300000F0E1F8D2E70598012304220194072125
:107540000294039404940090184600F003F800207D
:10755000E9E700002DE9FF5F0E469946DDE9117A63
:107560000E9C0025A846BAF1000F01D0CAF8008091
:1075700003F0BBFFDFF8F4B0DFF8F4804FF0FF302A
:10758000C8F8380000208BF800006D1CADB2052D46
:1075900002D340F21B4462E0CBF81860352E0CD0C9
:1075A000C8F8084046F48850C8F80C003148D8F8AC
:1075B00034100028E2D0EFB342E004F097FD0298C7
:1075C00004280DD11098FFF71BFD8146B9F5007F07
:1075D00004D26FF3080444EA090401E06FF30804DD
:1075E00000988BF801004946DDE90F23009804F06C
:1075F000C9FDC8F8084041F27510C8F80C00012216
:107600001A483221143000F083F81A480028B5D007
:107610001FB9D8F834108906B0D1401ED8F83410FC
:1076200011F4405FF2D1009870B9DBF80400DBE997
:10763000022100E002E0F8F7E0FE05E08A069DD1B5
:10764000401E11F4405FB2D1BAF1000F03D0D8F858
:107650001400CAF8000000240020C8F80C0003F051
:1076600046FF04B02046BDE8F09F00008C020024D5
:1076700000700052A08601000348C16B41F48001F4
:10768000C16300207047000000700052FEB5DDE9C4
:1076900008540026CDE90146009500F001F8FEBD32
:1076A0007CB50C461546DDE90713069ACDE90010B6
:1076B00029462046C2F38F020BF0E6FE074A4FF040
:1076C00080511160BFF34F8FBFF36F8F012802D03D
:1076D00040F207407CBD00207CBD000004ED00E0CE
:1076E00010B50446002C04D0206808F0B3FA00203E
:1076F0002060002010BD10B5002801D008F0F8FA75
:10770000002010BD10B5006808F040FB002010BD3F
:1077100010B5002300680A4619460BF0B5FB012896
:1077200001D0022010BD002010BD0BF0EBBE10B543
:10773000044600216FF000400BF01AFB206008B1F6
:10774000002010BD40F2F63010BD000008B5012940
:107750000AD0002300681A4619460BF0D7FC01280E
:1077600012D040F2F63008BD006869460BF0ACFD5F
:1077700000990029F3D0054A4FF080511160BFF302
:107780004F8FBFF36F8FEAE7002008BD04ED00E0E4
:107790000A46032100F0AEB82DE9FE4F04468946A3
:1077A000DFF84C81D8F8087038780007850E142D62
:1077B0007CD36089042879D360680178002976D069
:1077C000082974D108F1140AD8F81400C0F3031181
:1077D0000E294DD0D8F8001000F0E2FB20BB208924
:1077E000082863D3204600F01BFB20B12046BDE8EB
:1077F000FE4F03F0C5BB05F12C0001B220460E463A
:1078000003F018FC70B320890022284481B20220C2
:1078100003F030FA06463EB1718905F10800814255
:1078200003D2304603F0ACFB22E070682A463946AA
:10783000F8F7E3FD684201B2304603F0FBFB18B1F4
:10784000304603F09DFB13E02146304603F012FB67
:1078500018B1304603F094FB0AE0204603F090FB99
:1078600034460AE0704201B2204603F0E3FB20B147
:107870002046BDE8FE4F03F083BB676829B220466F
:1078800003F0D8FB98B96668DAF80000F060D8F821
:10789000100030614FF0000887F800804FF6F77154
:1078A0007888884204D90930788003E01BE015E02D
:1078B00008307880FF203072A6F80A8029463046CA
:1078C00000F0A8FA70810120CDE90109FF2351469B
:1078D00000222046CDF8008000F028FD2046BDE8BB
:1078E000FE4F03F04DBB2046BDE8FE4F03F048BB02
:1078F0009C0E01242DE9FF4706468846914600224A
:107900002421012003F0B6F9054628002CD0776821
:107910006C6884F8008084F801904FF00008A4F8A7
:107920000480A4F806801C22686871680830F8F7A3
:1079300064FDF868039003A800F0A0FE064686B137
:10794000A4F802802046698900F064FA6080012072
:10795000FF2302960021CDE9008003AA284600F00B
:10796000E5FC284603F00CFBBDE8FF870A460B2127
:10797000FFF7C0BF10B50446607A022805D0012881
:1079800008D1608908B1884204D9204600F004FA81
:107990000120607210BD0000044903480860091D01
:1079A0000348086070470000E00000017C010024EB
:1079B000E0000002F8B506460D4617467189082911
:1079C00004D23046BDE8F84003F0DABA74682046C5
:1079D00000F020FA20B13046BDE8F84003F0D0BAFC
:1079E0003946284600F030F928B12178112907D00E
:1079F000162937D12EE03046BDE8F84003F0C0BA72
:107A00001B4A39681268914203D1231D12D0636862
:107A100083B1231D26D0636823B3914205D16068EA
:107A200000906946284600F00FF9D8B16178FFF759
:107A3000A1FF17E0607808B90A206070AD6A35B11F
:107A40002D6804E061782846FFF794FF2D68002D2B
:107A5000F8D107E0417A012904D1002141810222B5
:107A6000427201723046BDE8F84003F089BA000066
:107A70007C010024F0B587B040F29444ADF8184082
:107A80000024ADF81A400227042506AECDE90047D0
:107A9000CDE903650293012300F057FC07B0F0BD68
:107AA00070B505460E466FF005003168C1F303124C
:107AB0000E2A19D10D4A1268914215D00C490C6852
:107AC00010E094F83D1089060BD525B12A6812B153
:107AD0006168914205D13146204600F00BF800283C
:107AE00002D12468002CECD170BD00007C01002480
:107AF0000001002470B505460E466FF005003168A0
:107B0000C1F303120E2A26D1154A1268914222D0DF
:107B100095F83D1089061ED53146284600F09EF89E
:107B20000446CCB1607A90B9207B28B96B6C1BB14C
:107B3000012231462846984716222146284600F061
:107B4000CFF80521204600F027F901206072207B44
:107B5000401C2073002070BD4FF0FF3070BD00004E
:107B60007C0100242DE9F04106460F466FF0050523
:107B70003868C0F303110E2902D02846BDE8F08111
:107B80000E490968884201D12846F7E70C48046885
:107B900010E094F83D0080060BD526B1306810B196
:107BA0006168814205D13946204600F00BF805B1E5
:107BB00005462468002CECD12846DFE77C01002430
:107BC000000100242DE9F04106460F466FF005053F
:107BD0003868C0F303110E2902D02846BDE8F081B1
:107BE00018490968884201D12846F7E796F83D0010
:107BF000800601D42846F1E73946304600F024F8E3
:107C00000446E4B1207B012815D82146304600F017
:107C100046F8207A20B117222146304600F060F85D
:107C2000736C1BB100223946304698470B20214621
:107C300002F05EFC01E0401E20730020CEE72846E3
:107C4000CCE700007C010024806A04E042680B68F5
:107C50009A4202D000680028F8D1704770B50546F6
:107C60000E46AC6A31462846FFF7EEFF002810D1D9
:107C70000B2002F075FC00280BD05EB1316841602A
:107C8000002141814172017201732CB121680160B0
:107C9000206070BD0021F2E70160A86270BD02465D
:107CA0000020926A06E013688B4202D109681160D5
:107CB00002E01A46002AF6D1002A01D16FF00F0027
:107CC000704710B5846A002C06D0246804E00521B2
:107CD0002046FFF74FFE2468002CF8D110BD0000AD
:107CE0002DE9F84381460E4615461C480068009071
:107CF000002700220821104602F0BCFF8046B8F1A0
:107D0000000F28D0D8F80440D9F804000090162DB0
:107D100002D0172D06D008E0371D70686060012082
:107D2000307202E00E4F70686060162D01D0172D82
:107D30000ED125700020607060800821204600F080
:107D400069F860804B463A4669464046FFF792FE26
:107D5000404603F015F9BDE8F88300001C3A01081D
:107D60008001002410B504460A492046FFF776FF3B
:107D700060B102214172017B491C0173636C1BB12C
:107D80000122044920469847002010BD4FF0FF30E3
:107D900010BD00007C01002470B505460C46022C85
:107DA00006D904F0BFFBB0FBF4F104FB110000E0C6
:107DB00001206881002801D10120688170BD000088
:107DC0004A7A012A09D1054B4A681B689A4204D0B5
:107DD00002224A721622FFF783BF70477C010024FB
:107DE00070B50B4805680FE0AC6A0AE0608938B1ED
:107DF000401E80B2608118B921462846FFF7E0FF97
:107E00002468002CF2D12D68002DEDD170BD00004A
:107E10000001002400B502F0BDFAC04380B200BDED
:107E200070B505460024002613E06989686802F0F1
:107E3000B1FA204481B201EB1044A87AC00707D000
:107E4000C6F10100C6B2E0B2C4F3072141EA002442
:107E50002D68002DE9D126B1E0B2C4F3072141EA33
:107E60000024E04380B270BD30B4029D1B689CB218
:107E700004EB13442B689DB22C4404EB13439CB2D7
:107E800004EB13439CB204EB134330BCAFF300800C
:107E90002DE9F04105460F4690461C46002613E0AA
:107EA0006989686802F076FA204481B201EB1044D7
:107EB000A87AC00707D0C6F10100C6B2E0B2C4F389
:107EC000072141EA00242D68002DE9D126B1E0B256
:107ED000C4F3072141EA0024384601F09DF9044427
:107EE000404601F099F9204481B201EB104000EBCB
:107EF0001040C04380B2BDE8F08100002DE9FC478E
:107F000006460F4691461C4600203060B9F5C16F09
:107F100003D940F2F230BDE8FC87DFF87C80012F06
:107F200005D0D8F8045005D14FF0040204E0D8F889
:107F30000050F8E74FF0030249464FF0040002F00A
:107F400099FE306000BBCDB1284602F015FBA8B108
:107F5000034603F1170020F003011048186140F2B6
:107F60001960012FCDE9001006D0032249460420F4
:107F700002F02BFF306007E00422F7E70120FFF753
:107F8000BAFB641E601CCAD1306808B10020C2E789
:107F900040F2F130BFE700006002002475030108E1
:107FA00008B50090421C07D0020005D091F83D2092
:107FB000920703D4002008BD012008BD4A68824210
:107FC00001D1002008BD89680A4000EA01039342FC
:107FD00002D10143491C01D0002008BD012008BD89
:107FE0002DE9F74F82B08A46BAF834001438C11729
:107FF00000EB5170C0F3CF074FF0140B02984068AC
:10800000019001986FF00504017801F00F01052936
:1080100003D0204605B0BDE8F08FC08801F0FCF821
:10802000C0F30C08800401D52046F3E702980089CC
:10803000143884B256E0B4EBC70F01D2204600E0FA
:10804000F8001FFA80F900224946012002F012FED2
:108050000546280010D069685B4602984A4602F03F
:1080600059FF58441FFA80FB2846142102F0E2FF12
:1080700028B1284602F084FF4FF0FF30CAE7686855
:1080800014220199F8F7B9F96E68BAF83400143877
:10809000A04201DB012100E00021C8F30C0009B976
:1080A00040F4005001F0B8F8F08009F1140080B2FB
:1080B00001F0B2F870800020708114213046FFF783
:1080C000A9FE70812946DAF814305046049A984780
:1080D000284602F055FFA4EB090084B208EB070024
:1080E0001FFA80F8002CA6D1002093E72DE9FC5F51
:1080F00006460F464FF0010B756804212878B1EB56
:10810000101F05D0304602F03BFF0020BDE8FC9F69
:1081100000F00F004FF6FF7101EA8008688801F057
:108120007BF804463089A04203D92146304602F04C
:10813000F2FF7089404505D33089A04202D3B8F1DF
:10814000140F04D2304602F01BFF0020DEE7414648
:108150002846FFF75FFE20B1304602F011FF0020F5
:10816000D4E7DFF8BCA12869CAF81400E968CAF8A6
:108170001010C0F303110E290AF11400019011D060
:108180004FF001093C4694F83D00C00722D06168D9
:1081900001B3DAF81400884230D02146FFF700FF1F
:1081A00028BB17E097F83D00800611D501993846A5
:1081B000FFF74AFD60B15B480090DAF81410814285
:1081C00004D1DAF8100008B94FF0000B3C4615E076
:1081D000002413E0B9F1000F0AD09AF814007F28A8
:1081E00004D04FF000095048046802E0002405E084
:1081F0002468BC4200D12468002CC4D15CB9687AE0
:10820000112808D105EB08004088B0F5884F02D14D
:108210003C464FF0000BBBF1000F0CD0DAF8100019
:1082200048B13946FFF7BCFE08BB9AF81000C0F30E
:1082300003100E281BD0FCB1E88830F0C00005D038
:10824000304600F055F90646DEB17568CAF80040C0
:10825000CAF80470CAF8085028780007800EAAF8F7
:108260000C003946304603F073FD60B14AE03046F9
:1082700002F086FE002049E7304602F081FE002031
:1082800044E7002042E70FFA88F8C8F1000001B285
:10829000304602F0CFFE687A012816D0022819D0A5
:1082A00006280DD0112806D0DAF814002146FFF771
:1082B00077FEA8B123E03946304607F083F921E084
:1082C0003946304604F0EAFD1CE039463046FFF7F7
:1082D00063FA17E0019A39463046FFF76BFB11E06D
:1082E0009AF81400C0F303100E2808D04146304617
:1082F00002F0A3FE756002213046FFF749FA3046CE
:1083000002F03EFE0020CAF80000CAF80400CAF8D5
:108310000800AAF80C00CAF81000CAF81400F5E624
:108320009C0E0124E000000100010024F0B585B09E
:10833000DDE90A760C9D00240494CDE90254CDE9D0
:10834000007600F002F805B0F0BD2DE9F04186B0EE
:10835000DDE90FC5DDE90C670E9C002A08D05FEA55
:10836000010804D0D1F80080B8F1000F00D1211D20
:10837000CDE903C5CDE90067029400F003F806B02B
:10838000BDE8F0812DE9FF4F81B005461746DDE9D4
:108390000E89DDF848B00026002F7FD04FF0140A78
:1083A000BBF1000F28D00BF103044FF6FC70044022
:1083B00004F114001FFA80FA284621B202F03AFEB6
:1083C00018B1B01E05B0BDE8F08F68685A46119923
:1083D000F8F713F8A34505D26868A4EB0B015844DD
:1083E000F8F732F8002304E0686830F81300064418
:1083F0005B1CB3EB540FF7DB1421284602F01AFE86
:1084000010B16FF00100DDE76C680498207284F809
:1084100009904FEA0921049849EA002041EA102016
:1084200081193868206182B2114401EB104140206B
:1084300040EA9A00C0B2207084F801804FEA082216
:1084400048EA002042EA10204618288900F0E4FE9D
:10845000608000EB06080020E0801B4E308800F0B2
:10846000DBFEA08000EB08013088401C30800298C1
:1084700080B102980068E060E06882B2114401EBCC
:10848000104081B201EB104000EB1040C04360810E
:1084900008E003E00D480068E060EDE76868006907
:1084A00000906F461098808E40B12989814205D98D
:1084B00010993A462846FFF793FD83E710983A460D
:1084C0002946436998477DE7840100241C3A010846
:1084D000F0B585B0DDE90A760C9D00240494CDE961
:1084E0000254CDE90076FFF74DFF05B0F0BD000066
:1084F0002DE9F0478246DAF80450287800F00F00A2
:10850000052873D1E88800F087FEC0044FEA1048C0
:10851000688800F081FE297801F00F01494200EBE4
:1085200081001FFA80F9504602F09BFC0646524F2C
:1085300038883044082809D93146284600F024FA02
:10854000002853D03888304408284FD87C680CE085
:108550006069E968884207D1A0692969884203D126
:10856000A089A988884202D02468002CF0D12CB1BF
:10857000E88800F051FEC00408D012E031462846D9
:1085800000F09EF90446200070D00AE0E08900F077
:1085900043FEC00405D01422294604F10800F7F771
:1085A0002CFFA87940F340156D1C45B108EB09007C
:1085B00080B240455AD34FF6EB71884256D82A46CE
:1085C0005146204600F0E2F8411C4FD03988314432
:1085D000398035B108EB0901A183A17F41F0010188
:1085E000A177012803D00020BDE8F0873EE0A08BF2
:1085F0001430A083606846683568142204F10801CD
:108600003046F7F7FAFEA08B00F006FE70800020DF
:10861000F080708114213046FFF7FCFB7081D4F8A4
:1086200004806FF0130909E06E684946284602F09D
:1086300001FD2946404602F0F6FB3568002DF3D1D6
:1086400079688C4205D1002105E00868A04202D07B
:1086500001460029F9D1204600F020F9404602F0F9
:1086600000FC3988081A38804046BDE7504602F0C1
:1086700087FC0020B8E700008C01002430B50468B6
:10868000C4F303100E2803D115484068002825D1F3
:108690001448006813E090F83D10CA070ED04A074E
:1086A0000CD5426852B183681A4004EA030595422A
:1086B00014D0890702D4C1688C420FD0006800280A
:1086C000E9D10948006840B190F83D10CA0704D0CC
:1086D000490702D54168002900D1002030BD0000C3
:1086E0008401002400010024040100240149102217
:1086F00000F002B8648A01242DE9FC4703460846CD
:10870000002519680191044601AFAC464FF00A09F3
:10871000EA4600233E78B6FBF9F809FB1868B6FB79
:10872000F9F139701E465B1C08F130080AF8068022
:10873000DBB20029EED10AE029466D1C914202DB32
:108740000020BDE8FC871AF8031004F8011B5B1E2B
:10875000DBB2F1D229466D1C914201DB0020F0E72B
:108760002E2104F8011B7F1C0CF1010C0CF0FF0CF6
:10877000BCF1040FCDD3002104F8011CE1E738B5AA
:10878000049C0094FFF770FB38BD00002DE9F04712
:1087900081468846924600240125D8F804607088F6
:1087A00000F03AFD317801F00F01494200EB8107FA
:1087B000F08800F031FDC004000CD8F804600021FE
:1087C0003160B080C1198AB2F280D9F8047023E018
:1087D0007B689988884214D2376064B1E188884206
:1087E0004DD3988882424AD8C4F80080B08881422C
:1087F00014D0002512E09888824240D8C9F804803D
:108800000CE03CD0DF88B84239D31CB1E4888C42FC
:1088100000D000251F681C46002FD9D157B93CB1A4
:10882000C4F80080E088B188884203D0002501E0C8
:10883000C9F80480BAF1000F03D199F81E00C007EF
:108840001BD0A5B1D9F8040010B14068808808B1E8
:1088500000250CE0316808E04868F1888288914280
:1088600001D0002503E0064601680029F4D115B1C6
:108870000120BDE8F0870020FBE70020F9E7404633
:1088800002F0EFFA04490A88101A0880404602F004
:1088900077FB4FF0FF30ECE78C0100240B4630B43F
:1088A000064902684C68844201D14A6000E01A60BF
:1088B000014630BC052001F01BBE00008C010024E5
:1088C00070B506460D46052001F04AFE044654B92F
:1088D0002946304600F058F8A84203DB052001F095
:1088E0003FFE04468CB120212046F7F7ADFD032062
:1088F000E0770748416821604460142204F10800D1
:108900003146F7F77AFD204670BD002070BD0000AB
:108910008C0100242DE9F041064688460025746844
:1089200060688188002912D1006870601422606834
:1089300006F10801F7F761FD01212046FFF716F85F
:10894000204602F08EFA0546204602F019FB7468B4
:108950000AE0606827460468384602F082FA284434
:1089600085B2384602F00CFB002CF2D1414630466D
:10897000FFF794FF03490888401B08802846BDE89C
:10898000F08100008C0100242DE9F04705460F46D8
:108990000026DFF878800020002100230024D8F88A
:1089A000042022E0D2F814C0D5F80C90CC450BD1AD
:1089B000D2F818C0D5F81090CC4505D1B2F80CC04B
:1089C000B5F80490CC4509D0641CE0B192F81FC002
:1089D00090F81F90CC4501D810460B46D2F800C045
:1089E000BCF1000F00D011466246002ADAD118B15E
:1089F0001946FFF78FFF0644BE4201DA012CCADC9C
:108A00003046BDE8F08710460B46E7E78C010024AE
:108A100070B50025084844680BE0E07F20B1401E97
:108A2000E0772546246804E0204624682946FFF7BD
:108A300071FF002CF1D170BD8C0100242DE9F843A9
:108A4000044616461D46DDE9087800200090002CFB
:108A500001D0162902D20020BDE8F88345F2AA52BF
:108A60006946204600F037FA01226946204600F0A8
:108A70005EFA80226946204600F059FA324669467D
:108A8000204600F028FA0C226946204600F023FA1E
:108A90002A466946204600F01EFA3A4669462046B4
:108AA00000F045FA42466946204600F040FA0C4D77
:108AB00069462046AA6900F01EFA2A6A69462046DD
:108AC00000F019FABDF80010204600F025F9024622
:108AD0006946204600F0FFF9BDF80000BCE7000041
:108AE0008403002438B50446154600200090002C6D
:108AF00001D02A2901D2002038BD00F0CBFA45F27E
:108B0000AA526946204600F0E6F90122694620464D
:108B100000F00DFA01226946204600F008FA2A46C4
:108B20006946204600F0D7F920226946204600F029
:108B3000D2F9F8F7EBF902466946204600F0DBF976
:108B400002226946204600F0F2F9022269462046D8
:108B500000F0EDF901226946204600F0E8F9002214
:108B60006946204600F0E3F91023694617A2204623
:108B700000F08CF914226946204600F0ACF941F26D
:108B80007C526946204600F0A6F9C022694620467C
:108B900000F0CDF9A8226946204600F0C8F91F224E
:108BA0006946204600F0C3F9F7226946204600F0E6
:108BB000BEF9BDF80010204600F0AEF80246694646
:108BC000204600F088F9BDF8000038BD4C4544321D
:108BD0002D4150363138310038B505461446002055
:108BE0000090002D01D0362901D2002038BD00F0C0
:108BF00051FA45F2AA526946284600F06CF9012262
:108C00006946284600F093F990226946284600F00C
:108C10008EF922466946284600F05DF92C22694605
:108C2000284600F058F9F8F771F9024669462846D7
:108C300000F061F902226946284600F078F9022224
:108C40006946284600F073F901226946284600F07B
:108C50006EF9304C69462846227800F068F9042302
:108C60006946621C284600F028F9C0226946284659
:108C700000F05DF9A8226946284600F058F91F2245
:108C80006946284600F053F9F7226946284600F065
:108C90004EF941F27C526946284600F01CF9A2893F
:108CA0006946284600F017F922696946284600F00F
:108CB00022F962696946284600F01DF9A2696946F1
:108CC000284600F018F9E2696946284600F013F9D1
:108CD000226A6946284600F00EF9628969462846EC
:108CE00000F0F9F862796946284600F020F9002280
:108CF0006946284600F01BF9BDF80010284600F030
:108D00000BF802466946284600F0E5F8BDF8000079
:108D100038BD000084030024F0B506464FF6FF700E
:108D2000002E04D0002341F22105044613E0002068
:108D3000F0BDF25C80EA02200022070403D585EA38
:108D4000400080B201E004EA4000521CD2B2082A7E
:108D5000F3D35B1C9BB28B42EBD3F0BD0178407820
:108D600041EA00207047000030B40C461146029DD5
:108D70000B4A93695B1C936154715181022C09D198
:108D8000082D07D3136A5B1C1362224630BC0023F4
:108D900000F002B9224630BC012300F0FDB800000B
:108DA00084030024401A904201D301207047002020
:108DB000704700002DE9F84F8146334D05F1240836
:108DC0005CE04046FFF7CAFFA0F5AA41AA390AD0E5
:108DD000EA8940462C49521E2531F7F70EFBE889F7
:108DE000401EE8814AE028482A30FFF7B7FF0746CF
:108DF00007F10A0084B2B4F5807F08D90020E88129
:108E0000E869401CE8614FF0FF30BDE8F88FE88961
:108E1000A04201D20020F8E7A01E81B24046FFF731
:108E20007BFF82462E1906F12200FFF797FF82454D
:108E30000DD0E869401CE861E88906F12401021BB5
:108E40004046F7F7DAFAE889001BE88116E00E4899
:108E50002830FFF783FF02460B4B0097484695F8F2
:108E600027102C33FFF780FFE88906F12401021B4D
:108E70004046F7F7C2FAE889001BE881E8890A282A
:108E80009FD20020C1E70000840300242DE9F047B1
:108E90008046894616461F4600240AE0002216B185
:108EA000355D05B12A464946404600F040F8641C4D
:108EB000A4B2BC42F2D3BDE8F08770B50C461646AA
:108EC0001D462A46218808443146F7F796FA20883D
:108ED0002844208070BD70B505460E4614463146C4
:108EE0002846E2B200F023F8220A31462846BDE8BF
:108EF000704000F01CB870B505460E461446314669
:108F00002846E2B200F013F831462846C4F307229F
:108F100000F00DF831462846C4F3074200F007F888
:108F2000220E31462846BDE87040AFF300800B8822
:108F3000C2540888401C08807047000070B5054680
:108F4000104CE089FF2801D90020E081E08900234E
:108F50000C49C0F5807224310144284600F005FE1A
:108F600000284FF0FF3107DDE1890844E081284601
:108F7000BDE87040FFF71EBF01D1084670BD08462E
:108F800070BD00008403002402480021017081812B
:108F9000C18170478403002430B5A3B005460B4C53
:108FA000CDE900230B4622898021501C208103A893
:108FB000FFF744FD02462AB103A9284600F008F84D
:108FC00023B030BD6069401C6061F9E78403002470
:108FD0002DE9F04180460E46154600240D4F10E065
:108FE0002A1B40463119002301F0C6F8002806DC90
:108FF0007869401C78614FF0FF30BDE8F081204473
:1090000084B2AC42ECD3BD813869401C3861002089
:10901000F3E700008403002470B5A0B005460E4CB1
:1090200080212289501C20816846FFF75BFD0246A3
:109030004FF0FF363AB169462846FFF7C9FF38B10D
:10904000304620B070BD6069401C60613046F8E772
:10905000012020700020F4E78403002430B5A1B083
:1090600005460B4C80212289501C208101A8FFF766
:10907000B3FD02462AB101A92846FFF7A9FF21B096
:1090800030BD6069401C60614FF0FF30F7E70000C1
:109090008403002410B50948094C4068002809D011
:1090A00000F0AEF8010E6170010CA170010AE170D0
:1090B000207110BD0020C4F8010010BD3C03002445
:1090C0008403002410B50446062084F8360004F119
:1090D0003700216A09F0A2F8002809D140F2DC50DB
:1090E000A0862E2084F83D00002C01D00148606449
:1090F00010BD00002592000870B504460D46206A98
:10910000C1B2032905D009F0D5F810B16FF0040001
:1091100070BD284602F029F8216A284608F03EFA78
:10912000002070BD2DE9F041074600253846FDF7C7
:10913000EBFF04466E1E44B1206850B10078012157
:10914000B1EB101F04D1012503E03046BDE8F081EA
:109150000025384601F0F8F8206801F0C7FA38B168
:10916000FDF7F2FA207408B1044988603046EDE753
:1091700029462046FDF7ABFF0020E7E790000024DA
:109180002DE9F8430D469046FDF7BEFF04464FF02B
:10919000FF3734B16878194E30B1B8F1100F0DD1E6
:1091A00006E03846BDE8F883206801F0B9FA19E016
:1091B000687808B1022801D1A80708D06FF00F0025
:1091C000FDF7C2FA207400B1B0603846EAE768687B
:1091D0000090688800F020F8024620680023694665
:1091E00001F06AFA30B1FDF7AFFA207400B1B06057
:1091F0003846D7E700202074D4E700009000002410
:1092000000F47F42010641EA022100F47F0241EAB4
:10921000122141EA106070470106090C41EA102052
:10922000704700001CB5124809C8CDE90003487812
:1092300000F07F008DF8030088788DF80400C8786E
:109240008DF80500002A6FF0050409D0012A01D02D
:1092500020461CBD684609F025FB38B120461CBDE0
:10926000684609F093FC08B120461CBD00201CBDD7
:109270002C41010810B503F00DF901F035F901F0AA
:109280004BF901F05DFC06F093F903F0FDFDFEF7EC
:1092900083FBFDF74FF8BDE8104003F0F1B970B55E
:1092A0000446216848786FF00A034A68002A21D0F2
:1092B0000A780125B5EB121F1CD1227A032A01D0AE
:1092C000022817D0032810D0012810D0D00702D0D0
:1092D000084601F035FA216804204870206884624D
:1092E0002068BDE8704000F01DB8237103E0FB204A
:1092F000207100E02371206868B103F073F8014623
:10930000206890F9082012F10D0F01DD2279027218
:10931000084603F096F82068BDE870400C3003F072
:1093200041B900002DE9F04704464FF00008D4F899
:1093300004A0A06A007A00F0010900F002070328E7
:1093400011D0B9F1000F07D09AF8140005280CD0FD
:1093500006280AD0082808D04FB19AF81A00C0068B
:1093600005D5012504E0012502E0012500E00025E6
:109370001DB10021504603F0F9FA9AF814000128B3
:109380001FD0B9F1000F07D00021504605F092F927
:109390000021504603F089FA1FB10021504605F024
:1093A0001DFB45B100225046114604F095FB0021FB
:1093B000504603F015FD4DB1504603F0E9FA06465C
:1093C0000AE00021504603F070FAF4E73A464946B5
:1093D000504605F007FB06468EB1701C12D04FF0C8
:1093E0000108B8F1000F43D0A06AD0F8008008F15E
:1093F0000C0806710020A062607086B127E04FF073
:109400000108EEE7A06A407A0028EAD14FF001088F
:10941000002DE6D0504603F045FA0026E1E735B1CD
:109420006060E36A1BB10022204604219847B9F12D
:10943000000F05D0E36A1BB1002220461146984771
:109440002FB1E36A1BB100222046022198474CB19C
:1094500002F0C8FF94F9081011F10D0F00DD26721B
:1094600002F0EFFF404603F09DF80020BDE8F087D2
:109470001FB10949504605F0B1FA0849012250468A
:1094800004F02AFB0649504603F0AAFC2146504648
:1094900003F06CFA3046E9E7E1C10008F5B40008D2
:1094A0006D66000810B5044620684368002B20D084
:1094B000017801F0F00110292BD0202922D0402979
:1094C0001AD0FA202071206868B102F08BFF0146A3
:1094D000206890F9082012F10D0F01DD2279027247
:1094E000084602F0AEFF2068BDE810400C3003F0E3
:1094F00059B8F1202071E6E7A168184602F01EFC79
:109500002071E0E7A2891846A16806F01FF82071D3
:10951000D9E74178032903D029B1F6202071D2E799
:10952000F7202071CFE702F087FE2068A289A168AA
:10953000124B406803F0F4FA20710028C3D1206870
:1095400090F82010C1F3400103224270002906D098
:10955000206810F8201F41F00401017005E0206828
:1095600010F8201F21F00401017003D04FF0FB0020
:109570002071A8E72068846210BD00008195000872
:109580002DE9F04104460025002C0CD0A06A18B14A
:109590000271A06A05680C3520780121B1EB101F1B
:1095A00008D122B106E06FF00500BDE8F081204649
:1095B00002F042FE94F8200040F38006761C20F072
:1095C000040084F820000027A762677002F00AFFF9
:1095D00094F9081011F10D0F00DD277202F031FF30
:1095E000E36A1BB1002220460221984716B12846A3
:1095F00002F0D8FF0020D8E770B50446216848780B
:10960000002803D0022801D0032805D1032806D161
:1096100091F82000400702D4FB20207127E00025AC
:109620002571206801F08CF821684A689AB10878A1
:1096300000F0F000102836D0202805D0402808D1AE
:10964000104602F00DFC04E055622068406806F008
:10965000DDF8206845602068C36A13B10022114616
:1096600098472068C36A13B10022022198472068F6
:109670000C3002F09DFF002820D0206868B102F075
:10968000B1FE0146206890F9082012F10D0F01DDAE
:1096900022790272084602F0D4FE2068BDE87040CC
:1096A0000C3002F07FBF0420487003202072206835
:1096B00084622068BDE87040FFF734BE70BD10B50D
:1096C0000446022220680178B2EB111F05D14068E0
:1096D00005F066FF0020207101E0FA20207120686B
:1096E00068B102F07FFE0146206890F9082012F16F
:1096F0000D0F01DD22790272084602F0A2FE2068F9
:10970000BDE810400C3002F04DBF10B504466FF0BC
:109710000A0320684068002840D0217C19B1A16864
:109720000068086002E0A1684068086000202071BD
:109730002068017801F0F00110291DD020290AD0FD
:1097400040292CD1217C21B14068E168007C08804F
:1097500025E0237123E0217C21B14068E168408A43
:1097600008801CE04068017C490701D4237116E0A1
:10977000E168808A088012E0217C21B94268127D6C
:109780002AB1012A03D021B14068C08A03E02371C5
:1097900005E04068008BE168088000E023712068E4
:1097A00068B102F01FFE0146206890F9082012F10E
:1097B0000D0F01DD22790272084602F042FE206898
:1097C000BDE810400C3002F0EDBE70B504466FF0FD
:1097D0000C05206890F90810A94201DC217119E0FC
:1097E0004168A9B100780221B1EB101F0DD1207C96
:1097F00028B1D4E90210FEF7B5F920710AE0D4E9E6
:109800000210FEF74DF9207104E0FA20207101E00A
:10981000F5202071206860B102F0E4FD0146206867
:1098200090F90820AA4201DD22790272084602F06E
:1098300008FE2068BDE870400C3002F0B3BE10B5E1
:1098400004460020207120684068002802D120468C
:1098500001F0FEFC206868B102F0C4FD01462068FA
:1098600090F9082012F10D0F01DD227902720846ED
:1098700002F0E7FD2068BDE810400C3002F092BE17
:109880002DE9F0410546002028712868416800292B
:1098900016D000780121B1EB101F11D1AC684FF444
:1098A00080384FF6FF77444501D33E4600E0A6B22C
:1098B00028683146406804F015FFA41B002CF2D143
:1098C000286868B102F08EFD0146286890F90820EA
:1098D00012F10D0F01DD2A790272084602F0B1FD86
:1098E0002868BDE8F0410C3002F05CBE70B504465B
:1098F0006FF00C06206890F90800B04201DC20717E
:109900002AE0F5202071206845682DB3007800F02A
:10991000F000202815D040281ED1A06810F1080FB3
:1099200009D0816839B100F108020168284602F0C7
:10993000B2FA207110E00168284602F0A9FA2071FD
:109940000AE0A0688168E1B100F10802838901683A
:10995000284605F07DFF2071206860B102F042FDCD
:109960000146206890F90820B24201DD2279027296
:10997000084602F066FD2068BDE870400C3002F039
:1099800011BE0168284605F059FF2071E4E770B563
:1099900004466FF00C05206890F90810A94201DC1C
:1099A00021711BE002780121B1EB121F14D1427822
:1099B00012B1FB20207111E0426852B14170206861
:1099C00084620020216848622068BDE8704000F091
:1099D0001AB8F520207101E0FA202071206860B1EA
:1099E00002F000FD0146206890F90820AA4201DD3E
:1099F00022790272084602F024FD2068BDE870401A
:109A00000C3002F0CFBD2DE9F05F04460027A06ABC
:109A1000037C94F82010890701D4590702D54FF030
:109A2000010801E04FF000088168626A1144C068D3
:109A3000801AB0F5803F04D34FF6FF7643F002035F
:109A400000E086B26568B5F860006FF0060AB042C3
:109A500008D20646B8F1000F02D01EB955460AE0FA
:109A600043F002033246284605F0B7F905462800C0
:109A700001D0681C24D1B8F1000F10D0A06AC068D2
:109A8000B0420CD9E36A1BB1032132462046984705
:109A900094F8200040F0100084F8200010E0606886
:109AA00041F21C12B0F86010914203D9B0F8620084
:109AB0000C2805D3E36A1BB10321324620469847A0
:109AC0006FF00C0B4FF0000905B3681C37D001276D
:109AD000A06AC0F80C90B7B1A06A06680C36057190
:109AE000C4F82890C4F8249084F8019044B102F09E
:109AF00079FC94F90810594500DD257202F0A1FCAB
:109B0000304602F04FFD0020BDE8F09F606A30440F
:109B10006062A16ACA68904202D0B8F1000F01D019
:109B2000C8600127606803F0A3FD584501DD011DF1
:109B3000D1D105460127A06AC0F80C90CBE7606838
:109B400003F096FD58450ADD011D08D0B8F1000F5D
:109B5000C1D055460127A06AC0F80C90BBE7054666
:109B60000127A06AC0F80C90B5E71CB5002400944A
:109B7000019400F001F81CBD2DE9FF4F87B00446A9
:109B80001646DDF854A000200690002780462046A7
:109B9000FDF7BAFA0446200003D1401E0BB0BDE821
:109BA000F08F606808B1069044E00A98000704D47A
:109BB000206890F8200080070FD5B4F90A0000282B
:109BC0000BDC002F03DD002020743846E6E76848F0
:109BD0000B2181604FF0FF30E0E72068012102781F
:109BE000B1EB121F04D106A900F020FF054603E0E7
:109BF00006A900F071FE0546D5B1002F0ADD0F352C
:109C000004D1002220681146FDF756F90020207487
:109C10003846C3E72846FCF797FD207408B154493D
:109C200088600F3502D04FF0FF30B7E70020B5E76E
:109C300006986060206801780120B0EB111F02D106
:109C4000DDF8189002E00698D0F80090B9F8080006
:109C50002389C01A1FFA80FB5E4501D95D4600E0EA
:109C6000B5B208982A46C119484601F053F92F4465
:109C7000206801780120B0EB111F0FD1761B56B17F
:109C800099F80D00C00706D1B4F90A00002802DDDA
:109C90000A98C00704D04FF0010801E04FF0010816
:109CA000B8F1000F39D01498B8B3BAF1000F34D01E
:109CB000206801210278B1EB121F07D10DF11009C4
:109CC0000023494605AA00F0A3FD06E0DDF8189040
:109CD000B9F80C00059009F1080910208DF8000072
:109CE00002208DF80100BDF81400FFF795FAADF8D9
:109CF0000200D9F8000001900020029003909DF826
:109D00000000DAF80010814201D9CAF80000694663
:109D1000DAF800201498F6F770FB0A98C0071ED1F5
:109D2000206801210278B1EB121F09D1ABEB0502CB
:109D3000002A05DD069860602089284420810EE015
:109D40000025656025810078B1EB101F03D10698CE
:109D500001F016F902E0069800F02BFC0695B8F128
:109D6000000F3FF41EAF00202074384616E70000B5
:109D7000900000242DE9FF4F91B00D4616461F4676
:109D8000DDF878B000200F900DA90EAA3B460CA874
:109D90000290CDE9002111983246294600F03AF9A7
:109DA00080465FEA08007DD1BBF1000F06D0DBF8EA
:109DB000000018B9DBF80400002873D000200590DB
:109DC00006900795089609970A9000210BA8109015
:109DD00002F0B3FB8E4C30B10C20A0604FF0FF308E
:109DE00015B0BDE8F08F02F0FDFA0146206805903D
:109DF00005AA00B1426005AA854802604268521C6B
:109E00004260084602F01DFBDDF844A000244FF03C
:109E1000010937E065B1122C0AD2E01704F00701FE
:109E200004EB5070C01009FA01F1285C08421BD104
:109E300066B1122C0AD2E01704F0070104EB50704F
:109E4000C01009FA01F1305C08420DD1CFB1122CDB
:109E500017D2E01704F0070104EB5070C01009FAA4
:109E600001F1385C08420CD002F0BCFA04902046A4
:109E700005F012FBF8B1417C491C4174049802F0D2
:109E8000E0FA641C11988442C4DBB8F1000F35DBA2
:109E90000DA93B460EAA0CA80290CDE9002132463E
:109EA000294600E09DE0119800F0B4F880465FEA92
:109EB000080007D022E04FF0FF38A246049802F0D5
:109EC000C0FAE2E7BBF1000F11D0DBF804004FF459
:109ED0007A7100F5FA7090FBF1F1DBF8000000EB0D
:109EE0004002C2EBC01001EBC00111B102E0002141
:109EF00000E00121109802F07AFA0F9000243BE074
:109F000065B1122C0AD2E01704F0070104EB50707F
:109F1000C01009FA01F1285C08421BD166B1122C6D
:109F20000AD2E01704F0070104EB5070C01009FAE0
:109F300001F1305C08420DD1EFB1122C1BD2E017B9
:109F400004F0070104EB5070C01009FA01F1385C0D
:109F5000084210D002F046FA8346204605F09CFAEB
:109F600020B1417C21B1491E417401E04FF0FF381E
:109F7000584602F066FA641C5445C1DB02F032FA1E
:109F80000146059808B1069A426005A8204C22684F
:109F9000824202D10598206002E0DDE905021060EE
:109FA0006068401C6060084602F04BFA109802F0AE
:109FB000C1FAB8F1000F04DA0920A0604FF0FF30B9
:109FC0000EE70F98401C0CD00DA93B460EAA0CA81A
:109FD0000290CDE9002111983246294600F01AF886
:109FE00080462DB1BDF8380028809DF83A00A87051
:109FF0002EB1BDF8340030809DF83600B0702FB11E
:10A00000BDF8300038809DF83200B8704046E7E671
:10A01000900000242DE9FF4F87B00E461746984662
:10A020000025002006900590049000244FF00109BF
:10A0300085E066B1122C0AD2E01704F0070104EBA8
:10A040005070C01009FA01F1305C08421ED167B1AE
:10A05000122C0AD2E01704F0070104EB5070C01074
:10A0600009FA01F1385C084210D1B8F1000F65D04F
:10A07000122C63D2E01704F0070104EB5070C010FB
:10A0800009FA01F118F80000084257D002F0AAF9C5
:10A090000390204605F000FAF0B3D0F804A0B0F920
:10A0A0000AB081890291C0890190039802F0C9F930
:10A0B000AEB1E01704F0070304EB5070C01009FACA
:10A0C00003F1325C0A420AD0BAF1000F02D1BBF1AF
:10A0D000000F04DD06AA135C0B4313546D1C8FB1F3
:10A0E000E01704F0070304EB5070C01009FA03F105
:10A0F0003A5C0A4206D0029A22B105AB1A5C0A43C6
:10A100001A546D1CB8F1000F18D0E01704EB507012
:10A11000C01018F8002000E00DE004F0070309FA71
:10A1200003F10A420AD0019A22B104AB1A5C0A4335
:10A130001A546D1C02E0039802F083F9641C07981E
:10A140008442FFF676AF1498BDF8181001809DF890
:10A150001A1081701598BDF8141001809DF8161022
:10A1600081701698BDF8101001809DF81210817052
:10A170000BB02846BDE8F08F2DE9FE4381460F461F
:10A1800090461D464846FCF7BFFF04464FF0FF3699
:10A1900084B12068012201780020B2EB111F0BD09E
:10A1A0002B464246394600900190484600F024F87C
:10A1B000BDE8FE833046FBE7022101EAD503042116
:10A1C0005B1C01EA55010B43029002A80090206835
:10A1D0004246394600F048FC05462846FCF7B4FAEA
:10A1E000207408B1034988600DB13046E0E7029859
:10A1F000DEE70000900000242DE9FF5F80468946DD
:10A2000017469B46DDE90E5A4046FCF77DFF0446A3
:10A210004FF0FF3674B1206801210078B1EB101FB8
:10A220000AD15B463A4649464046FFF7A5FF04B0CF
:10A23000BDE8F09F3046FAE71FFA87F8224F55EA4B
:10A240000A0010D0BAF1100F04D16878022801D1A9
:10A25000A80708D06FF00F00FCF776FA207400B161
:10A26000B8603046E3E70021019100912DB16868A4
:10A2700002906888FEF7D0FF01E000200291ADF85F
:10A280000C004146684600F07DF940B10098424616
:10A2900049464068F6F7B1F8002515B106E03546A5
:10A2A000FBE72068694600F0CDFB0546684600F0F4
:10A2B00092F92846FCF748FA207400B1B8600DB155
:10A2C0003046B4E74046B2E79000002470B51C4D1C
:10A2D00001294FF0FF3619D002290CD0032903D0F1
:10A2E0001620A860304670BD4020D1B2154A00F05B
:10A2F000C3FA044610E0882A06D02020114A002123
:10A3000000F0BAFA044607E02120F7E70D4A0021E1
:10A31000102000F0B1FA04463CB100212046FAF7C3
:10A3200019FE411C05D0A06170BD6920A8603046AF
:10A3300070BD204600F0DAF91720A860304670BDE5
:10A3400090000024B96E00087CB5FCF7DDFE0546E0
:10A3500028001BD000240E4E04EB440056F82010B9
:10A36000A94210D106EB80018A6801924A680092E6
:10A37000002246F820204A608A600123286801A94B
:10A380006A4600F05DFA641C122CE5DB7CBD00001F
:10A39000DC07012418B50022009200F00103002B15
:10A3A0000BD0002909DD10F8014B8DF80140491E42
:10A3B00003E030F8024B2244891E0129F9DC002910
:10A3C00002DD00788DF80000BDF80000104481B275
:10A3D00001EB104081B201EB104023B1C1B2C0F3D8
:10A3E000072040EA012080B218BD00001CB5F6F736
:10A3F000E3FA0DA0FAF706F91148012100234FF402
:10A40000A062CDE9001012480EA109F03DF8012824
:10A4100002D04FF0FF301CBD05F0C4FD0DA0FAF7CF
:10A4200003F900201CBD00000D0A5B626F6F745DB4
:10A43000206D61696E20656E74657265640D0A0039
:10A44000140000246170705F7468726561640000BC
:10A450007DC200084D61696E28292066756E63749F
:10A46000696F6E2072657475726E6564202D20654B
:10A4700072726F7200000000F0B50B30154D20F0C5
:10A4800007010024144A0FE003688B420BD38B4270
:10A4900005D95E1A43184768C3E9006700E04368BE
:10A4A000136002C004E0021D10680028ECD12046B1
:10A4B000002802D1286808B10020F0BD064A0748EC
:10A4C0001060074A121A22F00702C0E90024012096
:10A4D0002860D7E7AC020024A802002414940124C9
:10A4E000105C0224FCF7BCBD7047FFF7C5BF704786
:10A4F000112806D2002904D0024A52F82000FBF7A6
:10A50000B7BF70474C390108002803D0002901D09B
:10A51000FBF7AEBF7047000030B50024044D55F87E
:10A52000240000F007F8641CA4B2112CF7D330BD4E
:10A530004C3901088268002111604168C91C21F072
:10A540000301002207E083681B680B6083681960C1
:10A5500003881944521C43889342F4DC704700007E
:10A56000112801D300207047024951F82000FBF761
:10A570008DBF00004C390108002801D0FBF786BFD1
:10A580000020704770B504460D46002C0DD02068A1
:10A5900008B100F0F5FC00222946104600F06AFBE5
:10A5A000206020B16060406870BD002070BD002058
:10A5B00070BD10B50446002C0CD0206820B100F00E
:10A5C000DFFC0020606020602146BDE810400620CE
:10A5D000FFF78EBF10BD10B50446002C06D02068D2
:10A5E00008B100F0CDFC00206060206010BD2DE9B6
:10A5F000F04106460F460720FFF7B2FF044664B15C
:10A60000002525722670656006F0F00010280BD03A
:10A61000202807D0402817D102E00020BDE8F081B3
:10A62000002102E0002100E0002104F110000646B4
:10A6300001F03BFF40B9002104F10C0001F07DFF67
:10A6400040B1304601F027FF07202146FFF750FFB9
:10A650000020E3E704F1140001F03AFF65704FF0C9
:10A66000FF30A061E762A5626562E56184F8205071
:10A670002046D3E710B50C46214622680C3204F080
:10A6800063FE002801D194F9040010BD00B585B027
:10A6900000280BD000908DF8081029208DF80900B3
:10A6A00069460448FFF7E6FF05B000BD6FF00F00F4
:10A6B000FAE700009F92000800B585B0002801D09D
:10A6C00021B104E06FF00F0005B000BD0549009016
:10A6D0000291ADF80C20ADF80E3069460248FFF744
:10A6E000C9FFF1E71C3A0108A594000810B586B02F
:10A6F0000446002C0FD0019429208DF80D0001A9EB
:10A700000648FFF7B7FF002803D1204600F068F89D
:10A71000002006B010BD0020FBE70000F9950008FE
:10A7200000B585B0002806D0009069460348FFF7C1
:10A73000A1FF05B000BD6FF00F00FAE7BF9600085B
:10A74000F8B5044604F11000074601F0D2FEF8B156
:10A75000012611E02078B6EB101F0AD1009D5DB1F3
:10A76000606810B1298903F0BDFF284600F008FC9D
:10A7700002E00098FFF71DFF6946384601F022FE0F
:10A78000401CE7D1384601F086FE384601F0A0FEB5
:10A7900004F11400074601F0ACFE00281CD00F4D58
:10A7A00000260DE0009CAC420AD02046FFF7C8FF0F
:10A7B000606810B102F076F86660204600F010F88C
:10A7C0006946384601F0FEFD401CEBD1384601F0E9
:10A7D00062FE384601F07CFEF8BD00008C000024CB
:10A7E00070B5044604F1100001F083FE04F114007A
:10A7F00001F07FFE04F10C00054601F09BFE2846A7
:10A8000001F0CDFE2146BDE870400720FFF770BE85
:10A8100010B586B00446002C6FF00F000CD0002954
:10A820000AD0002A08D001948DF8143003910492C4
:10A8300001A90248FFF71EFF06B010BD0B970008E4
:10A8400000B585B0002801D021B104E06FF00F0001
:10A8500005B000BD064902B9054A00900291039275
:10A860008DF8103069460348FFF704FFF0E7000059
:10A870001C3A0108CB97000870B586B00D4611460A
:10A88000FFF7B5FE044614B38DF80C50019401A9EE
:10A890001048FFF7EFFED0B104F11000054601F0BB
:10A8A00028FE04F1140001F024FE04F10C00064619
:10A8B00001F07EFE304601F03DFE284601F0EBFD42
:10A8C00007202146FFF714FE002006B070BD204689
:10A8D000FBE700003F980008F8B506460D46002D3E
:10A8E0006FF00F0019D000272F60002E15D03078A0
:10A8F0000121B1EB101F1DD100970620FFF730FE9C
:10A9000004465CB16946304600F01AF8064646B186
:10A9100006202146FFF7ECFD3046F8BD4FF0FF3032
:10A92000F8BD0098206000986060A781A7602C6047
:10A930000020F8BD29463046BDE8F840AFF300805E
:10A940002DE9F04387B004460D4600200690002D07
:10A950006FF00F0129D028605CB3207801274E1CCE
:10A960006FF00A09B7EB101F04F1100803D140463D
:10A9700001F0BFFDF8B1404601F0BBFD20B394F9F2
:10A98000080010F10D0F11DDE26906A9404601F043
:10A99000DFFC401C1AD02078B7EB101F37D1019490
:10A9A0000698B0B10089039014E0084607B0BDE8EE
:10A9B000F0830846FAE704F1140001F09AFD08B1AB
:10A9C0004846F3E73046F1E74846EFE76FF002000C
:10A9D000ECE7039701A91448FFF74CFE069808B16D
:10A9E000028917E0E36A1BB1002220460121984743
:10A9F000606828B101212046FFF748FE3046D5E7C0
:10AA000094F908000028D1D16FF00D00CEE7069828
:10AA100000680289E36A13B101212046984706982D
:10AA200028600020C2E7000081980008002804D0B8
:10AA300002780123B3EB121F02D06FF00F007047B2
:10AA4000FFF77EBF00B585B0002807D000900291C7
:10AA500069460448FFF70EFE05B000BD6FF00F0019
:10AA6000FAE70000ED980008F0B585B015460A9C9D
:10AA7000002808D002780126F71FB6EB121F05D078
:10AA8000384605B0F0BD6FF00F00FAE73DB190F821
:10AA90002020920701D45A0703D5012602E00020A6
:10AAA000EFE7002606B184B1009002918DF81030D6
:10AAB000039569460748FFF7DDFD0028E1D1002C2A
:10AAC000DFD026B103992160DBE73846D9E725605E
:10AAD000D7E700008F9900082DE9F0410446DDE931
:10AAE0000757069E00206060A060E06084F83D008B
:10AAF0006062A0624FF0030C84F82CC0E0616064D7
:10AB000026620E4E307884F84000401C3070276179
:10AB1000204600F02FF82046A84710B10020BDE8DD
:10AB2000F08170682060746094F83D00800602D562
:10AB30002046FDF717F92046F1E70000FC0000244D
:10AB4000704710B50446C80713D06068002810D0BD
:10AB500094F83D00000703D5211D2046FCF786F838
:10AB600094F83D00800604D52046BDE81040FDF76E
:10AB7000A8B810BD2DE9F04107460C4615461E4603
:10AB8000002C0FD0216869B12946384600F052F8F0
:10AB90003146384600F01AF821463846BDE8F04103
:10ABA00000F01CB82146384600F018F8294638460F
:10ABB00000F040F831463846BDE8F04100F006B8F4
:10ABC0000149886070470000FC000024002902D081
:10ABD0000968C16070470021FBE7000038B50446F2
:10ABE0000D46002D02D02868009002E01048006851
:10ABF000009000986168884217D0201D694602F0D5
:10AC000089FC201D694604F0ADFD201D694601F058
:10AC1000F1F85DB12868606001212046FFF791FFDF
:10AC2000E169002901D02046884738BD0020F2E7BD
:10AC30001C3A0108002902D0096881607047002190
:10AC4000FBE710B5044694F83D00C10711D140F070
:10AC5000010084F83D00E16909B12046884794F875
:10AC60003D00400705D52046BDE810400321FFF711
:10AC700068BF10BD2DE9F0470D461646052818D2CD
:10AC8000DFE800F0030507090B00542706E0402722
:10AC900004E02C2702E0002700E000274FF0010924
:10ACA000052E4FF0000877D2DFE806F058797906D4
:10ACB00006000020BDE8F087032E1FD01020FFF70C
:10ACC0004FFC0446FCB12673C4F80080E019133031
:10ACD00020F0030060602581FF1C27F00300A0F234
:10ACE0001C604042A84200D9284680B26081A4F886
:10ACF0000E9027462D1A40F21C6A21E00F20FFF724
:10AD00002FFC0446DEE700F0D7F90020D2E7032E3F
:10AD100019D01020FFF724FCC8B1067380F80D800D
:10AD2000C0F800803860A9B20181514500D3514676
:10AD3000418100F110024260A0F80E906D1A0746A2
:10AD4000002DE4DC37E00F20FFF70AFCE4E700F019
:10AD5000B3F9204600F014F90020ABE707F1130027
:10AD600020F00302E81C20F003015018C01C8142AF
:10AD700001D900209EE7FFF7B8FB044620000CD065
:10AD8000E019133020F00300606025816581C4F86C
:10AD9000008084F80C800EE015E000208AE70E2089
:10ADA000FFF7DEFB044664B1C4F8048025816581A9
:10ADB000C4F800802673A4F80E9084F80D80204615
:10ADC00078E7002076E7002074E770B5054618465E
:10ADD000DDE90446052D15D2DFE805F00305070976
:10ADE0000B00542306E0402304E02C2302E0002360
:10ADF00000E00023DB1C23F003035D18B54203D9F8
:10AE0000002070BD002070BD0025056014B12344F2
:10AE1000436000E045600223437301814181027376
:10AE20000121C18170BD10B500280FD000290DD0BF
:10AE300004E003890C892344038110460268002A38
:10AE4000F7D102890B891A440281016010BD10B547
:10AE50000C462146FFF7E7FF2046BDE8104000F012
:10AE600084B9002102E0491C89B200680028FAD1A7
:10AE7000084670472DE9F04705460C460026002796
:10AE8000002D6FF00F0904D01CB128892189884258
:10AE900002D24846BDE8F0876FF0050A68896189EB
:10AEA000801BC91B884202DB1FFA81F801E01FFAF0
:10AEB00080F860684246C11968683044F5F79DFA29
:10AEC00006EB080086B207EB080087B26089B8423B
:10AED00001D8002724686889B04205D100262D6872
:10AEE00015B90CB14846D5E73CB160892189884243
:10AEF00003D1206808B15046CCE73DB16889298963
:10AF0000884203D1286808B15046C3E7002CC5D158
:10AF10000020BFE72DE9F047894616464FF00008AC
:10AF2000002805D0B9F1000F05D00027044622E023
:10AF30000020BDE8F0870020FBE72BB16089984234
:10AF400002D8181A83B215E06089C01A85B2B542DA
:10AF500000D9354660682A46C11809EB0700F5F7A5
:10AF60004CFA08EB05001FFA80F8781987B2701BBD
:10AF700086B2002324680EB1002CDED14046D8E70B
:10AF800070B50446002C01D000260BE0002070BDF7
:10AF900001F028FAE189491E8DB2E58101F051FAEC
:10AFA00025B10024002CF3D1304670BD2568207BEC
:10AFB000617B890703D52169204688470AE0032879
:10AFC0000CD004280FD0012812D0022810D020461F
:10AFD000FFF788FA761CF6B22C46E3E70F202146ED
:10AFE000FFF786FAF6E710202146FFF781FAF1E72E
:10AFF0000E202146FFF77CFAECE7000070B501F067
:10B00000F1F9094900250D7001F01BFA07480468A1
:10B0100007E0206F20B1206F03F071FC256770BD41
:10B02000E468002CF5D170BD08010024280100243B
:10B03000FFF7E4BF002200F003B80122AFF3008065
:10B0400030B5002908D038B108DA4B429DB24389A7
:10B05000AB4204D2012030BD002030BD8DB2037B55
:10B0600044684BB1032B07D0042B05D0022B0CD026
:10B07000012B0AD0012030BD621A426000F110039A
:10B080009A420FD24460012030BD002905DA43897D
:10B09000AB4202D3621A426004E000290ADD4AB1E1
:10B0A000621A426042890A44428102891144018144
:10B0B000002030BD012030BD70B501F093F90C4D7A
:10B0C0002C780121297001F0BCF9002C0ED100224E
:10B0D0000848114604F0A8F8002807D001F082F9CA
:10B0E00000212970BDE8704001F0ABB970BD0000CF
:10B0F0000801002431B0000838B514466A4600F053
:10B1000042F8002806D04389BDF800108B4201D9CF
:10B110004068445438BD70B502898A4224D98A1ADD
:10B120000D46044605E0281A85B220891044208186
:10B1300024686089A842F6D3207B68B96089A84258
:10B140000AD0607B800707D4A088001B80B2411919
:10B150002046FFF7CCF9044665812581206808B1B7
:10B16000FFF70EFF0020206070BD10B50446002CD4
:10B1700008D001F037F9E189491CE181BDE81040B0
:10B1800001F05FB910BDAFF3008002E0C91A89B2C7
:10B19000006810B143898B42F8D9002A00D0118091
:10B1A00070472DE9F04188461546002700286FF0CA
:10B1B0000F0108D0B8F1000F07D00189914206D2E3
:10B1C000781EBDE8F0810846FBE70846F9E7064629
:10B1D0000FE02C467089A04200D20446706808EB4C
:10B1E00007012246F5F709F9281B85B2381987B2FD
:10B1F0003668002DEDD10020E3E7F8B50E46154680
:10B2000019466A46FFF7BFFF044620001CD0BDF870
:10B21000000021894219914216D32F466189091AEB
:10B22000A94200DA0D46ADB261682A4608443146AB
:10B23000F5F7E3F8781B82B271191AB12068FFF7AD
:10B24000B0FFF8BD0020F8BD4FF0FF30F8BD0000A2
:10B2500010B5044600202168097801F0F00110299A
:10B2600022D020290FD0402902D0FA20207110BD11
:10B27000217A00F0EFFD216848602268E8B11249A8
:10B2800000F0EBFD19E004F096FA216848602168AF
:10B2900098B10978222901D10121017422680B4952
:10B2A000506804F0AFFA08E002F06DF921684860D8
:10B2B000216810B1084600F0BFFF206840680028F0
:10B2C000D5D1FF20207110BD39BF00083BC0000858
:10B2D00004490144C1F38720B1F5205F00D9FF2064
:10B2E000704700000000FEA770B586B005460C460A
:10B2F0002868FFF7EDFF0646FF2E25D000F0F5F891
:10B30000174850F8260080472979012000FA01F1FA
:10B310000191032104910021C4B1012C16D0032C0A
:10B3200014D0022C14D0112202929CB1052C11D001
:10B33000012C11D0039101A92868F5F7E1FC00F078
:10B34000D6F8002006B070BD0420FBE70291ECE7C0
:10B350000290EAE70390EEE702200390EBE700009B
:10B360004C4101082DE9F04F85B004460F46924646
:10B370009B462068FFF7ACFF8046B8F1FF0F08D06E
:10B3800026794FF0010909FA06F5E80605D0B61D41
:10B390000CE0042005B0BDE8F08F15F4787F01D0F3
:10B3A000172603E015F47C4F08D02826012F07D07C
:10B3B000022F08D0032F09D00520EBE70520E9E78D
:10B3C0001C48019004E01C48019001E01B480190DA
:10B3D00000F08BF81A4850F82800804700200290AF
:10B3E00000952179174800EB011181F8009022792E
:10B3F000216800EB02125160217900EB0111C1F8C4
:10B4000008A0217900EB0110C0F80CB06946206853
:10B41000F5F776FC002E09DB06F01F0009FA00F9AB
:10B420007009800000F1E020C0F8009100F05FF8A2
:10B430000020AFE7000011110000211100003111C0
:10B440004C4101080C93012438B50F48016841F0C4
:10B4500002010160006800F002000090F7F762FA54
:10B460000024002220460F21F5F7CAFD641CE4B237
:10B47000642CF6D30320F5F7E3FD00F012F8BDE8E5
:10B48000384000F003B80000F444025810B506211B
:10B490003120F9F7E9F80621BDE810403B20F9F723
:10B4A000E3B810B500216FF00B00F9F7EDF80021BB
:10B4B0006FF00A00F9F7E8F800216FF00900F9F7DA
:10B4C000E3F80021481FF9F7DFF80021081FF9F71A
:10B4D000DBF80F216FF00100F9F7D6F8BDE8104056
:10B4E0000F214FF0FF30F9F7CFB800207047002050
:10B4F0007047704710B504466078012802D00428D0
:10B5000004D00CE02046FEF77EFA08E0A06A18B1ED
:10B51000417A09B1491E41722046FDF703FF94F8B4
:10B520002010C80615D5606898B1B0F8602041F2C7
:10B530001C139A420DD9B0F862000C2809D221F0F0
:10B54000100084F82000E36A1BB10022204602218B
:10B550009847002010BD000008B500F00FF8002843
:10B5600008D0FBF775FF009004210348806842680B
:10B570006846904708BD000078020024034600207A
:10B58000064A5168B1F5806F03D3C1F309005060DA
:10B59000012051681944516070470000780200246E
:10B5A000F0B591B006460F460022002401AD3946A1
:10B5B0003046F9F75FFE024645F82420641C102C43
:10B5C000F5D30020064955F8203051F820205A4084
:10B5D00041F82020401C1028F5D311B0F0BD000028
:10B5E000CC8A0124F0B5194F174A386852F8201058
:10B5F000C31E03F00F0352F8233081EA030484EAE8
:10B60000014181EAC331C31F03F00F0352F8233015
:10B6100083EAD32581EA050342F820300C4C04EA82
:10B6200043165E40401E00F00F043C6052F82400B8
:10B6300080EA0103734083EA800080EA814080EA67
:10B64000057042F82400F0BDCC8A01247802002461
:10B65000242D44DA2DE9F04104460F46174EF568D3
:10B660003068001D04F0B0F938B9306890F82C103B
:10B6700001208840316981433161601C07D137B1B5
:10B680003168BDE8F0410E48091D04F00FBA2C44A2
:10B6900030684460AC4206D23168B06B091DBDE829
:10B6A000F04104F0EBB93168706B091D04F0E6F964
:10B6B000B06A844200D2B462BDE8F0812800002460
:10B6C000C807002470B5044604F0FCF91C4DA868B6
:10B6D000401CA860286810B1686938B10CE02C6083
:10B6E000A868012808D100F061F905E02868E16A3E
:10B6F000C06A884200D82C60686A401C6862E06AB0
:10B7000001212A698140114329610E4900EB800023
:10B7100001EB8000211D04F0C9F904F0FDF968690E
:10B7200000280CD02868E16AC06A884207D206491E
:10B730004FF080500860BFF34F8FBFF36F8F70BD25
:10B7400028000024F804002404ED00E070B5124E37
:10B75000124D1CE004F084FC306820B1002407F096
:10B76000C7FFA4B901E00124F9E704F0ABF9F068E0
:10B77000C468201D04F028F9A868401EA860686805
:10B78000401E686004F0C8F9204600F04BF8686875
:10B790000028DFD170BD0000B40700242800002479
:10B7A0000B4630B4026C002A0CD0C1681144C16051
:10B7B0004468A14201D30168C160C168184630BC29
:10B7C000F4F71BBE30BC70472DE9F0410446174624
:10B7D0000026A56B226C002A1FD07FB1E068F4F729
:10B7E0000CFEE168206C091AE1602268914202D2E5
:10B7F0006168081AE060022F0DD00EE0A068F4F72F
:10B80000FCFD216CA0680844A0606168884204D3F4
:10B810002068A06001E005B16D1E6D1CA563304677
:10B82000BDE8F08110B50446206B04F095F9204680
:10B83000BDE8104004F090B94FF480310F48420742
:10B8400006D0C01D20F007000C49411AC1F5803117
:10B850000B4A1060002353600144083921F00701AE
:10B86000103A11604B600B600B1A43600160406836
:10B87000906050604FF00040D0607047DC070024BB
:10B8800078000024074E4FF08054074DFFF75EFF0D
:10B8900030680128FAD92C60BFF34F8FBFF36F8F48
:10B8A000F4E70000F804002404ED00E010B5029C69
:10B8B000002909D02260E06321640121204607F0BD
:10B8C000B9FB0020A06410BD2460F4E72DE9F04727
:10B8D000DDE908580A9C81460E469A46521E206BA6
:10B8E00000EB820020F00707780705D01AA140F28C
:10B8F000363229A0F8F798FE00202218315C82F831
:10B900003410315C11B1401C1028F6D3002684F8A5
:10B9100043602548C06B854200D31F25E562201D8A
:10B9200004F0A9F804F1180004F0A5F82461C5F1A9
:10B930002000A0616462666484F84860524649460B
:10B94000384600F0E9F92060B8F1000F01D0C8F8DE
:10B950000040BDE8F08700002E2E5C2E2E5C2E2EBF
:10B960005C576946695F53444B5C57494345445CA7
:10B9700052544F535C4672656552544F535C766522
:10B9800072392E302E305C536F757263655C746152
:10B99000736B732E630000004572726F723A2573E9
:10B9A0002C25640D0A0000002800002470B5002436
:10B9B000114D04EB840005EB800004F051F8641C89
:10B9C000202CF6D30D4804F04BF80C48143004F04A
:10B9D00047F80A48283004F043F808483C3004F09F
:10B9E0003FF80648503004F03BF8054803494163EE
:10B9F0001431816370BD0000F8040024780700242E
:10BA00002800002430B5134900E011460A6882423C
:10BA1000FBD34B685C18844203D1406818444860EB
:10BA200008460D6844682318AB420DD1094B103B02
:10BA30001B689A4206D05268224442600A68126823
:10BA4000026002E0036000E00260814200D0086012
:10BA500030BD00007800002410B5044604F032F830
:10BA6000A06B20B1002404F057F8204610BD01243B
:10BA7000F9E710B5044604F025F8A06BE16B8842A5
:10BA800001D1012400E0002404F046F8204610BD56
:10BA90002DE9F3410F460098846C0026002C05D157
:10BAA00017A140F6CE1226A0F8F7BEFDA06BE16B01
:10BAB000884205D312A140F6CF1221A0F8F7B4FDB9
:10BAC000A06BE16B88420CD294F945503A46694626
:10BAD0002046FFF779FE0646681C05D06D1C84F8E9
:10BAE00045503046BDE8FC81606A0028F9D004F179
:10BAF000240007F099FD0028F3D00126F1E70000AB
:10BB00002E2E5C2E2E5C2E2E5C576946695F5344A8
:10BB10004B5C57494345445C52544F535C467265F5
:10BB20006552544F535C766572392E302E305C531B
:10BB30006F757263655C71756575652E63000000D5
:10BB40004572726F723A25732C25640D0A0000004D
:10BB50000748416B0968002905D0416BC968C9686D
:10BB60004968816270474FF0FF3181627047000081
:10BB70002800002409484068401C05D0084909A055
:10BB800040F20912F8F750FD502072B680F3118888
:10BB9000BFF34F8FBFF36F8F62B6FEE780000024C4
:10BBA000004201084572726F723A25732C25640DAC
:10BBB0000A0000002DE9F041044603F083FF94F9E8
:10BBC000455004F1240613E0A06C38B10021204652
:10BBD000FFF75EFF50B104F063F907E0606A48B117
:10BBE000304607F021FD08B104F05AF96D1E6DB220
:10BBF000002DE9DC4FF0FF3684F8456003F08CFF40
:10BC000003F060FF94F9445004F1100709E0206943
:10BC100048B1384607F008FD08B104F041F96D1E3F
:10BC20006DB2002DF3DC84F84460BDE8F04103F010
:10BC300073BF00002DE9F0410546002604F010FA1C
:10BC40002F4F386808B9FFF7F7FDF86805424AD169
:10BC500075B1083568070BD005F00700C0F1080082
:10BC60000544680704D02749BF2227A0F8F7DCFC69
:10BC7000CDB37868854236D821491031084604682A
:10BC800001E0214604466068A84202D220680028EC
:10BC9000F7D13868844226D00E68083620680860DC
:10BCA0006068401B102811D904EB05085FEA487052
:10BCB00004D01449EC2214A0F8F7B6FC6068401BCD
:10BCC000C8F8040065604046FFF79CFE616878682C
:10BCD000401A7860BA68904200D2B860F8680143B0
:10BCE00061600020206007F003FD700705D0054962
:10BCF0004FF4967204A0F8F797FC3046BDE8F08147
:10BD000068000024B04101084572726F723A2573D1
:10BD10002C25640D0A00000024384FF08073036264
:10BD200021F00101C1610449816142606FF00201AB
:10BD300040F820197047000075BB0008002804D0A7
:10BD400019B109684160002070476FF00500704725
:10BD50002DE9F05F804600261A4801684069FCF72B
:10BD60001FF98346D8F8040090F809900025DFF801
:10BD700058A0DAF800401FE0207C48451AD1594607
:10BD8000204600F023F8A8B167699FB10D4B4246E9
:10BD9000A06921461033B847064630000AD04FF05C
:10BDA0000008012635B1E068E860DAF80000E060DC
:10BDB000CAF800402546E4680EB9002CDCD13046B4
:10BDC000BDE8F09F9C0E01240C010024002904D042
:10BDD00008B1006850B90120704728B1006818B157
:10BDE00003494969884201D101207047002070470A
:10BDF0009C0E012410B5002813D00268002A10D030
:10BE000000290ED00A68002A0BD0064A126806E004
:10BE100013680468A34201D10B681360D268002A3A
:10BE2000F6D110BD0C01002470B505460020FEF7C8
:10BE300097FB044654B11C212046F4F705FB2574FA
:10BE4000FF20A07202480168E1600460204670BDD6
:10BE50000C0100240846FFF7E7BF4161826170478B
:10BE60000A490A6882420AD1D2680A6009E0D368A6
:10BE700023B1834202D1C168D16002E01A46002A90
:10BE8000F5D101460020FEF733BB00000C01002471
:10BE9000021DAFF300802DE9FE4304460E4617460F
:10BEA000002C16D0AFB114213046FFF7C3F84FF085
:10BEB000FF38A0B1002201201146FEF7DBFE054647
:10BEC00028000AD0308998B131462846FEF7BFFFD6
:10BED0000EE06FF00500BDE8FE834046FBE7354607
:10BEE0006FF013012846FFF7A5F808B14046F2E7C6
:10BEF0003846FCF7C3FBA0B12168D1B12146227CB2
:10BF0000637A02902846CDE90032A37A3A46FCF7DC
:10BF10000DFA0446B54202D02846FFF731F8204614
:10BF2000D9E7B54202D02846FFF72AF86FF00300A0
:10BF3000D1E7011DE3E700002DE9F04106460F4679
:10BF40001546002E39D006F11000804600F0D1FAD7
:10BF500098B3298900220420FEF78CFE044644B1E0
:10BF600029462046FEF786FF18B12046FFF708F85D
:10BF7000002414B30620FEF7F3FA054695B12C60B1
:10BF80006C600F480069A860387CA8812489294624
:10BF9000404600F0A0FA50B12846FEF70AFB002008
:10BFA000BDE8F0812046FEF7EBFF0020F8E7F36ADA
:10BFB0001BB100212246304698470020F0E70000E0
:10BFC0009C0E01242DE9F04104460F4615461E46FD
:10BFD000002C13D004F11000804600F08AFA88B1DA
:10BFE0004EB100F0FFF994F9081011F10D0F00DDCA
:10BFF000267200F026FA7DB12E890EE06FF0050062
:10C00000BDE8F08135B12989384602F06BFB28463E
:10C01000FEF7B6FF0020F3E700262946404600F071
:10C020005AFA10B14FF0FF30EAE7E36A1BB1002182
:10C030003246204698470020E2E72DE9F0470546C2
:10C0400016461F46DDF82080002D1CD005F110009B
:10C05000814600F04EFAD8B10620FEF781FA044678
:10C06000DCB126606660EFB13868A060A4F80C808F
:10C0700036892146484600F02EFAA8B12046BDE890
:10C08000F047FEF796BA3046BDE8F047FEF778BFB6
:10C090003046BDE8F047FEF773BF3046BDE8F047D5
:10C0A000FEF76EBF0020E0E7EB6A002B05D03246BA
:10C0B0002846BDE8F04700211847BDE8F08770B575
:10C0C000049D44688C4202D240F6A17070BD641A8F
:10C0D000944200D822461A60037823B9806801444C
:10C0E0002846F4F78AF9002070BD00000248C16BB1
:10C0F00041F49D71C16370470070005240282DD0FB
:10C100000EDC082824D006DC01281BD002281BD016
:10C11000042815D11AE010281CD0202810D11BE0CB
:10C12000B0F5007F20D005DC802819D0B0F5807FE5
:10C1300006D117E0B0F5806F18D0B0F5006F17D0BA
:10C140000020704700207047102070472020704763
:10C150003020704740207047502070476020704763
:10C16000702070478020704790207047A020704753
:10C17000B020704710B5FFF7BCF9BDE8104005F0DE
:10C18000C9BE000070B506460846114D6A60AB6036
:10C190001918491E91FBF0F141432961012E14D079
:10C1A0000C4AEA604FF0FF320B4C6262A162FFF76B
:10C1B000A5FF0A4940F4006051F826100843E062E8
:10C1C00001202065E868A06570BDEA60EAE700002C
:10C1D0008C0200240C8B01240070005244410108A1
:10C1E00070B504461546002C24D06078012802D092
:10C1F000042804D006E02046FDF705FC02E02046B6
:10C20000FDF790F86068A8B1B0F8601041F21C1218
:10C2100091420FD9B0F862000C280BD294F820009C
:10C2200020F0100084F82000E36A1BB102212A46A6
:10C2300020469847002070BD10B54468014620464E
:10C2400000F094FB0949204602F034FA08492046E0
:10C2500002F0C4FB07490222204601F03DFC2046C3
:10C260000549BDE8104000F0BBBD0000C5BF000897
:10C27000E1C10008F5B400086D66000808B513A018
:10C28000F8F7D2F919A0F8F7CFF91FA0F8F7CCF911
:10C290000021012006F06CFD009098B1204869460D
:10C2A00002F0F0FF002300985A1E194606F0ECFD3C
:10C2B000009803F0CFFCF8F787FE1A48006803F0F7
:10C2C00065FD08BD18A0F8F7AFF908BD5B626F6F98
:10C2D000745D20737461727475705F7468726561E7
:10C2E0006420656E74657265640A0000537461723F
:10C2F000746564204672656552544F53556E6B6E7B
:10C300006F776E0A000000005374617274696E6783
:10C31000204C77495020556E6B6E6F776E0A000087
:10C32000CDF2000814000024436F756C64206E6F1A
:10C330007420637265617465204C77495020696E82
:10C3400069742073656D6170686F7265000000002C
:10C350002DE9F84F07460C46924607F0D3F80646FB
:10C36000ACB125464FF00008BAF1000F4FF0FF398D
:10C3700016D0386800235246294606F085FD01286C
:10C3800007D00CB1C4F800804846BDE8F88F6D4670
:10C39000E8E707F0B7F8801B0028F6D10120F4E7A2
:10C3A000386800234A46294606F06EFD30B107F092
:10C3B000A9F8801B0028E8D10120E6E7C5F8008035
:10C3C0004846E2E708B5002900D169460068002325
:10C3D0001A4606F059FD012802D04FF0FF3008BD83
:10C3E000002008BD10B503F06DFB012010BD70B535
:10C3F00004460E4607F086F805468EB100232068F5
:10C400003246194606F040FD012802D04FF0FF30B9
:10C4100070BD07F077F8401B0028F9D1012070BDEE
:10C4200042F21076206800233246194606F02CFDB1
:10C430000128F7D107F066F8401B0028EFD1012052
:10C4400070BD03F069BB00002DE9F041104F386862
:10C4500000281BD000F064F87968441A0025396878
:10C4600091B14868A0420FD801257A6802447A60E9
:10C47000241A086838608E68D1F80C800C20FEF70A
:10C4800037F80EB14046B047002DE7D1BDE8F08146
:10C4900054010024704710B50446206803F0A6FA42
:10C4A0002068BDE8104003F0D5BB10B5044600225B
:10C4B0000421062006F0A0FC2060002010BD13B56A
:10C4C0000068002301A942F2107206F01FFE1CBD95
:10C4D00000210160704713B50023006801A91A46C6
:10C4E00006F014FE012802D04FF0FF301CBD0020E2
:10C4F0001CBD0068002800D00120704738B50446F4
:10C50000002C0CD00021684600F017F8002806D156
:10C5100021466846FFF76BFF684600F00BF838BD10
:10C5200006F0F0BF08B50221684603F0F7FDBDF83C
:10C53000000008BD006803F08DBB70B504460E46D0
:10C54000002C6FF0050511D003F0BCFA0322002186
:10C55000012006F051FC206020B100231A46194644
:10C5600006F0D4FD206818B13EB114E0284670BD35
:10C5700003F0D2FA4FF0FF3070BD002301221946BC
:10C5800006F082FC012806D0206803F063FB03F06C
:10C59000C3FA284670BD03F0BFFA002070BD002129
:10C5A00001607047002300681A46194606F0AEBDC8
:10C5B0000068002800D001207047002003F0E6BB8F
:10C5C000FEB5064618460D46089B02AC3146CDE93D
:10C5D00000341346C0F38F02284606F055FF029838
:10C5E000FEBD00002DE9F04105460F4690460C20A7
:10C5F000FDF7B6FF0446200013D0FFF791FF1F4957
:10C600000B68002B0FD04A68A0EB02064FF0000029
:10C610002060A760C4F80C8005EB0600606006D1BE
:10C620000C60BDE8F0814FF000064860EEE7586806
:10C63000A84204D9401B586023600C60F1E71846FB
:10C6400014E04E68964210D9026822B14A686368C5
:10C65000D21A4A6005E06168A94202D959682944A2
:10C660006160016821600460DBE708466168426838
:10C670008A1A626001680029E6D0E2E754010024CA
:10C6800070B50124074D084905EBC40255F8340084
:10C69000FFF7A8FF641C072CF5D3FFF741FF034900
:10C6A000486070BDE4390108A55200085401002417
:10C6B00070B505460E460C4C206860B100F030F8AD
:10C6C00002462AB131462846FFF742FE401C09D1F6
:10C6D000FFF7BAFEF0E731462846BDE87040002279
:10C6E000FFF736BE70BD00005401002470B5012470
:10C6F000084D094905EBC40255F83400FFF772FFF5
:10C70000641C072CF5D3BDE8704000220349FA20D1
:10C71000FFF768BFE4390108A552000881F300085B
:10C7200010B5094C2068002809D0FFF7F9FE6168B0
:10C73000401A21684968814204D2002010BD4FF0A0
:10C74000FF3010BD081A10BD5401002470B501243B
:10C75000074D084805EBC40100F010F8641C072CD5
:10C76000F7D3BDE870400448002100F007B800008E
:10C77000E4390108A552000881F300080B4630B4E3
:10C78000104D296800291BD0002217E08C688442D4
:10C7900012D1CC689C420FD15AB108681060086869
:10C7A00018B142684B681A44426030BC0C20FDF757
:10C7B0009FBE08682860F2E70A4609680029E5D1AB
:10C7C00030BC7047540100242DE9FC5F0446207DF5
:10C7D0000A2840D000250027D4F84C90D4F824A093
:10C7E000D4F88C60D4F810B0DFF8B48090B30D4664
:10C7F000E78A08F11800214601F046F9012088F87F
:10C800000000E06E08B102F07AF8A06E08B102F004
:10C8100076F8206F08B102F072F8204600F0AAF80E
:10C8200045B1208B231D22465146CDE90070484674
:10C8300001F0F6FF02202146FDF75AFE002E2CD013
:10C8400002B05846B4466FF00C01BDE8F04F5DF8F9
:10C8500004EB60470AE0124821461C3001F014F94D
:10C860002146BDE8FC5F0220FDF742BEE08A0028B9
:10C87000C7D0D8F81000A0420AD1C068C8F810008C
:10C8800008E0C168A14202D1E168C16002E0084647
:10C890000028F6D10020E060B3E7BDE8FC9F00006F
:10C8A000100100240121FFF78FBF002803D0027D73
:10C8B000012A00D18161704770B505460220FDF75D
:10C8C0004FFE0446ECB900F075FD0220FDF748FE6E
:10C8D0000446B4B9092000F04FFD0220FDF740FEE8
:10C8E000044674B9082000F047FD0220FDF738FE29
:10C8F000044634B9284600F01BFD0220FDF730FE47
:10C9000004464CB3A0212046F3F79EFD657542F224
:10C910003821A4F860101C3441F2D060E081A0817D
:10C92000FF2004F8120C4FF40670E0820620A08469
:10C930006084C01FA0820120A0850848C268626090
:10C940008078A070E1850648606606486067064802
:10C95000A0670920E0671C3C204670BD1001002440
:10C96000BFE6000800DD6D00F8240100002800D0BB
:10C9700001617047418B890509D5816F002906D077
:10C980004A7F521E4A77418B21F4007141837047E0
:10C99000017D012903D0418B41F010014183012128
:10C9A000AFF300802DE9FC410446414E00250127EC
:10C9B000207D002941D0042801D007283DD1616F96
:10C9C00021B9218DA1F5B052D03A36D0218B231D4B
:10C9D000E08A2246CDE90001616AE06C01F020FFA7
:10C9E000204601F02DF8B069A04209D1C068B061BD
:10C9F00008E0C168A14202D1E168C16002E00846D6
:10CA00000028F6D1E5603770207D042806D029483B
:10CA10000068A0420AD102F0BDF90BE00A2020759F
:10CA2000F069E060F46102F057F903E0022021466A
:10CA3000FDF75EFD0020BDE8FC8140B101281DD05E
:10CA4000022828D02046BDE8FC4100F035B8E08A35
:10CA500078B13069A04209D1C068306108E0C1688E
:10CA6000A14202D1E168C16002E008460028F6D187
:10CA7000E56002202146FDF73BFD16E0204600F070
:10CA8000B3FC0B482146143000F0FEFF0320214682
:10CA9000FDF72EFD09E006482146183000F0F4FFAE
:10CAA000377002202146FDF723FD0020C3E7000078
:10CAB000100100245001002470B505460526287D8C
:10CAC000032805D004280DD0072812D0002070BDFF
:10CAD000284601F05FFF044694B92846FFF74AFF55
:10CAE0002E750DE0284601F055FF044644B92E7519
:10CAF00006E0284601F04EFF04460CB909202875CF
:10CB000014B1601C05D002E0284600F0B1FD2046BB
:10CB100070BD688B40F008006883002070BD000085
:10CB20002DE9F04704460E4617469946002C06D0DC
:10CB30002EB1207D30B16FF00900BDE8F0876FF0B5
:10CB40000500FAE7306860602783206868B9201D17
:10CB5000FBF794FD002802D000F1040001E04FF043
:10CB600000000ED068B100682060E58AA8465DB17B
:10CB7000207A400728D50221394A52F8210000685E
:10CB80001DE06FF00300D8E700F000FDE082D8B9A7
:10CB90006FF00100D1E7C38AAB420FD1038BBB42D8
:10CBA0000CD10368D4F800C0634507D14368D6F8B8
:10CBB00000C0634502D16FF00700BEE7C0680028DF
:10CBC000E9D1491C0429D8DB204600F00BFD0026E2
:10CBD0006662E064401E60646065A06541F2D060FA
:10CBE00060852085E662A4F85C004FF406706086DC
:10CBF000211D00F08AF860860127A4F84870C4F867
:10CC000084900221204600F093F80546280024D1A4
:10CC100002202075DFF84C90B8F1000F11D0D9F840
:10CC20001000A0420AD1C068C9F8100008E0C1682D
:10CC3000A14202D1E168C16002E008460028F6D1B5
:10CC4000E660D9F81800E060C9F8184002F044F82E
:10CC500089F80070204600F00BFD28466DE70000C3
:10CC6000D4390108100100242DE9F04707460E468B
:10CC700091469A46DDF820805FEAC87001D004250D
:10CC800000E000250420FDF76BFC041E14D084F89E
:10CC90000A804FF00008C4F8008066603089401BAD
:10CCA000208114213046FEF7C5F950B1204601F02D
:10CCB00017FE0020BDE8F0873046FEF761F900203E
:10CCC000F8E760684068E060F88AFCF7A5FAE16878
:10CCD0000880388BFCF7A0FAE16848805046FCF7E2
:10CCE0008FFAE1684860052000EB95004FF6FF7170
:10CCF00001EA003040EA0900FCF78EFAE168888119
:10CD0000E068A0F812802046D4E710B50446084633
:10CD1000FBF7B4FC50B1B0F9340028B1283880B228
:10CD2000844200D220460446204610BD204610BD55
:10CD3000F8B504460D460026771EB4F862001828A0
:10CD400001D3E80706D0A80700D50126F00707D0D1
:10CD5000042106E0608B40F0800060833846F8BD17
:10CD6000002100221046FDF785FF58B100962A46A3
:10CD7000A36D01462046FFF777FF021E08D0A06E84
:10CD800060B10EE0608B40F0800060833846F8BDF3
:10CD9000608B40F0800060833846F8BDA26604E0F6
:10CDA000084601680029FBD102600020A4F8640055
:10CDB00005F0020005F00101084302D0A06D401CFF
:10CDC000A065E80703D0608B40F0200060835068C6
:10CDD000FEF747F834F8621F084420800020F8BDB1
:10CDE000002801D0C0F88C107047000070B5194EB3
:10CDF000B078401CB070B46928E0A17FB07881425F
:10CE000023D0A077608BC10709D040F00200608377
:10CE1000204600F02DFC608B20F003006083608BC7
:10CE2000010705D520F0080060832046FFF744FE87
:10CE3000E568606F38B100203070204601F06EF870
:10CE400030780028D7D12C4600E0E468002CD4D1FB
:10CE500070BD00001001002410B50A4C2046226964
:10CE6000C088411C89B2002A02D0A388984204D20B
:10CE7000E2681432E180105C10BDC01AE180C0B2DB
:10CE8000105C10BD3001002410B5FFF74BFB0249C8
:10CE900040F44040888010BD100100242DE9FF5F60
:10CEA000054600260027DFF8C4836868C8F80C0030
:10CEB000688914287DD3DFF8B893D9F80010D9F821
:10CEC0001400FBF76DF8002873D199F81400C0F333
:10CED00003100E286DD009F1140003900090031F79
:10CEE0002A89062128460293FBF749FC0028EBD14A
:10CEF000D8F80C008089FCF78FF9000B800014280B
:10CF0000D8D329898142D5D3A0F1140189B2A8F8D8
:10CF100002100022C8F810206A89824206D3A8F8BD
:10CF2000041041422846FEF785F81EE06FF0130119
:10CF30002846FEF77FF86889A8F80400B8F80210C0
:10CF4000091A8CB2404201B22846FEF773F82868ED
:10CF50004189A142AED34168C8F81010614209B2BC
:10CF6000FEF768F82889001B2881D8F80C00008893
:10CF7000FCF752F90146D8F80C0001804088FCF714
:10CF80004BF90146D8F80C0041804068FCF738F9AD
:10CF90000146D8F80C004160C8F814108068FCF70E
:10CFA0002FF90146D8F80C008160C8F81810C08924
:10CFB00000E055E1FCF730F90146D8F80C00C181DA
:10CFC0008089FCF729F900F03F0A88F800A0298938
:10CFD0005FEA8A7001D0012000E000200844A8F830
:10CFE0000A000020A3490B681C46D9F81020D8F885
:10CFF0000C10D9F814C01CE0B4F818B0B1F800E077
:10D00000F34514D1B4F816B0B1F802E0F3450ED1EF
:10D01000D4F804B093450AD1D4F800B0E34506D162
:10D0200048B1E268C2609348E360046003E02046D0
:10D03000E468002CE0D1ECBB8F480468D9E9040C0B
:10D0400017E0228B0B889A4212D1E28A4B889A42CF
:10D050000ED1626882420BD12268624508D1204617
:10D0600001F054FE04B02846BDE8F05FFDF788BF2C
:10D07000E468002CE5D10022DFF800B2DBF8000004
:10D0800081460DE0C38AB1F802E0734506D103681A
:10D09000634507D000B10BB9074616460246C06883
:10D0A0000028EFD108B93846324618B13AB1C16804
:10D0B000D16000E00BE0C0F80C90CBF8000000F06D
:10D0C000A3F904B02846BDE8F05FFDF759BF002C76
:10D0D0007DD06B4F00263E60288938817D60F960E5
:10D0E000C8F81C6088F80160A8F808605FEA0A7058
:10D0F00003D5687B40F001006873606F78B120460B
:10D1000000F00CFF0D3004D0606F40B1B8F80A0099
:10D1100028B1608DD0BB204601F0FAFB78E0C8F85A
:10D120002040204600F0DCFC0D3071D098F8010062
:10D1300000070FD5D4F88C201AB16FF00D012069CB
:10D1400090474C48214600F09FFC02202146FDF705
:10D15000CFF95DE00020B8F8082042B1E36F13B1C9
:10D160002069214698470D3052D0A8F80860204623
:10D1700000F088F850B9D8F81C0000B3A17EC906A9
:10D1800005D5FDF7FDFE2046FFF78CFB40E0D4F807
:10D1900080503DB1D4F810C00023024621466046BD
:10D1A000A84705E0002302462146184601F087FA09
:10D1B00010F10D0F2CD010B1D8F81C00606798F852
:10D1C000010080061BD5606F30B1417B00E02BE091
:10D1D00041F02001417312E0208DA0F5B051D0390B
:10D1E00001D0401C2085D4F880502DB10023206947
:10D1F0001A462146A84700E000200D3008D0C8F8A4
:10D200002060204600F03EF810B9204600F030FAC9
:10D21000C8F82060C8F81C607868002802D0FDF7C4
:10D22000AFFE7E60BDE8FF9F8889FBF7F5FF4007F2
:10D2300010D4D8F80C00DDE9023201884088CDE92D
:10D240000001B8F80A10D8F814000144D8F8180002
:10D2500001F0E6FA04B02846BDE8F05FFDF790BEA5
:10D2600004B02846BDE8F05FFDF78ABE3001002417
:10D270009C0E0124280100242C01002424010024F8
:10D280003089012410B504460C484078C00613D5F7
:10D29000A07EC00606D4D4F88C201AB16FF00E011F
:10D2A000206990470648214600F0EEFB0220214607
:10D2B000FDF71EF9012010BD002010BD3001002433
:10D2C00028010024FEB50446E06C401EFBF798FFE1
:10D2D000002203461146204600F0D2FA05462800F7
:10D2E0001FD0201DFBF7CAF90646EEB16F68201D5E
:10D2F000009006212A8923462846FBF740FA388207
:10D300000620CDE9010600210091A37A221D2146C5
:10D310002846FBF70BF804462846FDF731FE204669
:10D32000FEBD4FF0FF30FEBD6FF00304F4E70000D8
:10D33000F0B47F2801D97F2300E0034600250024B4
:10D340000C4880690B49CE680AE0427D9A4206D8B3
:10D35000016A711AA94202D30D4604461346C068F9
:10D360000028F2D1002C03D02046F0BCFFF79ABA77
:10D37000F0BC70471001002430B4044600230020A4
:10D380000B498A69CD6809E0117DA14205D1116A76
:10D39000691A994201D30B461046D268002AF3D18C
:10D3A000002803D030BC0021FFF70EBA30BC704714
:10D3B0001001002430B4002300200A49C969094A39
:10D3C000D46806E00A6AA21A9A4201D313460846B4
:10D3D000C9680029F6D1002802D030BCFFF762BA34
:10D3E00030BC70471001002470B506460124054D7D
:10D3F000314655F82400006801F098F9641C042CAB
:10D40000F6D370BDD43901087CB505463D4E307861
:10D4100041070ED4C1060DD5F0683B4B1A1D01889B
:10D420004088CDE90001718970690144B06901F05B
:10D43000F7F97CBD8007FCD5687F297F8842F8D248
:10D44000687DFFF739FA044620004AD0687F401C07
:10D450006877608B40F4007060832B481038416916
:10D46000216000696060E88AE082F06800882083BB
:10D47000032020757069401C6062E062204600F065
:10D48000B1F86065E0646064A0657069401E206565
:10D4900028692061A567287A00F00C0020721B48DB
:10D4A0000168E160046001F017FC1949012008706F
:10D4B000204600F07BFAF068C089A4F85C00A4F86C
:10D4C0005E00211D608EFFF720FC60861221204641
:10D4D000FFF72EFC80B12046BDE87C400021FFF71D
:10D4E00073B9AB69002BA4D0286902B000214FF0BA
:10D4F000FF32BDE8704018472046BDE87C4000F090
:10D50000B7B8000030010024AC0E0124280100242B
:10D510001001002470B504460D46002C1ED0206872
:10D5200000281BD00E4E2046B16900F01BF831696F
:10D53000204600F017F8002D10D0286800280DD0E4
:10D5400006F11400026807E0D06811682368994268
:10D5500001D1296811600246002AF5D170BD000092
:10D560001001002470B50546084609E001682A68E4
:10D57000914204D1C468FFF795F9204600E0C068E5
:10D580000028F3D170BD4020FFF796B9F0B5002414
:10D59000124E134D4FF6FF77A888411CA980B84260
:10D5A00002D14FF44040A8800021AA8856F82100FB
:10D5B00000680AE0C38A934206D1641CA4B2B4F5A1
:10D5C000804FE9D30020F0BDC0680028F2D1491C8B
:10D5D000C9B20429EAD3A888F0BD0000D4390108F3
:10D5E000100100240249D1E902021044886070470A
:10D5F0001001002470B505460C46E8688089FBF7E9
:10D600000BFEC00704D0204601F079F900242BE07E
:10D61000164E10E08089FBF7FFFDC00707D0012000
:10D62000FBF7FAFD0146E8688289114381812046B3
:10D63000246801F055F944B1E068228973694168B2
:10D6400011442A891A44511AE4D56CB128897169A8
:10D650004218E0684068121A002A05DD401A81B2BB
:10D6600029816868FDF757FD2C6070BD30010024EA
:10D670002DE9F05F044681480068A04202D10020F5
:10D68000BDE8F09FB4F85C80B4F84800804500D352
:10D690008046A56EA07E80070FD54DB1E868406832
:10D6A000FBF7AEFD616C401A29890844404504D956
:10D6B0002046BDE8F05F01F02BB9E76E0FB903E03B
:10D6C000074638680028FBD1201DFAF7D7FF8146AE
:10D6D0005FEA09006FF0030103D024B1206810B1A4
:10D6E00006E00846CCE709F10400C8B100682060F4
:10D6F000002D4FF0000A12D0E8684068FBF780FD6B
:10D70000616C401A29890844404508D9B8F1000FD6
:10D7100005D0B4F85C00404501D1E06E10B196E050
:10D720000846ADE794F89D00002804D184F89CA039
:10D73000012084F89D0096E0E8688089FBF76CFD85
:10D74000E06EA8B1618B11F0440F11D1A06E28B129
:10D7500002686AB90089628E904209D2B4F860000A
:10D7600030B1B4F86200182802D211F0A00F7AD0BC
:10D77000207D022807D01020FBF74EFD0146E86807
:10D780008289114381814A462146284600F0B0F83B
:10D7900020B1618B41F08001618371E72868A06648
:10D7A000207D022803D0608B20F003006083E868AE
:10D7B0004068FBF725FD0646E8688089FBF72CFDED
:10D7C000800701D0012000E000202989304408446E
:10D7D000E16C091A00D5E064E8688089FBF71CFD5C
:10D7E000800701D0012000E000202989C8422AD00A
:10D7F000C5F800A0E06E68B1E8684068FBF700FD7E
:10D800000646F8684068FBF7FBFC301A18D504F1AF
:10D810006C0603E0E5662F4618E03668306858B1BC
:10D82000C0684068FBF7ECFC8346E8684068FBF79B
:10D83000E7FCBBEB0000F0D430682860356005E001
:10D840003D602F4602E0284601F04AF8A56E55B12A
:10D85000E8684068FBF7D4FC616C401A29890844E9
:10D8600040457FF669AFA06E08B9A4F864A0608B4C
:10D8700020F080006083002002E7000050010024B7
:10D880002DE9F04105460F469846B818143081B28C
:10D8900000220120FDF7EEF90646300025D074681D
:10D8A000E88AFBF7B9FC2080288BFBF7B5FC608089
:10D8B000C4F80480686AFBF7A3FCA060052000EBB5
:10D8C00097004FF6FF7101EA003040F01000FBF7BF
:10D8D000A3FCA081688DFBF79FFCE08100202082E3
:10D8E0006082698D686A0844E8623046BDE8F0816C
:10D8F000FEB505460C4616466868C089012801D069
:10D900000020FEBD606AFBF77BFCE9688860608DE3
:10D91000FBF782FCE968C881618D606A0844E062B7
:10D92000EF681437A87AC00709D0211D40F2B4501F
:10D93000FFF7EBF940F00170FBF762FC386000275D
:10D94000B4F93000002800DA2786606B38B9164831
:10D9500000686063E8684068FBF752FCA063696890
:10D96000A8898A88801A4A89121A4A8169680A89AC
:10D97000101A08816968E8684860E8680782201D15
:10D9800000900621686823460289FAF7F8FEE968E4
:10D9900008820621607A221D8DE84300A37A214681
:10D9A0006868FAF7C3FCFEBD1C0100242DE9F041B4
:10D9B00005461A4C6088002818D00020E08040F20C
:10D9C000B4560FE0FFF748FA00280FD0012809D01D
:10D9D00002280DD0FFF740FA022807D3E188084457
:10D9E000801EE080E08861888842EBD3BDE8F0814A
:10D9F000FFF732FA0428F9D1E0886188801C884258
:10DA0000F4D8FFF729FA0702FFF726FA3843B042A5
:10DA100000D800B930466886E4E7000030010024F1
:10DA200070B50C4611461D460022FDF723F928B1BA
:10DA30004189091B29800481448170BD002070BD8B
:10DA400070B50446207D00281DD00A281BD001286F
:10DA500019D02046FEF78EFF606F002510B1FDF74C
:10DA60008FFA6567206F00F04AFF25674FF0FF309F
:10DA70002086A06E00F043FFE06E00F040FFA56638
:10DA8000E566A4F8645070BD70B502460C46106897
:10DA9000A04209D1C068106008E0C168A14202D16B
:10DAA000E168C16002E008460028F6D10025E56083
:10DAB0002046FFF7C5FF207D0A280AD0012808D09C
:10DAC000608BC10705D040F0020060832046FFF75D
:10DAD000CFFD2575E58270BDC0F88810427770478C
:10DAE0002DE9FE4F0446002000210291DFF814B416
:10DAF0009BF800104A072CD5217D022906D0616AC7
:10DB0000DBF81420914208D1012011E0E16CDBF830
:10DB1000182091420CD101200AE0531A08D4238D19
:10DB20001944511A002903DC618B41F00201618321
:10DB300068B19BF8010040F008008BF80100608B91
:10DB400020F0010060836FF00D00BDE8FE8F002023
:10DB5000FBE788070AD5207D022807D0032805D0D7
:10DB6000608B40F0020060830020EEE7A07EC006DC
:10DB700002D4E548006820624FF0000A84F89EA0B5
:10DB80002046FFF713FFE14A0127207D042102F11F
:10DB90001003DFF87C83DF4E801EDF4D143208282F
:10DBA0004FF00A0959D2DFE800F0047FF0FEEDF0F3
:10DBB000ECEB9BF80000C5065BD5850759D5666C74
:10DBC000DBF81850761CAE4253D1DBF81400024645
:10DBD000401C6062E0626564DBF80C00C089A4F858
:10DBE0005C00A4F85E00521E22652175211D608E26
:10DBF000FFF78BF8608641F21C11B1EB400F01D2A8
:10DC0000420000E00A46B2EB800F01D9810003E038
:10DC1000B1EB400F00D2410024F8481F608B401E3A
:10DC20006083606A483CC8B10168E16600F058FE54
:10DC3000E06EB8B1A4F830A084F842A0D4F88430E3
:10DC400023B10022206921469847029002980D30A6
:10DC50000CD0608B40F00200608350E1A06E016840
:10DC6000A166E3E74FF0FF302086E7E76FF00C0096
:10DC70006BE7C006F1D5DBF80C0001884088CDE9E0
:10DC80000001BBF80A10DBF814000144DBF81800AF
:10DC900000F0C6FD94F842000628DED2A4F830A0B9
:10DCA000204600F0A4FD2AE19BF80000C5065BD5E4
:10DCB000656CDBF81800451B012D47D4E56C451B4E
:10DCC000002D43DC2175A06F50B12046FEF752FEB7
:10DCD000A06F83693BB1002220692146984704E088
:10DCE0006FF0050001E06FF00F0038B10D3002D089
:10DCF0002046FEF7D7FD6FF00C0026E7204600F027
:10DD000047F9BBF8080010B1401EABF80800608E60
:10DD100041F21C11B1EB400F01D2420000E00A4673
:10DD2000B2EB800F01D9810003E0B1EB400F00D2CC
:10DD30004100A4F848109BF80100800605D5608BCF
:10DD400040F00200608307202075D8E0DBF80C105B
:10DD50000C884988CDE90014BBF80A40DBF81410A0
:10DD6000214400F05DFDCAE0800708D5606ADBF859
:10DD70001410401E884202D1204600F0E1FCBEE0B3
:10DD8000A9E07EE056E00EE0FFE7204600F000F953
:10DD90009BF80100800605D5608B40F0020060838F
:10DDA00007202075ABE0204600F0F2F89BF8010058
:10DDB000800631D59BF80000C00606D5E06CDBF884
:10DDC0001810884201D1A06E30B1608B40F0020083
:10DDD00060830820207592E0608B40F00200608331
:10DDE0002046FFF72DFE2868A04209D1C0682860B0
:10DDF00008E0C168A14202D1E168C16002E00846C2
:10DE00000028F6D188F8007084F814903068E0603B
:10DE1000346000F061FF72E09BF80000C0066ED530
:10DE2000E06CDBF81810884269D1A06E40BB062078
:10DE3000207564E0204600F0ABF89BF801008006F6
:10DE40005DD5608B40F0020060832046FFF7F8FD4F
:10DE50002868A04209D1C068286008E0C168A142D2
:10DE600002D1E168C16002E008460028F6D188F8D6
:10DE7000007084F814903068E060346000F02CFF8B
:10DE80003DE0204600F084F89BF80000C00636D53F
:10DE9000E06CDBF81810884231D1A06E78BB2046C8
:10DEA000FFF7CEFD2868A04209D1C068286008E0CD
:10DEB000C168A14202D1E168C16002E008460028C1
:10DEC000F6D188F8007084F814903068E06034600F
:10DED00000F002FF13E0204600F05AF89BF8000023
:10DEE000C0060CD5E06CDBF81810884207D1A06E94
:10DEF00028B99BF8010040F010008BF801000020C9
:10DF000023E60000300100241C0100249C0E0124A3
:10DF1000100100242C010024280100242DE9F041E7
:10DF20000446656F6F7B00206067D4F88060002E28
:10DF300005D0002320692A462146B04705E000238A
:10DF40002A462146184600F0BAFB6FF00C0630B1A5
:10DF50000D301BD065676FF00400BDE8F081B90695
:10DF600010D5218DA1F5B052D03A01D0491C2185A0
:10DF7000D4F8805025B1002320691A462146A847CD
:10DF80000D3001D00020E8E73046E6E73046E4E710
:10DF90002DE9F04704460025FC4F2E463878C00690
:10DFA0007DD5B4F85C90616D09EB01083846D4F872
:10DFB00050C07A69C3688069BCEB020A09D49445F1
:10DFC00002D1B1EB000C04D4814213D1D989494567
:10DFD00010D9D989A4F85C10B4F85E308B4201D214
:10DFE000A4F85E102265606559B194F89D1009B1DE
:10DFF00084F89D60626C811A002938DC798951B1FE
:10E0000030E094F89D100029F4D184F89C6001213F
:10E0100084F89D10EEE7B4F85C30616D1944414519
:10E0200020D1B4F9301000291CDB82421AD101251D
:10E0300094F84300411CC9B2814201D984F84310CD
:10E0400094F84300032809D9B4F84810608E0844B6
:10E0500080B2884206D9A4F8480003E002D12046E5
:10E0600000F099FB002D01D184F843608AE001297A
:10E070006DD4E16C411A002969DC618B4A0706D531
:10E0800021F004016183B4F84A10A4F8481084F820
:10E090004260B4F93C20E18F01EBE20100E0B3E023
:10E0A000A4F8401084F843606064207D04282CD3D9
:10E0B000B4F84800B4F84A10884207D2618E01448F
:10E0C00089B2814221D9A4F848101EE0618E4943EB
:10E0D00091FBF0F1014489B2884216D2A4F84810AD
:10E0E00013E02868E0666868FCF7BBFE6868FCF728
:10E0F000B8FEB4F86210081AA4F8620028893989B9
:10E1000008443881284600F0EBFBE06EB0B1C068EF
:10E110004068FBF775F80546E06EC0688089FBF73C
:10E120007BF8800701D0012000E000202844E56E44
:10E1300029890844B969401A0028D2DDE06E10B17F
:10E14000268626771EE04FF0FF302086F9E720462E
:10E1500000F0DEFB16E02868A06608B9A4F8646049
:10E160006868FCF77EFE6868FCF77BFE34F8621F87
:10E17000081A20802889398908443881284600F007
:10E18000AFFB623CA06EC8B1C0684068FBF738F8CE
:10E190000546A06EC0688089FBF73EF8800701D075
:10E1A000012000E000202844A56E29890144B869B7
:10E1B000411A03D4E16C401A0028CCDDB4F86000A9
:10E1C00039890844A4F86000606BE8B1A16BBA69B2
:10E1D000891A19D56E490988081AB4F93C10A0EBC0
:10E1E000E10000B2014409B2A187002801DA4042EF
:10E1F00000B2B4F93E20A0EBA2001044E08700EB8F
:10E20000E100A4F8400066637B89002B7ED0207D6E
:10E2100007287BD2606A7A69DFF87881811A012940
:10E220002AD41344C31A5B1C002B25DCD8F8040045
:10E2300042898A420FDA0289521A93B203E0891A9C
:10E2400003814681006842898A42F8DB494209B26B
:10E25000FCF7F0FE03E0494209B2FCF7EBFEBA8A94
:10E26000606AB8F80810821A891AA8F8081078614C
:10E27000D8F80C10486005E0101A03D5608B40F008
:10E2800002006083606A79690A1A7DD4228D024493
:10E290008A1A521C002A77DC884276D1D8F80C0002
:10E2A0008089FAF7B9FF800701D0012000E0002043
:10E2B000B8F80810084480B27881218D81423DD29F
:10E2C000D8F80C008089FAF7A7FFC00711D0D8F85A
:10E2D0000C008089FAF7A0FFC0F344004000FAF771
:10E2E0009BFF0146D8F80C00828922F47C5211432E
:10E2F0008181208DA8F80800D8F80C008089FAF7F1
:10E300008BFF800706D5B8F8080000E0C0E1401E8A
:10E31000A8F80800B8F80810D8F80400FCF7FBFECD
:10E32000D8F80C008089FAF777FF800701D0012028
:10E3300000E00020B8F8081008447881206F58B336
:10E34000D8F80C008089FAF767FFC00704D107E00E
:10E350000168216700F0C4FA206F0028F8D165E059
:10E36000256F2CE08089FAF757FFC00723D0D8F833
:10E370000C008089FAF750FF80071CD40120FAF7BF
:10E380004BFFD8F80C1008E07DE1C2E0300100241A
:10E390001C0100243089012448E08A8910438881C7
:10E3A000FAF73AFF800701D0012000E00020B8F81A
:10E3B00008100844788128462D6800F091FA45B18C
:10E3C000E8682A897B89416811447A691A44511A9C
:10E3D000C8D555B3798978694218E9684968521AED
:10E3E000002A22DD081AA8F80800D8F80C00808955
:10E3F000FAF712FF800704D5B8F80800401EA8F805
:10E400000800B8F80810D8F80400FCF784FED8F823
:10E410000C008089FAF700FF800701D0012000E09E
:10E420000020B8F808100844788125677889796950
:10E4300001446162218D081A2085204600F0B2FC5B
:10E44000D8F80400018911B1F861C8F80460D8F85F
:10E450000C008089FAF7E0FEC00745D0787840F0DC
:10E460002000787040E079618089FAF7D5FE800756
:10E4700001D0012000E000202A89616A114408448B
:10E480006062E8688089FAF7C7FEE8688089FAF771
:10E49000C3FE800701D0012000E000202989084444
:10E4A000218D081A2085204600F07CFC69680889C7
:10E4B00030B1F86910B1FCF7B6FC00E0F9616E60AC
:10E4C000E8688089FAF7A8FEC00708D0787840F09D
:10E4D00020007870207D042801D10720207528684D
:10E4E0002067284600F0FCF9256F25B1E868626ACC
:10E4F00041689142B7D0608BC10706D020F001007F
:10E5000040F002006083BDE8F08740F001006083C6
:10E51000F9E7204600F0FCF9256F0DB10026AEE0CA
:10E52000634800F0CAF92067EDE7E8684168786958
:10E53000814212D1B8F8080029898842E3D95C48A1
:10E5400000F0BBF90028DED00EB1306000E020679B
:10E550002946BDE8F047FFF74DB81EB3F268526890
:10E56000821A012A2BD4421A521C002A27DC504856
:10E5700000F0A3F904462000C5D0F0683189406856
:10E5800042187969521A002A05DD081A81B23181D0
:10E590007068FCF7C0FD346029462046BDE8F047AE
:10E5A000FFF728B8421A0AD5414800F086F900283A
:10E5B000A9D020672946BDE8F047FFF71BB82A68B5
:10E5C000F2BB401A002858DDE8688089FAF724FE7B
:10E5D000C00798D1364800F070F92860002892D022
:10E5E000E8682989406842187969521A002A05DDCD
:10E5F000081A81B229816868FCF78DFD218D606A57
:10E600007A69084479891144081A00288CDD286841
:10E61000C0688089FAF700FEC00713D02868C06878
:10E620008089FAF7F9FDC0F344004000FAF7F4FDE1
:10E6300001462868C068828922F47C52114300E0B8
:10E640001BE08181A08C218D0844B98A401A81B2D7
:10E650002868018128684068FCF75DFD2868C0686B
:10E660008089FAF7D9FD800701D0012000E0002061
:10E67000296809890844788145E72E461546002D0A
:10E680007FF453AF3FE72046BDE8F04700F040B9C4
:10E69000606A79690A1A05D4228D1044081A401C50
:10E6A0000028E9DD608B40F0020060832BE700006A
:10E6B00030890124002801D0C0F88010704710B5BF
:10E6C00008461446002C06D0218900F00BF820469D
:10E6D000FCF756FC00E00BB1002010BDBDE8104077
:10E6E000FEF756B910B50446208D084480B2208547
:10E6F00041F2D061884201D9218506E028B9207D08
:10E70000072801D0092800D12185204600F04AFBC6
:10E7100040F2B451884208DB608B40F00200608315
:10E720002046BDE81040FEF7A3BF10BD002204E064
:10E73000836F8B4200D18267C0680028F8D1704790
:10E740002DE9F0410546EE6E002E22D03068E866D5
:10E7500005F1680400E02468206850B1C068406892
:10E76000FAF74EFD0746F0684068FAF749FD381A97
:10E77000F1D42068306026600021306808B9A5F81F
:10E78000641095F84200FF2802D2401C85F8420030
:10E790006963BDE8F08110B50446E06E002825D01D
:10E7A000A07E400722D42046FFF7CAFFB4F84800F5
:10E7B000B4F85C10884200D308464108A4F84A1017
:10E7C000608EB1EB400F05D24FF6FF7101EA4001B8
:10E7D000A4F84A101A3400EB4000218E0844E0856A
:10E7E000208840F0040020800020E08210BDC16E2F
:10E7F000002914D000E011460A68002AFBD1826E7D
:10E800000A60C16E81660022C26690F84210FF293C
:10E8100002D2491C80F842104263FEF729BF7047BC
:10E820002DE9FE4F81460E4690461F46DDE90CABB2
:10E83000002214210120FCF71DFA054628003AD0D9
:10E840006C685046FAF7E8FC20805846FAF7E4FC7A
:10E8500060804846FAF7D4FC60603046FAF7D0FC96
:10E86000A06045F21400FAF7D7FCA0814DF2160023
:10E87000E0814FF00009A4F81090A4F812903846F7
:10E88000F9F7FCFE06468EB1009706212A89434619
:10E890002846F9F774FF20820620FF233A464146B6
:10E8A0000296CDE900902846F9F740FD2846BDE8DC
:10E8B000FE4FFCF765BBBDE8FE8F70B50446042033
:10E8C000FBF74EFE05464DB1201D22682C1D0BC8DE
:10E8D0000BC42A60FCF749FC284670BD002070BDBF
:10E8E00010B50446002C09D0606808B1FCF748FB5D
:10E8F0002146BDE810400420FBF7FABD10BD10B55D
:10E9000003E00468FFF7ECFF20460028F9D110BDB2
:10E91000FEB504460025E06CFAF772FC00220346BF
:10E9200029462046FEF7ACFF0546280022D06F6836
:10E93000201DF9F7A3FE06461EB3201D00902A896C
:10E94000062123462846F9F71AFF38820621607A05
:10E95000221D8DE84300A37A21462846F9F7E6FCFC
:10E9600006462846FCF70CFB76B1608B40F00300AE
:10E9700060830DE0608B40F0030060836FF0010066
:10E98000FEBD6FF00306ECE7608B20F003006083B0
:10E990003046FEBD70B50546AC6E002C01D109E0D5
:10E9A0000C4621680029FBD1E0688089FAF734FC25
:10E9B000400705D02846BDE870400121FEF7B8B9F0
:10E9C0000120FAF729FC0146E06882891143818120
:10E9D000688B40F020006883002070BD002800D0C4
:10E9E000C16770472DE9F04104460D4616466FF0A9
:10E9F0000A07207D01280BD09DB1608B40F01000EC
:10EA0000608346B12046BDE8F0410121FDF7CABF51
:10EA10003846BDE8F081606F18B1FCF7B1FA00200C
:10EA2000606776B1207D032805D0042803D007282D
:10EA300001D03846EDE72046E9B2BDE8F041FDF7E8
:10EA4000B1BF0020E5E700002DE9FC5F9F4FF868AB
:10EA5000401CF860B878401CB8704FF4FA7A4FF652
:10EA6000FF7B4FF000090026BC690CE1A17FB8785C
:10EA7000814201D1E46806E1A0770025A846227D05
:10EA8000022A05D194F84200062801D3012555E059
:10EA900094F842000C2801D301254FE094F89D1012
:10EAA000D1B18B48085C94F89C10814202D2491C79
:10EAB00084F89C1094F89C1081423FD3204600F0CB
:10EAC00047FBD8BB84F89C9094F89D00072835D26A
:10EAD000401C84F89D0031E0B4F93010002901DBBE
:10EAE000491C2186E16E49B3B4F93010B4F94030C5
:10EAF000994223DB022A09D0B4F93C20E18F01EBD3
:10EB0000E201744A105C8140A4F84010A4F83090EF
:10EB1000B4F84800B4F85C10884200D308464008B6
:10EB2000A4F84A00618E0BEA4102904201D2A4F897
:10EB30004A20A4F848102046FFF759FE207D0628F9
:10EB400009D1A17EC90606D5216AFA68511A282979
:10EB500001D96D1CEDB2217A090729D5042801D00D
:10EB6000072825D12034D7F80CC0D4E91D12206F16
:10EB700054F8203902FB0102ACEB0303B2FBFAF2BA
:10EB80009A4204D26D1CEDB24FF0010810E094F8E7
:10EB90009E2002FB0100B0FBFAF0984208D220460A
:10EBA000FEF790FB20B994F89E00401C84F89E006C
:10EBB000206F68B1216AFA68521AB4F9401001EB6B
:10EBC0004101B2EB410F03D3FFF799FEC4F87090F7
:10EBD000207D032806D1216AFA68511A282901D913
:10EBE0006D1CEDB2092806D1206AF968081AF028D0
:10EBF00001D96D1CEDB255B3D4F88C502046FEF708
:10EC00001FFF16B1E068F06001E0E068B861B8F19C
:10EC1000000F09D0208B231DE18A2246CDE9001088
:10EC2000616AE06CFFF7FCFDD4F810802146E468CF
:10EC30000220FBF75DFC87F800901DB16FF00C011E
:10EC40004046A847387800287FF40DAF1BE02646E1
:10EC5000E468307F401CC0B23077717F884212D3A5
:10EC600086F81C9087F80090D6F888201AB1306991
:10EC70003146904700E0002039780029E4D110B9EE
:10EC80003046FEF7F5FC002C7FF4F0AE0025FC6961
:10EC900018E00020216AFA68511AF02900D90120F1
:10ECA00070B12046FEF7CCFE15B1E068E86001E0E7
:10ECB000E068F8612146E4680220FBF719FC01E0F6
:10ECC0002546E468002CE4D1BDE8FC9F1001002437
:10ECD0008F390108C43901080848816800290CD11E
:10ECE0000749084A09681268114306D0012181606A
:10ECF00000220549FA20FDF775BC70475401002435
:10ED0000280100242C01002481F300087CB5164C56
:10ED10002278510717D421469307498914D5436AAD
:10ED20006269D51A15D4058D2B44D31A002B10DC3B
:10ED3000E068114403884088CDE900030B4BA069CB
:10ED40001A1DFFF76DFD7CBDD20702D0084A12687C
:10ED500002620029F7D0418B41F002014183BDE8F6
:10ED60007C40FEF785BC000030010024AC0E01247D
:10ED70001C01002410B5FEF739F805494878401CFD
:10ED80004870C00703D0BDE81040FFF75DBE10BD5E
:10ED9000100100240248417841F010014170704791
:10EDA0003001002470B5058D436A5A19448EC16A3A
:10EDB00040F66836B44200D934460C44141B02D4E1
:10EDC0004585501A70BD5A1A002A02DD002141857E
:10EDD00001E0C91A4185002070BD2DE9FF4F8DB0BB
:10EDE0000646914600200C90002500270B90834694
:10EDF00000240A900990089082460790B6F85E10A9
:10EE0000708EB0EB510F01D2014600E0490801B904
:10EE10000146069143F0010010900E9860B14946FA
:10EE2000304600F06EF9002808D1B6F86280B06E66
:10EE300000286FD0054605E06FF00F0011B0BDE867
:10EE4000F08F054628680028FBD1A87AC00701D0BA
:10EE5000042000E0002029890A180698801A82B24E
:10EE6000B6F864000890B8B12F46484501D2034671
:10EE700000E04B46934201D9924604E0484501D256
:10EE8000824600E0CA4604EB0A039CB2A0EB0A00EB
:10EE90000890A2EB0A0082B24C453BD2002A39D03E
:10EEA000002937D0A9EB0400904200DD104680B263
:10EEB00005902F461098C0071AD010980121029192
:10EEC00008ABCDE9006005990420FEF7A9FD0028F4
:10EED0000C907DD00E98059A01190C984068F1F7B6
:10EEE0008CFA0C98FBF7BDFF40441FFA80F824E031
:10EEF000686800E0084601680029FBD1017B012910
:10EF000009D14168408901440E98814203D1059896
:10EF1000079012E076E0059901220420FBF7AAFE93
:10EF200000280C907CD00E9801190C9841600C9828
:10EF3000FBF797FF40441FFA80F80598204484B2FD
:10EF400060E0A9EB040080B20A9A0699891A89B296
:10EF5000884200D3084604901098C0071ED0BBF129
:10EF6000000F19D000201099029008AB0498CDE949
:10EF700000610A99069A084481B20020FEF750FD0C
:10EF8000059028B30E980119059842680A98104414
:10EF9000049AF1F732FA16E00120E4E7049901221D
:10EFA0000020FBF767FE071E3AD00E9820447860D9
:10EFB00000220A991046FBF75DFE059048B30598BC
:10EFC0003946FBF730FF0598FBF74BFF404400E064
:10EFD00022E01FFA80F8B8F1180F1ED80998002215
:10EFE0000090B06D059903193046FDF73DFE071EF0
:10EFF00016D0BBF1000F25D00B9807600B97049833
:10F00000204484B24C459CD3BAF1000F31D06C68D7
:10F010002AE03846FBF7B4FF02E00598FBF7B0FFA3
:10F02000708B40F0800070830C9810B10C98FBF747
:10F03000A7FFBBF1000F02D05846FFF760FC4FF06E
:10F04000FF30FBE6BB46D9E7208950442081206889
:10F0500048B961895246606808440E99F1F7CDF9C4
:10F060006089504460812468002CEDD12889504487
:10F070002881BDF82000A6F864000C9848B16868A3
:10F080000C99FBF7D0FE0C98298900890844288147
:10F0900017E00798A8B1686804E00389079A1A4442
:10F0A0000281084601680029F7D1028907991144B5
:10F0B00001814289079911444181298907980844AF
:10F0C0002881DDB1C5F800B056F8580F48443060CB
:10F0D0003089A0EB09003081A6F80A8067B1F86892
:10F0E00050B11098800707D40820FAF795F8014628
:10F0F000F86882891143818100209FE6C6F868B0D4
:10F10000E2E7027D042A08D0072A06D0022A04D0AA
:10F11000032A02D06FF00A00704759B1B0F860209E
:10F120004FF0FF338A4207D2418B41F08001418387
:10F130001846704700207047B0F86210182901D2B5
:10F1400000207047418B41F0800141831846704791
:10F150002DE9FE430546EC6E002C00D1AC6E1CB3CD
:10F16000E0688089FAF758F8C00701D02089F0B12B
:10F170004FF00008B8F1000F1CD00022E068002119
:10F1800043682846FEF77CFB0746380014D07E68AB
:10F19000B8F1000F13D01120FAF73EF8B18921F42D
:10F1A0007C510843B08114E00020BDE8FE834FF09D
:10F1B0000108DFE70122E1E74FF0FF30F5E706F154
:10F1C0001401606823890289D21A93B20122FBF7E5
:10F1D000A1FEE0684068FAF713F8401CE96C091AD0
:10F1E00000D5E864281DF9F749FA0446CCB1281D7A
:10F1F00000903A8906212B463846F9F7C0FA30824A
:10F200000620CDE9010400210091AB7A2A1D294690
:10F210003846F9F78BF804463846FBF7B1FE20462E
:10F22000C3E76FF00304F7E72DE9F04105460E460A
:10F2300090461348FDF75DF90820FBF791F9044665
:10F240004FF0FF375CB1082020706560A660B8F110
:10F25000000F07D00A482146FDF731F90DE0384686
:10F26000BDE8F08106482146FDF735F928B10820B0
:10F270002146FBF73DF93846F2E70020F0E70000B1
:10F28000A4000024F8B505460E46F9F7F3FF094C33
:10F2900025606660002104F10800FDF706F90720EB
:10F2A0000549002200904FF4805304A0FDF788F92F
:10F2B000E060F8BD9C000024B9F300087463706935
:10F2C000705F74687265616400000000002300686C
:10F2D0001A46194603F01ABF2DE9F04105460E46BD
:10F2E00090461048FDF705F90920FBF739F9044667
:10F2F0004FF0FF378CB1022020706560A660C4F823
:10F300000C8021460748FDF7E6F840B10920214668
:10F31000FBF7EEF83846BDE8F0813846FBE7002001
:10F32000F9E70000A400002491F83D2012F0180F26
:10F3300002D0034AFFF7D0BF024AFFF7CDBF00005B
:10F34000956D0008ED8000087FB504460D46164611
:10F350003046FDF72DF90948FDF7CBF800208DF870
:10F3600000000194029569460448FDF7A8F80021C1
:10F370003046FDF73CF804B0002070BDA400002426
:10F3800010B5FFF7F7FC084808490068096808430A
:10F3900006D000220649BDE81040FA20FDF722B948
:10F3A00004490020886010BD280100242C0100249D
:10F3B00081F300085401002438B50024354D296834
:10F3C000002962D0686888475FE0324869460830A3
:10F3D000FDF76EF9009B002B57D018780A2854D2FD
:10F3E000DFE800F011152028313A4105485001248A
:10F3F000002028606860D868FDF7D4F800990820DC
:10F40000FBF776F841E0D3E9011088473DE0D3E906
:10F41000011088470099896808700098C068FDF756
:10F42000C1F832E01B1D07CB904700990920FBF77C
:10F430005FF82AE01B1D07CBFDF7D4F800990820E0
:10F44000FBF756F821E0D3E90201FDF797F900999F
:10F450000820FBF74DF818E0FDF778F9009908202F
:10F46000FBF746F811E0FDF741F900990820FBF79A
:10F470003FF80AE0D3E90110884700990820FBF71C
:10F4800037F802E0D3E901108847002C9DD0FDF742
:10F4900094F838BD9C000024122801D30020704746
:10F4A000054900EB800051F8202012B101EB8000EB
:10F4B0007047002070470000B40801242DE9F04196
:10F4C00004460D46002D00D11E4D2CB125B100265D
:10F4D0001D4F7B68184608E06FF00500BDE8F0811D
:10F4E0009C4201D1012602E0DB68002BF8D16FF0CD
:10F4F0000708C2B900F062F90246100015D1404673
:10F50000ECE784420ED0217A490702D5017A4907F7
:10F5100008D4418A914205D101682B68994201D1F2
:10F520004046DBE7C0680028EBD125B128682060A1
:10F53000628216B104E00020F9E77868E0607C6040
:10F540000020CBE71C3A01086001002470B5044696
:10F550000D461646002C03D015B1628A1AB108E098
:10F560006FF0050070BD21462046FFF7A7FF002879
:10F57000F8D128686060A682207C40F004002074E6
:10F58000064A5068014604E0844201D1002070BD63
:10F59000C0680028F8D1E160546070BD60010024AB
:10F5A000002141608182017C21F0040101747047D7
:10F5B00010B5FCF7B7FF024940F44040088010BD89
:10F5C000600100242DE9F34F83B0074678890828AD
:10F5D00005D205B03846BDE8F04FFBF7D1BCD7F8EF
:10F5E0000480DFF84091D9F80010D9F81400F8F73A
:10F5F000D7FC0290B8F80000F9F70EFE8246B8F882
:10F600000200F9F709FE83460026002546484468B3
:10F6100023E0608A58451ED1029A2046049900F0E2
:10F6200085F8C0B1207C400704D415B114B120681E
:10F6300000B12546A08A50450DD1606818B1D9F8AF
:10F640001010884207D156B1E068F0603648416832
:10F65000E160446003E02646E468002CD9D104B997
:10F660002C460CB1012008E00498D9F81410406829
:10F67000884201D1012000E00020E8B3294EB8F80B
:10F680000600103670B1301D00903A8911213346C2
:10F690003846F9F774F828B105B03846BDE8F04FA0
:10F6A000FBF76EBC6FF007013846FBF7C3FC28B1CF
:10F6B00005B03846BDE8F04FFBF762BC8CB1256A57
:10F6C0004DB1CDF800A03346606A3A462146A847BE
:10F6D00005B0BDE8F08F05B03846BDE8F04FFBF748
:10F6E0004FBC029890B999F81400C0F303100E288B
:10F6F0000CD0B9F80C0000E00EE0083001B238463A
:10F70000FBF79BFC03213846F8F742F805B0384672
:10F71000BDE8F04FFBF734BC05B03846BDE8F04F0C
:10F72000FBF72EBC9C0E0124600100240C4B002A28
:10F730005B690BD040B1026832B1581C04D08868B4
:10F74000024003409A4208D10120704718B1006876
:10F7500008B1984201D10120704700207047000095
:10F760009C0E012410B5002813D00268002A10D086
:10F7700000290ED00A68002A0BD0064A526806E01B
:10F7800013680468A34201D10B681360D268002A91
:10F79000F6D110BD6001002410B50120FAF7E0FE9B
:10F7A000044634B128212046F0F74EFEFF20A07217
:10F7B0002077204610BDFFF7EFBF0000F0B5002115
:10F7C0000F4D4FF440474FF6FF764FF4804C6C6876
:10F7D0002888421C2A80B04200D12F8020462A88E7
:10F7E00009E0438A934205D1491C89B26145EFD3B0
:10F7F0000020F0BDC0680028F3D12888F0BD0000CB
:10F800006001002401624262704700000A494A68B0
:10F8100082420AD1D2684A6009E0D36823B18342A8
:10F8200002D1C168D16002E01A46002AF5D1014632
:10F830000120FAF75DBE000060010024002803D01B
:10F84000838A021D00F004B86FF0050070470000C5
:10F850002DE9F84304460F46164698463046002CDC
:10F8600006D02EB10178C1F303110E2904D00BE0AC
:10F870006FF00500BDE8F883A5692DB10949096855
:10F880008D4201D004F11800F8F7F8FE38B1434674
:10F89000324639460090204600F006F8EAE76FF05D
:10F8A0000300E7E7203A01087CB5069D00280CD04C
:10F8B0005AB1046864B1C4F303160E2E08D06E6802
:10F8C000B44207D06FF003007CBD6FF005007CBD33
:10F8D0002C1D00E00446CDE9005400F001F87CBD89
:10F8E0002DE9FE4F0546884617469B46DDE90C9AF2
:10F8F000002D03D017B16A8A22B109E06FF005002C
:10F90000BDE8FE8F29462846FFF7D8FD0028F7D12D
:10F9100008214046FBF78EFB90B100220821012010
:10F92000FBF7A8F90446200007D0B8F8080040B15A
:10F9300041462046FBF78BFA03E04FF0FF30DFE74C
:10F9400044466668688AF9F767FC30805846F9F7DC
:10F9500063FC70800020F080287C000708D5387890
:10F96000C0F303100E2803D1607B40F004006073E5
:10F970002089F9F751FCB080287CC0070AD1009794
:10F980001121228953462046F8F7F9FE08B94FF6AF
:10F99000FF70F08011203978C1F303110E2911D0C6
:10F9A000AB7A3A46697ACDE9010920460091514681
:10F9B000F8F78EFD0546444502D02046FBF7E0FAF5
:10F9C00028469DE72B7FECE70169D0E901329A6078
:10F9D000D0E901235A604A68824201D182684A60B4
:10F9E000002202610868401E0860704710B5044696
:10F9F000002C05D106A140F22F6215A0F4F714FEE9
:10FA000000F060F8A46B00F087F8204610BD0000FD
:10FA10002E2E5C2E2E5C2E2E5C576946695F534459
:10FA20004B5C57494345445C52544F535C467265A6
:10FA30006552544F535C766572392E302E305C53CC
:10FA40006F757263655C71756575652E6300000086
:10FA50004572726F723A25732C25640D0A000000FE
:10FA600000F1080141604FF0FF328260C160016126
:10FA700000210160704700210161704730B50C68BA
:10FA8000621C02D000F1080202E0026904E01A469A
:10FA900053681D68A542FAD953684B6099608A6023
:10FAA000516008610168491C016030BD42684A60CC
:10FAB00093688B6093685960916008610168491C84
:10FAC00001607047502072B680F31188BFF34F8FEA
:10FAD000BFF36F8F62B609494868401C486001282F
:10FAE0000AD10748006810F0FF0F05D0054906A0AD
:10FAF00040F2AF12F4F798BD704700008000002478
:10FB000004ED00E0004201084572726F723A2573FD
:10FB10002C25640D0A00000010B5094C606800280F
:10FB200005D1084908A04FF4DB72F4F77DFD606849
:10FB3000401E6060002801D180F3118810BD0000D4
:10FB400080000024004201084572726F723A2573EA
:10FB50002C25640D0A00000070B500282AD0083852
:10FB60000446154D6068E968084205D113494FF411
:10FB7000A07213A0F4F758FD206828B10F4910A017
:10FB800040F24112F4F750FD6068E968084211D074
:10FB90002268002A0ED18843606000F061FA606834
:10FBA0006968084468602046FBF72CFFBDE8704098
:10FBB00003F09EBD70BD000068000024B041010844
:10FBC0004572726F723A25732C25640D0A0000008D
:10FBD00006484FF47A710068B0FBF1F14FF0E02075
:10FBE000491E4161072101617047000000000024A7
:10FBF00010B5F0F7BBFB104C10280CD300F1E0203F
:10FC000090F8F0032178884205D20C494FF43E72F7
:10FC10000BA0F4F709FD0E480068A16800F4E0604D
:10FC2000884207D9BDE8104004494FF4427204A04D
:10FC3000F4F7FABC10BD0000800000240042010867
:10FC40004572726F723A25732C25640D0A0000000C
:10FC50000CED00E010B50446002C05D106A140F2E1
:10FC60005D6215A0F4F7E0FC204600F02DF8204678
:10FC7000BDE81040FFF770BF2E2E5C2E2E5C2E2E9E
:10FC80005C576946695F53444B5C57494345445C44
:10FC900052544F535C4672656552544F535C7665BF
:10FCA00072392E302E305C536F757263655C7175DE
:10FCB0006575652E630000004572726F723A257398
:10FCC0002C25640D0A0000000021084A02EBC10344
:10FCD0005B68834206D1002042F8310002EBC1018B
:10FCE00048607047491C0A29F0D37047A8040024D3
:10FCF00010B504460020002C10D00E48006B28B12F
:10FD00000DA140F2ED421CA0F4F78EFC00F0A8F922
:10FD100000212046FBF79EFC03F0EAFC002807D1F7
:10FD200019494FF080500860BFF34F8FBFF36F8FBA
:10FD300010BD0000280000242E2E5C2E2E5C2E2EDE
:10FD40005C576946695F53444B5C57494345445C83
:10FD500052544F535C4672656552544F535C7665FE
:10FD600072392E302E305C536F757263655C74612E
:10FD7000736B732E630000004572726F723A2573C5
:10FD80002C25640D0A00000004ED00E070B5064665
:10FD9000FFF798FE2A4D002E0BD0344604D0304693
:10FDA000F6F708FC042806D0201DFFF70DFE30B141
:10FDB00011E02C68F2E7BDE87040FFF7ADBEE06AE5
:10FDC000204A00EB800152F8211021B90121814025
:10FDD000286988432861A06A18B104F11800FFF768
:10FDE000F3FD686A401C68622868844207D116489F
:10FDF000211DFFF75BFE6868401C686007E0A8688B
:10FE0000401EA8602046FBF70DFDFBF7A1FEFFF7A3
:10FE100083FE6869002812D0286884420FD1286BBD
:10FE200028B10AA140F2834218A0F4F7FDFB1B4958
:10FE30004FF080500860BFF34F8FBFF36F8F70BDDE
:10FE400028000024F8040024B40700242E2E5C2E81
:10FE50002E5C2E2E5C576946695F53444B5C5749B4
:10FE60004345445C52544F535C4672656552544F4F
:10FE7000535C766572392E302E305C536F75726329
:10FE8000655C7461736B732E630000004572726F62
:10FE9000723A25732C25640D0A00000004ED00E081
:10FEA00001490120C86170472800002470B504464C
:10FEB0000D46002C05D109A140F62D3217A0F4F70C
:10FEC000B3FB1A48016820461831FFF7D7FD2846D2
:10FED000BDE870400121FBF7BDBB00002E2E5C2E5B
:10FEE0002E5C2E2E5C576946695F53444B5C574924
:10FEF0004345445C52544F535C4672656552544FBF
:10FF0000535C766572392E302E305C536F75726398
:10FF1000655C7461736B732E630000004572726FD1
:10FF2000723A25732C25640D0A0000002800002475
:10FF300010B50446002C05D105A140F6E83214A006
:10FF4000F4F772FB1648016A2160C068606010BD5A
:10FF50002E2E5C2E2E5C2E2E5C576946695F534414
:10FF60004B5C57494345445C52544F535C46726561
:10FF70006552544F535C766572392E302E305C5387
:10FF80006F757263655C7461736B732E6300000040
:10FF90004572726F723A25732C25640D0A000000B9
:10FFA000280000241CB5164800248022234615A1F1
:10FFB000CDE90040154803F067FA01280AD0401C3B
:10FFC0001DD102B040F2AB7211A121A0BDE81040DA
:10FFD000F4F72ABB502072B680F31188BFF34F8F1D
:10FFE000BFF36F8F62B606484FF0FF312C38816245
:10FFF00001214161C460BDE81C4002F045BE1CBD4A
:020000040801F1
:100000005400002449444C450000000085B8000815
:100010002E2E5C2E2E5C2E2E5C576946695F534453
:100020004B5C57494345445C52544F535C467265A0
:100030006552544F535C766572392E302E305C53C6
:100040006F757263655C7461736B732E630000007F
:100050004572726F723A25732C25640D0A000000F8
:100060000248016B491C016370470000280000240E
:1000700070B5144D286B002802D00120E86170BDD6
:100080000020E8612869B0FA80F0C0F11F000E4E30
:1000900000EB800456F8240028B90CA140F61D326C
:1000A0001AA0F4F7C1FA06EB840041684968416080
:1000B00000F10802914201D1496841604068C0687E
:1000C000286070BD28000024F80400242E2E5C2E29
:1000D0002E5C2E2E5C576946695F53444B5C574932
:1000E0004345445C52544F535C4672656552544FCD
:1000F000535C766572392E302E305C536F757263A7
:10010000655C7461736B732E630000004572726FDF
:10011000723A25732C25640D0A00000070B5044660
:100120000D462846FBF718FA0EE00948806800687B
:100130008047002204F8010B6D1E2D042D0C03D006
:10014000000A521C042AF5DB002DEED1002070BD00
:10015000780200242DE9F04104460F46164600259A
:10016000A07F002804D0022802D03046BDE8F081EC
:10017000042803D36D496EA0F4F756FA6068472847
:100180003FD01EDC734900F10100302839D2DFE88E
:1001900000F0AE68AEAE99AEAE91AEAEAEAEAE9180
:1001A000AEAEAE7EAEAEAEAEAEAEAEAEAEAEAEAE9F
:1001B000AEAEAEAEAEAEAEAEAEAEAEAEAEAEAEAE5F
:1001C000AE266B281DD01CDCA0F14800092818D2EF
:1001D000DFE800F08D8D8D8D8D8D8D8D8600A06872
:1001E000B0F5837F06D0012540F20F22B0F5827F63
:1001F00008D012E0A07F51F8202042F0080241F818
:10020000202074E0E368934207D1A07F51F82020BA
:1002100042F0400241F8202069E0B0F5847F0AD125
:10022000E368934207D1A07F51F8202042F080027A
:1002300041F820205BE0B0F5857F0AD1E06890426C
:1002400007D1A07F51F8202042F4807241F820208D
:100250004DE0A07F51F8202042F4007241F82020A8
:1002600045E0A06818B1032809D001253FE0A07F30
:1002700051F8202042F0100241F8202037E0A07F02
:1002800051F8202042F0200241F820202FE0A078F1
:10029000C00707D0A07F51F8202042F0040241F8A7
:1002A000202024E0A07F51F8202022F0040241F811
:1002B00020201CE0A07F51F8202022F0020241F80B
:1002C000202014E0A06818B1062810D001250EE007
:1002D000A07F51F8202042F0020241F8202006E0E1
:1002E0006069062803D3B9781BA0F4F79DF9A07FB5
:1002F00001F0E0FF10B9012502F0C8F8012D01D08E
:10030000304633E77EB100221948511EF7F700FA54
:1003100017481C38406910B10021F7F717FA144844
:100320000021F7F713FA002020E700001B3C01082A
:1003300025733A206576656E745F686561646572E1
:100340003A2042616420696E746572666163650A71
:1003500000000000B08A0124435341206576656E99
:1003600074203D3E206368616E2025640A00000011
:100370003C020024017B054A042903D00146506851
:10038000FAF7C2B801461068FAF7BEB86002002456
:1003900010B50A480178012901D0002010BD0021C4
:1003A0000170012206490023104600F003FE0028D8
:1003B000F4D1BDE8104000F0ADBD0000AC01002458
:1003C0000E0001000020704770B500241B4DE86846
:1003D000401C0DD028786968084301D0012000E056
:1003E0000020E968A9604FF0FF31E96000F01EFECF
:1003F0002878002601280BD0686898B1F7F795F99E
:100400006968081AA968884200D804464CB109E016
:100410002E70A86830B1F7F788F9AC68204468609E
:1004200000E06E6034B100F05FF928B100F088F9A7
:1004300000B10024204670BD0024FBE79801002491
:100440007CB500200090A049087000F041F9F7F752
:100450003BF800281AD100244FF4FA750223012238
:100460001946002000F0A6FD00280FD114B101208C
:10047000F7F741F901220221002001AB00F022FA36
:10048000002803D1641CAC4201D302207CBD9DF83E
:1004900004000228E2D101220721002001AB00F074
:1004A00011FA0028F2D19DF804000122072120F062
:1004B00003039B1C002000F07DFD0028E6D10024F2
:1004C00007E00120F7F717F9641CAC4201D30220C2
:1004D0007CBD402301221021002000F06BFD60B99B
:1004E00001221021002001AB00F0ECF928B99DF8A1
:1004F0000410402901D0AC42E3D30028E8D14023C6
:100500000122102100F056FD0028E1D140230122F4
:100510004FF4887100F04EFD0028D9D1402301220C
:100520004FF4047100F046FD0028D1D1002340F2C1
:1005300011210122184600F03DFD0028C8D10723F3
:100540000122042100F036FD0028C1D1012213212F
:1005500001AB00F0B7F90028BAD19DF80400C1073B
:100560000FD040F0020301221321002000F022FDF1
:100570000028ADD1F6F75AFF80B20028A8D1002498
:1005800006E040F206407CBD0120F7F7B4F8641C99
:1005900001220321002001AB00F094F928B99DF855
:1005A0000410890701D4AC42EED3AC4201D302203F
:1005B0007CBD0028FCD1454D012229231046294647
:1005C00000F0F8FC0028F3D1002403E00120F7F745
:1005D00092F8641C2946012201AB104600F072F922
:1005E00028B99DF80420520601D4642CEED3642C63
:1005F00001D302207CBD0028FCD101222946002322
:10060000104600F0D7FC0028F4D130490122002325
:100610001046491C00F0CEFC0028EBD10623012235
:10062000022100F0C7FC0028E4D107230122F221B7
:1006300000F0C0FC0028DDD1F6F710FF00F0AEFBA3
:100640000028D7D1F6F734FE0028D3D105230122A4
:10065000042100F0AFFC0028CCD10122032101AB22
:1006600000F030F90028C5D1F7F75FF800F01AFB69
:100670000446F7F75AF800206946F6F717FF0CB161
:1006800020467CBD00244FF47A7503E00120F7F783
:1006900032F8641C01220321002001AB00F012F9A2
:1006A000061E05D19DF80400400701D4AC42EDD3ED
:1006B000AC4201D302207CBD00F0B4FC00F024FD6C
:1006C0000028F8D130467CBD940100240E000100C2
:1006D0000149002008617047980100240148007812
:1006E0007047000094010024014800787047000022
:1006F000AC01002438B50024009400F005FD00286A
:100700001AD10E4D04216A46284600F023F808B19C
:1007100000940EE0009810F0F00F08D000F0F00206
:100720002846042100F026FC08B1009401E0F6F709
:10073000A3FF009800F0F00038BD00002020001852
:100740000020704708220248042100F013BC00007A
:10075000402000182DE9FC4107460E4614460025AE
:100760002570384600F07EFB002814D1C7F30E0236
:10077000042E01D142F40042334601210020CDE98C
:10078000004500F037FB002805D1BDE8FC414FF0E3
:10079000C05000F067BBBDE8FC8100002DE9F041CE
:1007A00086B006460024346000F0AEFC002813D169
:1007B000029403940494059402A80022CDE9000455
:1007C00004231046022100F015FB40F2034830B12B
:1007D000002000F0B9F9404606B0BDE8F081BDF850
:1007E0000810BDF80A0051EA000205D081EA0002B3
:1007F000A2F57F40FF3802D040F20440ECE70C291C
:1008000003AF03D12E480078012804D0042915D95C
:10081000091F8DB213E00022082310460221CDE902
:10082000007400F0E7FA20B1002000F08DF9404696
:10083000D2E702A801F0F4FA0020CDE7002505F187
:10084000080082B2304600230121F6F719FDB0B14D
:100850000022082310460221CDE9007400F0CAFAF4
:1008600020B1002000F070F94046B5E7002000F00C
:100870006BF902A801F0D4FA40F20540ACE7306809
:10088000F6F706FD02994160ADB13068F6F700FD5C
:1008900008302B460022CDE900040221104600F06A
:1008A000A9FA40B1002000F04FF930680121F6F7B5
:1008B000F3FC404690E7012000F0B8FB00208BE7F6
:1008C000BC0100242DE9FC4106460F4615461C4696
:1008D00029462046EFF7B8FD00202B463A46314620
:1008E000CDE9004000F086FABDE8FC81F8B5054688
:1008F00000244FF4FA76022301221946002000F06A
:1009000059FB00280FD114B10120F6F7F4FE0122A3
:100910006B4602210020FFF7D5FF002803D1641C9D
:10092000B44201D30220F8BD9DF800000228E2D1B4
:1009300001226B4607210020FFF7C4FF0028F2D1F7
:100940009DF800000122072120F003039B1C0020DA
:1009500000F030FB0028E6D1002407E00120F6F784
:10096000CAFE641CB44201D30220F8BD4023012218
:100970001021002000F01EFB60B901226B461021FF
:100980000020FFF79FFF28B99DF80010402901D0F3
:10099000B442E3D30028E8D140230122102100F023
:1009A00009FB0028E1D1402301224FF4887100F0B7
:1009B00001FB0028D9D1402301224FF4047100F03B
:1009C000F9FA0028D1D1002340F211210122184662
:1009D00000F0F0FA0028C8D107230122042100F01A
:1009E000E9FA0028C1D1F6F721FD002403E0012037
:1009F000F6F781FE641C6B46012203210020FFF7FD
:100A000061FF28B99DF80010890701D4B442EED3E4
:100A1000B44201D30220F8BD0028FCD1404E01228F
:100A200029231046314600F0C5FA0028F3D10024EE
:100A300003E00120F6F75FFE641C6B46012231469D
:100A40001046FFF73FFF0028F3D19DF80000400655
:100A500001D4642CEDD3642C01D30220F8BD012213
:100A600031460023104600F0A5FA0028F6D12C49A3
:100A7000012200231046491C00F09CFA0028EDD109
:100A800006230122022100F095FA0028E6D107236F
:100A90000122F22100F08EFA0028DFD1F6F7DEFC09
:100AA00000F07CF90028D9D1F6F702FC0028D5D156
:100AB00005230122042100F07DFA0028CED1012275
:100AC0006B460321FFF7FEFE0028C7D100F0EAF8CD
:100AD0000028C3D100244FF47A7603E00120F6F712
:100AE0000AFE641C6B46012203210020FFF7EAFE88
:100AF0000028F3D19DF80000400701D4B442EDD3A3
:100B0000B44201D3012D08D000F08CFA00F0FCFAB9
:100B100004A0F3F789FD0020F8BD0220F8BD000015
:100B20000E0001007777645F6275735F7265696EAE
:100B3000697420436F6D706C65746564200A0000F1
:100B40004FF47F707047000010B504460223012265
:100B50000621002000F02EFA002811D101230949B6
:100B60001A46184600F026FA002809D1012C06D1B1
:100B700001220548114600F0FDF9002800D10020AF
:100B800010BD00000D00010040200018F0B587B036
:100B9000DDE90C640025059501F003079DF81710A9
:100BA00067F306118DF81710059962F35921059125
:100BB000012819D09DF8171021F080018DF8171029
:100BC0008DF8143006A90491012305990422CDE97A
:100BD0000256019500913421F6F7BCFC002C01D09F
:100BE0000699217007B0F0BD9DF8171041F0800103
:100BF000E4E7F0B587B00CACF0CC4FF0000CCDF8CA
:100C000018C001F0030C9DF81B106CF306118DF851
:100C10001B10069963F3592106919DF81B1041F0B2
:100C200004018DF81B10012829D021F080038DF8D4
:100C30001B30042A26D0BDF818104FEA941C6CF320
:100C40000801ADF81810C1F3080CB4EB8C1F07D9DC
:100C50004FF4000C0CEB71214FEAF151ADF8181074
:100C600043F008018DF81B1002A94023D0C1019563
:100C7000069900913521F6F76DFC07B0F0BD41F003
:100C80008003D4E7BDF8181064F30801ADF818101C
:100C900002A94023D0C10195069900913521F6F7AC
:100CA00059FCEAE7F8B5002000900021084600F062
:100CB000EBF9002816D10021012000F0E5F9002809
:100CC00010D10021012000F0BFFC00280AD100F063
:100CD000ABF9002806D100F07CF904460A2C02D0BA
:100CE00034B12046F8BD24A0F3F79EFC2046F8BDA1
:100CF00000F074F90028FAD10021084600F0A4FCA5
:100D00000028F4D100F09AF90028F0D10024214EF7
:100D10004FF4FA7503E00120F6F7EDFC641C6B4616
:100D2000012231461046FFF7CDFD28B99DF800108D
:100D3000090601D4AC42EED3AC4201D30220F8BD87
:100D40000028FCD11448F022042100F013F90028F7
:100D5000F5D1114803220121103000F00BF90028D1
:100D6000EDD10C49012208231046891F00F022F919
:100D70000028E4D1F8BD0000557365722061626FF0
:100D80007274656420667720646F776E6C6F61643F
:100D90000A0000000E0001002420001810B50128F0
:100DA00021D1012211490F23104600F003F9002838
:100DB0001AD10E49012200231046491C00F0FAF80E
:100DC000002811D10949012202231046891C00F094
:100DD000F1F8002808D1064902230422012000F07E
:100DE000E9F8002800D1002010BD00000500010036
:100DF0006C0000187FB51546DDE90824012B08D0EA
:100E00000026402BCDE90032CDE9024609D300226D
:100E100008E0CDE9004213782A46FFF7B7FE04B098
:100E200070BD04222B46FFF7E4FEF8E738B505460F
:100E30002846F6F72DFA041D2846F6F72BFA001F70
:100E4000009483B200220221012000F067F80446DA
:100E500028460021F6F720FA14B9012000F0E6F840
:100E6000204638BD70B5C40BE403224E306984427D
:100E700001D1002070BD04F07F4500F07F40854225
:100E80000CD001221C49230E104600F093F80028D4
:100E9000F0D1306920F07F4005433561306904F4BA
:100EA0007F0500F47F0085420DD013490122230CF9
:100EB0001046491E00F07EF80028DBD1306920F48E
:100EC0007F0005433561308A04F47F4500F47F409C
:100ED00085420DD008490122230A1046891E00F0E0
:100EE00069F80028C6D1306920F47F400543356198
:100EF000002070BD980100240C0001000449002866
:100F000002D00120087001E0002008700020704726
:100F10009401002400207047002070477CB5069C97
:100F20000025CDE90045FFF765FF7CBD38B5002001
:100F3000009000F0E9F808B1002038BD0C4C042105
:100F40006A462046FFF706FC40B90098000605D522
:100F500080222046042100F00DF808B1002038BDA1
:100F600004216A462046FFF7F5FB012038BD00004A
:100F70002020001837B582B005460C462846FFF7FA
:100F800071FF002814D1C5F30E02042C01D142F4E4
:100F900000422346002004A9CDE9001001210846A3
:100FA000FFF728FF002803D14FF0C050FFF75AFF8A
:100FB00005B030BD3FB583B00D460021134606ACE9
:100FC0002A46CDE9004101460120FFF713FF07B093
:100FD00030BD00210846F5F76BBA000038B5012096
:100FE0006946F6F763FA0098810603D000F03F01E6
:100FF000401A403000900A4C211A0120F5F758FAA7
:1010000000280CD100986FEA9001090441EA90028F
:10101000009204212046FFF7ADFF0028FFD138BD24
:10102000FCBF030000207047002070470249087091
:1010300000204860704700009801002438B500F097
:10104000A3F804466A46012104F58160FFF782FB9C
:10105000002807D19DF8000000F00300012802D00D
:1010600040F2FA3038BD01216A4604F50060FFF70E
:1010700071FB0028F6D19DF80000C00702D040F2B5
:10108000FB3038BD002038BD7CB50E4600F07CF842
:10109000044604F500600121054601AAFFF75AFB4A
:1010A00000280BD101216A462846FFF753FB002890
:1010B00004D19DF80000C00701D000207CBD012EA6
:1010C0001BD0002204F5816001210446FFF752FF86
:1010D0000028F3D10121204601AAFFF73BFB00289D
:1010E000ECD10120F6F707FB012228461146FFF755
:1010F00041FF04461CB120467CBD2022E2E70120CE
:10110000F6F7F9FA20467CBDF8B5002000904FF4C0
:101110007A74164D287801281ED0FFF7FDFE0028AE
:101120001BD1134E0122102310463146FFF742FF18
:10113000002812D101226B4631461046FFF7C2FB50
:1011400000280AD1641E9DF80000000606D42CB1C8
:101150000120F6F7D0FAEDE70020F8BD1CB1012020
:1011600028700020F8BD40F2FE30F8BDAC0100242C
:101170000E000100022803D8024951F820007047F0
:1011800000207047FC010024014951F820007047FD
:10119000303A0108704770472DE9F04107460E4686
:1011A000002000250024DFF88CC004EB44015CF82B
:1011B000211071B1002307E07F2A03D90120AA4240
:1011C00000D915465B1C9BB251F82320B2F1FF3FBA
:1011D000F2D1641CA4B2052CE7D3D0B10835C5F315
:1011E000C704384614A204F1090100F099FA024636
:1011F000F2B13046FFF7BEFF1060101D0021016004
:10120000017101210170032141708470001DBDE84E
:10121000F081172138460EA200F082FA02462AB168
:101220003046FFF7A7FF1060101DF0E70020EEE743
:101230000020ECE7748A01246273736366673A6581
:1012400076656E745F6D7367735F65787400000018
:101250006273736366673A6576656E745F6D736714
:10126000730000002DE9F84304460E4617461D465C
:1012700000223048511EF6F74BFA002829D12B46A0
:101280003A463146204600F05BF80446E4B9294668
:101290006846FFF781FF0646300013D0264FF868F6
:1012A000401CF860FFF730FF13213046EFF7CCF811
:1012B0000023DFF8888003EB430C58F82C0008B3B8
:1012C000002219E040F2F2341A480021F6F73EFA03
:1012D0002046BDE8F883C81701EB507424F00700DE
:1012E000E510091A012016F80590884049EA00091E
:1012F00006F80590521C92B258F82C0050F82210B3
:10130000481CE8D15B1C9BB2052BD4D309480021B3
:10131000F6F71CFA0023009902201A4600F064FD3B
:101320000446F968491EF96009B900F0E7FD204656
:10133000CFE70000E8010024BC010024748A0124E6
:10134000F0B5FF240023194F03EB430557F8256040
:10135000864212D103EB430407EB840466688E4295
:1013600004D1A668964201D10020F0BD002647F8BE
:1013700025606660A6601C4607E0FF2C01D106B917
:101380001C465B1C9BB2052BDED349B1FF2C09D058
:1013900004EB440307EB83046160A26047F8230079
:1013A0000020F0BD40F2F530F0BD0000748A012449
:1013B0002DE9FC410546484C217801290DD0FFF765
:1013C000E9FE0021284600F0AFF805463DB143A0F4
:1013D000F3F72AF92846BDE8FC810020FBE7042149
:1013E00047A201A800F09CF940F20E4698B30025F0
:1013F00005600023019902201A4600F0F5FC10B1A7
:10140000B0F57F7FE7D1042140A201A800F088F960
:1014100020B3012707600023019902201A4600F03B
:10142000E3FC01F0AFFA0028D5D10C2139A201A8C4
:1014300000F076F9A0B105604560856000F1080113
:10144000A28892B20A60A18889B201606168090C21
:10145000416039B109E0FFE73046BCE73046BAE702
:101460003046B8E74FF0FF31416000230199022078
:101470001A4600F0B9FC0028ADD1002401200FE08D
:10148000132126A201A800F04BF900B31321EEF7B7
:10149000DBFF0023019902201A4600F0A5FC641C22
:1014A00008B1032CECD3002895D101F049FB0421AD
:1014B00001A800F023F960B107600023019A6E21B2
:1014C0000220009500F0DEFB002884D183E730463F
:1014D00081E730467FE70000BC010024436F756C54
:1014E00064206E6F7420696E697469616C697A65D5
:1014F000207769666920706C6174666F726D0A008E
:101500006275733A7478676C6F6D00006170737404
:1015100061000000636F756E747279006576656EA8
:10152000745F6D736773000070B50C46104D686092
:10153000F5F796FF00280FD1F5F724FF00280BD10F
:10154000F5F793FF012C08D0FEF77AFF044644B16B
:1015500008A0F3F769F8204670BDFFF7F1FA0446DA
:10156000F5E70020287000F0A5FC0028F4D170BD3C
:10157000BC010024436F756C64206E6F7420696E2B
:10158000697469616C697A65206275730000000096
:1015900080080149085C70473C3A01082DE9F35F77
:1015A0008846002600270098F5F772FE808901061C
:1015B000090C41EA102548F6F7094FF4006B5D4528
:1015C00001D04D4504D10098F5F762FE00F10F06F9
:1015D00068466FF01501F5F747FE28B10098002125
:1015E000F5F75AFEBDE8FC9F0098F5F751FE04465A
:1015F000B8F1020F04D900980021F5F74DFEF1E78C
:101600004FF0000A2020A0745D4501D04D4505D162
:1016100026B1307810B1FFF7BBFF0746B8F1000FD5
:101620000BD0E7744046FFF7A5FD207584F815A0A0
:101630000221009800F0E6FAD4E70248C05DE074A9
:10164000F0E700004A020024F8B506460D46304691
:10165000FFF79AFD044629463046FFF715FD00289E
:1016600030D1012D2FD040F0030204F5816001211B
:101670000646FFF77FFC002824D101216A46304648
:10168000FFF768F800281DD10022012104F5006051
:10169000FFF770FC002815D10120F6F72CF8012D7A
:1016A00013D0002040F0010230460121FFF762FC18
:1016B000002807D101216A463046FFF74BF804465F
:1016C0002CB12046F8BD2020CDE72020EAE70120FC
:1016D000F6F711F82046F8BD0348002141708170EB
:1016E000C170012101707047CC01002402480178CB
:1016F000C078081AC0B27047CC01002410B5044667
:101700004FF0FF33203120468AB20021F6F7F6FB76
:1017100008B1002010BD2068F5F7BAFD203010BDDB
:101720002DE9F0410646884617463846EEF797FE03
:10173000441C604200F003054FF0FF3308EB040047
:101740002844203082B230460021F6F7D7FB10B192
:101750000020BDE8F0813068F5F79AFD00F1200621
:1017600029463046EEF770FE701922463946EEF7EC
:1017700044FE30192844ECE710B5F5F789FD006800
:1017800010BD000070B505461A4CA06800282DD089
:10179000FEF7A4FF012806D0E0782178884205D121
:1017A0004FF47E7070BD40F2F73070BD11480022DA
:1017B000511E2C30F5F7ACFF10B140F2F63070BD81
:1017C000A0682860FFF7D8FFA06008B90020E0609B
:1017D000084800212C30F5F7B9FF2868F5F758FDC7
:1017E000E1780172491CE170002070BD40F2F930CF
:1017F00070BD0000CC01002403488068002801D09F
:101800000120704700207047CC01002410B52B4800
:10181000F5F78DFF40F2F63408B1204610BD274899
:101820000021F5F793FF08B1204610BD234808308A
:10183000F5F77DFF20B12148F5F752FF204610BD96
:101840001E480C30F5F773FF40B11C480830F5F71F
:1018500047FF1A48F5F744FF204610BD17480021FE
:101860000C30F5F773FF08B1204610BD1348001F78
:10187000F5F75DFF60B111480830F5F731FF0F480B
:10188000F5F72EFF0D480C30F5F72AFF204610BD66
:101890000A480021001FF5F759FF08B1204610BD86
:1018A0000648002120388160C1603C210448EEF7E1
:1018B000CBFDFFF711FF002010BD0000EC0100245C
:1018C000748A012403484069002801D00120704730
:1018D00000207047CC01002430B4044C6469002C13
:1018E00002D0A44630BC604730BC7047CC01002415
:1018F00002488069002800D000477047CC010024CE
:101900002DE9F1430098F5F7C3FC0546AF88F8438D
:1019100081B2E888884205D000980121F5F7BCFC27
:10192000BDE8F883A7F10C0040F2FD51884204D3D2
:1019300000980121F5F7B0FCF2E7281D00F070FADD
:101940000C2F0DD0687A9B4E10F00F000DD001289F
:101950005BD0022829D000980121F5F79DFCDFE734
:1019600000980121F5F798FCDAE7A8881C2804D232
:1019700000980121F5F790FCD2E70098F5F788FC74
:10198000C17A001D08448068000CB188884207D1E4
:1019900000987062002187482830F5F7D7FEBFE72E
:1019A00000980121F5F778FCBAE7A888102804D838
:1019B00000980121F5F770FCB2E7E87A2D1D441973
:1019C0000822E17802EB810101446846F5F74CFCFE
:1019D00020B100980121F5F75FFCA1E700F05EFD62
:1019E000012807D0A07800F04DFC01460098F5F7DB
:1019F0006FFC95E732691AB10021009890478FE794
:101A000000980121F5F748FC8AE7E97A281D084487
:101A1000C178491C00EB8106B0890106090C41EA36
:101A20001020A0F508416C3904D000980121F5F789
:101A300033FC75E7032206F113015FA0EEF716FDF4
:101A400020B100980121F5F727FC69E706F1180499
:101A50006088010241EA10206080606800F47F42E3
:101A6000010641EA022100F47F0241EA122141EA23
:101A700010606060A06800F47F42010641EA022124
:101A800000F47F0241EA122141EA1060A060E068A0
:101A900000F47F42010641EA022100F47F0241EA9C
:101AA000122141EA1060E060206900F47F420106E3
:101AB00041EA022100F47F0241EA122141EA10606A
:101AC0002061606900F47F42010641EA022100F4CE
:101AD0007F0241EA122141EA10606061711B791AAC
:101AE0004439884204D900980121F5F7D5FB17E75E
:101AF000304996F846003C3111F82000A077606824
:101B00002E2806D017280DD00B2810D005280ED06F
:101B100015E0A06800F58070A060E06800F5007036
:101B2000E0600CE0E06800F58070E06007E0A0682D
:101B300000F50070A060E06800F54070E06006F11C
:101B4000480120468846FFF726FB1A480022511E0E
:101B50001C30F5F7DDFD20B100980121F5F79CFB65
:101B6000DEE60025154F05EB450657F826309BB1FC
:101B700000200DE06268914208D107EB86064146DD
:101B80002046D6E901329847B06005E0401C80B29B
:101B900053F820104A1CEDD16D1CADB2052DE2D3D7
:101BA000044800211C30F5F7D1FD00980121F5F71C
:101BB00073FBB5E6CC01002400101800748A0124E0
:101BC00070B50F48F5F78CFD0D480838F5F788FD1E
:101BD0000B48001DF5F784FD09480C38F5F780FD2A
:101BE000074C283C07E0FFF7C7FD0546A068002129
:101BF000F5F752FBA560A0680028F4D170BD000085
:101C0000F401002470B505460E462846F5F740FB62
:101C100004462846F5F73EFB001F81B200206060B5
:101C2000A060E0606672022E11D00C22E272207277
:101C3000A180C843E08000221148511EF5F768FDDD
:101C400038B12846BDE870400021F5F725BB0E22CB
:101C5000ECE70020294600F0DCF8094C2C3CE16858
:101C600011B1284600F0D5F8E560A06800B9A5607C
:101C700000210348F5F76AFDBDE8704000F03EB969
:101C8000F80100242DE9FF4FA1B0824688461E4688
:101C9000DDF8B8B053490BF0030051F82090FFF77E
:101CA00027FE50480022511E1038F5F731FD04463A
:101CB0003CB123980021F5F7EFFA204625B0BDE8A6
:101CC000F08F2398F5F7E6FAA0F120042398F5F7B2
:101CD000DFFA0546A8F58070073802D0B8F5837F93
:101CE00022D105F12007394600E0491C0878002878
:101CF000FBD08F420BD0C81B241A38462246EEF781
:101D00007CFB04F1200081B22398F5F7C7FAFFF7B6
:101D1000D9FD012808D1802C01D9802200E022467B
:101D2000394601A8EEF769FBC5F810806C612D4CAF
:101D3000303CA088401CA0804AEA004040EA0930BC
:101D4000A8610027EF612398F5F7A4FA40F2DC516F
:101D5000884202D92398F5F7A1FA23980021FFF7CA
:101D600051FF2048002241F288310838F5F7D0FCB5
:101D7000054635B11B4800211038F5F7E7FC284629
:101D80009CE7606AF5F784FAC27A011D11448D68F8
:101D9000C968C1F5FA611FFA81F93EB1616A316023
:101DA000C17A30461431F5F75FFA03E0606A012129
:101DB000F5F772FA676200210A481038F5F7C6FC99
:101DC00001AA5B4641465046FFF786FDE80707D06B
:101DD00026B130680121F5F75FFA376048466DE7B4
:101DE00000206BE7FC01002408B5022808D000930E
:101DF000134600200A464FF48371FFF743FF08BDE6
:101E00000093134602200A4640F20711FFF73AFFFB
:101E100008BD10B504460846F5F73AFA046010BD4F
:101E2000001D417801F00F0103290DD2084B4279C2
:101E30001978511AC9B25970072901D81A7003E0EC
:101E40009A78914200D999700079FFF757B800004D
:101E5000CC01002470B5164C01206070002515E0FF
:101E6000002000F0B7F9A078012807D1A570FEF78F
:101E700041FC18B100F05CF80028FBD100F065F8D7
:101E80000028FBD10A48083000F079F820780128B2
:101E9000E6D16570257006480830F5F721FCFFF79C
:101EA0008FFE0348BDE87040001DF5F72BBC000015
:101EB000140200241CB5FFF7A9FC002817D10C4818
:101EC000F5F735FC002812D11F204FF42F610023B5
:101ED000CDE90010064807A20749001FF5F7D6FB19
:101EE000002804D1024901200839487000201CBD97
:101EF0001C02002457574400551E0108044840782E
:101F0000012804D1024800210830F5F71FBC7047B2
:101F1000140200240548012181704078012803D172
:101F200002480830F5F712BC704700001402002484
:101F300008B56846FEF732FC08B1002008BD0098DD
:101F400008B1FFF7DDFC012008BD08B500200090B6
:101F50006846FFF717FC08B1002008BDFFF7D4F86A
:101F600028B100980021F5F797F9002008BD0098E6
:101F7000FEF75CFF08B1002008BD012008BD70B568
:101F800005460124FEF720FAA61E08B1044603E028
:101F9000FEF7FEF900B93446FFF72EFC012802D106
:101FA000FFF7A4FB10B1601C0DD10BE0FEF7CAFBDC
:101FB000642C00D3642428462146BDE870400022EA
:101FC000F5F7A6BB344628462146BDE870400022FE
:101FD000F5F79EBB2DE9F04107460D461446114822
:101FE0000022511EF5F794FB0E4E00231C3E736138
:101FF00014B93846F5F774FB1DB10BA02946F2F76A
:1020000013FB08480021F5F7A1FB0D49C868401EE5
:10201000C860002803D1BDE8F041FFF76FBFBDE8FD
:10202000F08100003C0200244661696C6564206A0E
:102030006F696E2028657272202564290A000000ED
:10204000BC0100242DE9F84306460F4690461D4684
:10205000DDF82090154CA07800280CD104F11C006C
:10206000F5F765FB00281CD10120A070002104F1C8
:102070001C00F5F76BFB0D480022511E1C30F5F7D4
:1020800047FB6561002109481C30F5F75FFBE078EC
:10209000012808D043463A4631464846009500F0AC
:1020A00009FABDE8F8830A20FBE7000020020024BB
:1020B00010B500F0030100F0F1F800B149B10429B6
:1020C00040F2014407D3264926A0F2F7ADFA204694
:1020D00010BD002010BD294A52F82110462927D0F2
:1020E0000FDC0E2936D005DC81B3062935D008294E
:1020F00019D12CE0162930D01E2925D0202912D143
:1021000013E0B1F58B7F19D007DC862913D096290F
:1021100011D0B1F5837F06D110E0A1F50071063929
:102120000FD010290DD0204610BD4FF4806010BD97
:1021300040F2254010BD40F2264010BD40F227403D
:1021400010BD4FF4856010BD002010BDFFE740F2C8
:10215000EE30FAE740F2FF30F7E740F2EF30F4E715
:10216000353C010825733A2042616420696E74652C
:10217000726661636520320A00000000B08A0124A3
:1021800070B50646114D2878022801D0002070BD98
:102190000320F4F703FA6E70FFF79EFA0C48D0E9BB
:1021A00000318268304600F06BFD04463CB9304691
:1021B000FEF79CFB044614B90020F4F7EFF96C809D
:1021C00014B10220F4F7EAF9204670BD540200244D
:1021D000C08A012470B5054600240C480078022806
:1021E00001D0002070BDFFF707FB012808D0012DAA
:1021F00006D0FEF79BFE012801D0002070BD01240F
:102200002046BDE87040FFF7BBBF00005402002429
:102210000148007870470000AD0100247CB50446F9
:102220000D4613480269954204D1416A2160008D30
:10223000A08018E006210FA201A8FFF771FAA0B153
:10224000019900202B466A46FFF7CEFD00280BD1EE
:102250000098F5F71DF8016821608088A0800121B1
:102260000098F5F719F800207CBD40F20E407CBDC7
:10227000200200246375725F65746865726164642E
:102280007200000000F00F00022803D8024951F844
:10229000200070470020704708020024044890F88E
:1022A0002000C00701D001207047002070470000C7
:1022B00020020024014610B502290FD002DC89B1AA
:1022C000012902D040F2024010BDFFF7A1FF012812
:1022D00002D04FF4826010BD002010BD00F0E4F881
:1022E000012804D0BDE810400846FFF7E1BE0020F9
:1022F00010BD00002DE9FE4FDDE90C76054688464D
:1023000091469A462878202803D940F2E270BDE829
:10231000FE8F3648C07801280ED0354CE068401C4E
:10232000E060FEF7F1FE304600F064FB58B1E06873
:10233000401EE06010B103E00A20E8E7FFF7DEFD91
:1023400040F21F40E3E74FB13B4652464946404604
:102350000096FFF777FE044674B13FE002A8F5F758
:10236000E6F90028D3D102AB5246494640460096D2
:10237000FFF768FE0446EFE7242101A8FFF7BEF946
:102380000446ACB124212046EEF75EF82A7822609C
:10239000691C201DEEF731F8019A00231A210096DE
:1023A0000220FFF76FFC044654EA070003D015E053
:1023B00040F20E40ABE7002241F6583102A8F5F793
:1023C000A7F93046FFF776FF04463CB1304600F0EF
:1023D0002DF8084908A02246F2F726F902A83A4645
:1023E0002146FFF7F7FD204691E700002002002478
:1023F000BC010024B43B010825733A206E6F7420A1
:10240000726561647920746F207472616E736365A4
:102410006976652028657272202564293B206C65E9
:102420006674206E6574776F726B0A0010B504468F
:10243000042C05D30C490DA0F2F7F6F8052010BDC9
:102440000022104823461146FEF70CFF0028F6D163
:102450003420214600F003FB0B49002041F8240002
:1024600000F014F8002010BDEF3B010825733A205E
:1024700042616420696E7465726661636520320A28
:1024800000000000943A0108B08A012402488069E3
:10249000002800D0004770472002002401484078FF
:1024A00070470000200200240148007970470000B6
:1024B000200200242DE9FC5F05460E4691469B460E
:1024C000DC4CABF10800392811D3A6F50010801EB2
:1024D00011D0A6420FD0A6F58000001F0BD0A6F5A4
:1024E0008000801E07D0A6F58000801F03D085B134
:1024F000022D07D103E04FF47B70BDE8FC9FCE486E
:10250000007930B1CD49CEA0F2F78EF840F22140EB
:10251000F3E7DFF844A300204AF8250086202A4686
:10252000F1B200F087FA0028E7D12846FEF722FE34
:1025300007460821C9A201A8FFF7F2F840B10760D9
:1025400006F4001106F48002114304D0012103E0D7
:1025500040F20E40D1E700214160002301990220A2
:102560001A46FFF741FC0821C0A201A8FFF7D8F8DE
:1025700020B307604FF0FF38C0F8048000230199B2
:1025800002201A46FFF730FCBE4940F2E777701A86
:102590008E4252D01FDCA6F50010A642A0F1040026
:1025A0003BD00EDC012E50D046DD6FF400403018D9
:1025B0004BD06FF4FC11C8423ED12EE040F20E40E9
:1025C0009BE7022829D0B049401826D0022824D001
:1025D000042831D121E0AD4A811A90422CD00FDC81
:1025E000B0F5001F29D004DC022826D004287DD1B4
:1025F00023E0A0F50010801E1FD0022876D11CE039
:10260000042973D0B1F1805F70D0A1F14151091F4D
:1026100003D0B1F1007F69D10FE040F6C411284624
:1026200000F06AFA08B1B84294D12A4659464846A1
:1026300000F03CFA00288DD158E00021284600F037
:102640005BFA70B3B84285D150E04FF000084BE020
:1026500009EB0807A42101A8FFF750F80446200061
:102660001CD0A421EDF7F0FE387820607878606007
:10267000B91C7A7804F10800EDF7BFFE78780528D8
:1026800010D00D2811D0102812D0202813D0019876
:102690000021F4F701FE4FF47B702EE740F20E406C
:1026A0002BE723E00120206707E00320206704E0F8
:1026B0000420206701E002202067B8F1000F03D159
:1026C000606F40F002006067019A00232D210095A1
:1026D0000220FFF7D7FA0028DFD199F8010008F1AE
:1026E000020840441FFA80F8D845B1D346F3407140
:1026F0002A46491C142000F09DF90028CDD148F24B
:102700000104A64201D1012100E000212A46162041
:1027100000F090F90028C0D1042101A8FEF7EEFFD7
:10272000A0B1584A921CB11A964270D024DC584A83
:102730009642A6EB020160D012DCA642A6EB040290
:102740006FD006DC6EB3012E36D16AE040F20E4047
:10275000D3E66FF4FC1151184FD002292CD14CE074
:10276000494A921C89184BD0022949D0042947D0E4
:10277000B1F1F07F20D14AE0B1F15E6F34D011DCCD
:10278000B1F5001F46D005DC022940D03E4AD142B7
:1027900012D13FE0A1F50011891E3BD03D4AD14244
:1027A0000AD121E03C4A891818D0A1F10151091F32
:1027B00029D0B1F1007F30D000210160019A0023BF
:1027C000A52100950220FFF75DFA0028C0D133490A
:1027D0002B4633480C9AFEF745FD8EE65AF8251035
:1027E00041F002014AF82510002101605AF8250045
:1027F00040F008004AF82500E0E704210160DDE729
:1028000080210160DAE74FF481410160D6E70221BF
:102810000160D3E740210160D0E744F2400101604C
:10282000CCE7002101605AF8250040F008004AF882
:102830002500C3E70400200020020024D93B010842
:1028400025733A20494E56414C494420494E54453F
:1028500052464143450A0000B08A01246273736303
:1028600066673A7375705F777061000062737363B7
:1028700066673A7375705F777061325F6561707615
:1028800065720000020020020200E0FFFEFFDF0D83
:1028900006002000060040F2040020E25501010875
:1028A000943A0108002100F001B800002DE9FC4134
:1028B00007468846402130A201A8FEF731FF40F2CA
:1028C0000E4668B10199002043466A46FFF78CFA2C
:1028D000002806D10098F4F7DBFC044600250EE042
:1028E0003046BDE8FC8105EB4500062204EB4001C3
:1028F0003846091DEDF7BAFDA0B36D1CADB22068D6
:10290000A842F0D8208804211BA2401C00EB400004
:1029100001EB400081B201A8FEF702FF0546280046
:1029200027D020682860211D206800EB400042006D
:10293000281DEDF762FD00980121F4F7ADFC286831
:10294000396800EB400005EB40004160B988018127
:102950002868401C28600199002202204346FFF7A6
:1029600043FABEE7FFE700980121F4F795FC002049
:10297000B7E73046B5E700006D636173745F6C695B
:10298000737400000023042218460821AFF300806E
:1029900070B5054616461C462A460BA000F072F894
:1029A000002810D10CA02A46314600F06BF8002810
:1029B00009D1FF2C06D00BA02A46214600F062F870
:1029C000002800D1002070BD616D7064755F626188
:1029D0005F7773697A650000616D7064755F6D7013
:1029E00064750000616D7064755F72785F66616325
:1029F000746F720008220221AFF3008070B50546A3
:102A00000C4616460120FFF755FC08B115B102E04F
:102A1000002070BD34462146BDE87040002201A070
:102A200000F030B8616D7064755F62615F777369E3
:102A30007A6500007CB506460C461546042101A8BF
:102A4000FEF75CFE40B104600023019A022031468B
:102A50000095FFF717F97CBD40F20E407CBD7CB5B8
:102A600005460C46002101A8FEF748FE38B1019A40
:102A70000023022029460094FFF704F97CBD40F2B0
:102A80000E407CBD38B50C4615460421024668460A
:102A9000FEF746FE38B104600022009902202B4662
:102AA000FFF7A2F938BD40F20E4038BD2DE9FC41D8
:102AB00007460D461646442101A8FEF71FFE0446B0
:102AC000BCB144212046EDF7BFFC201D2A46394603
:102AD000EDF793FC258001206080F4F70CFE019A4D
:102AE0000023022000964FF48671FFF7CBF8BDE873
:102AF000FC8140F20E40FAE738B50C46FEF73AFB8F
:102B000005466846082109A2FEF70AFE50B1056095
:102B100044600023009902201A46FFF765F9002857
:102B2000FFD138BD40F20E4038BD000062737363C0
:102B300066673A7375705F7770615F746D6F0000E0
:102B400010B5094C2078012809D000210220FFF798
:102B500086FF002802D101202070002010BD03A0B4
:102B6000F1F762FD002010BDBC0100247777645F9F
:102B7000776966695F7365745F75703A20616C721E
:102B8000656164792075702E0A000000002100F054
:102B900001B800002DE9FC4180460F46402135A2D6
:102BA00001A8FEF7BDFD40F20E44E8B101990020F6
:102BB0003B466A46FFF718F9002816D10098F4F74B
:102BC00067FB0546286838B3401E042100EB40002F
:102BD00028A201EB400081B201A8FEF7A1FD064644
:102BE000300004D0002410E02046BDE8FC812046DF
:102BF000FBE704EB4400062205EB40014046091DBB
:102C0000EDF734FC70B1641CA4B22868A042F0D87F
:102C100001980021F4F740FB00980121F4F73CFBF8
:102C20000020E2E704EB4400291D4200301DEDF7CF
:102C3000E4FB2868001B401E00EB40004200601CC3
:102C400000EB400005EB400104EB4400091D06EBDE
:102C50004000001DEDF7D1FB2868401E3060009851
:102C60000121F4F719FB0199002202203B46FFF7EE
:102C7000BBF8BAE76D636173745F6C6973740000CD
:102C80004FF47F70704700001CB5244C20780190F1
:102C9000FF202070207800909DF800009DF8001023
:102CA00000F0F000884205D01D491EA040F26912D4
:102CB000F1F7BAFC9DF800001E4A00F050001070B9
:102CC0000720906006E09068401E90609DF800002C
:102CD000400000909DF800000006F4D4107A000235
:102CE00000F4E0609060019820701348016841F49E
:102CF00070010160016841F070410160FCF768FFFC
:102D000000205060EDF7F8FA0C48016841F04041AE
:102D10000160EDF7DDFA00201CBD000000E400E0DA
:102D2000004201084572726F723A25732C25640DBA
:102D30000A0000008000002420ED00E034EF00E0F5
:102D400010B5502072B680F31188BFF34F8FBFF3D8
:102D50006F8F62B600F0DCFB18B104494FF0805071
:102D60000860002080F3118810BD000004ED00E031
:102D700070B505460C46002D05D10BA140F2BD22D1
:102D800019A0F1F751FCAC4205D907A140F2BE22CF
:102D900015A0F1F749FC02222846002100F02CF88A
:102DA000002800D0846370BD2E2E5C2E2E5C2E2E4B
:102DB0005C576946695F53444B5C57494345445CE3
:102DC00052544F535C4672656552544F535C76655E
:102DD00072392E302E305C536F757263655C71757D
:102DE0006575652E630000004572726F723A257337
:102DF0002C25640D0A000000F8B505460E4617465E
:102E0000002D05D14FF4C4720BA11BA0F1F70CFCEF
:102E100086B105FB06F04C30F8F70CFF04463CB1D8
:102E200004F14C023B46314628460094F8F73EFD3B
:102E30002046F8BD0020EEE72E2E5C2E2E5C2E2EB6
:102E40005C576946695F53444B5C57494345445C52
:102E500052544F535C4672656552544F535C7665CD
:102E600072392E302E305C536F757263655C7175EC
:102E70006575652E630000004572726F723A2573A6
:102E80002C25640D0A0000002DE9FF4F83B0044695
:102E90008A469B460026002C05D151A140F2DC4217
:102EA0005FA0F1F7C1FBBAF1000F07D1206C28B188
:102EB0004BA140F2DD425AA0F1F7B6FB00F014FB43
:102EC00038B9059828B14FF49C6245A154A0F1F798
:102ED000ABFBDFF85C814FF080574FF00009FCF747
:102EE000F1FDA56B6DB3E66851462046F8F758FC36
:102EF000BBF1000F13D0E660606A50B104F124000A
:102F000000F092FB28B1C8F80070BFF34F8FBFF3F9
:102F10006F8FFCF701FE012007B0BDE8F08F6D1E3A
:102F2000A56320690028F4D004F1100000F07CFBB8
:102F30000028EED0C8F80070BFF34F8FBFF36F8F3B
:102F4000E7E7059808B126B107E0FCF7E5FD0020AA
:102F5000E2E701A8FCF7ECFF0126FCF7DDFDFDF739
:102F60007FF8FCF7AFFD94F94400401C01D184F8D0
:102F7000449094F94500401C01D184F84590FCF739
:102F8000CBFD05A901A800F021FA58B12046F8F7B9
:102F900011FE00F0ADFB2046F8F75EFD00289ED044
:102FA0000020B9E72046F8F757FD90B1059904F1E4
:102FB0002400FCF77BFF2046F8F7FCFD00F098FBAF
:102FC00000288CD1C8F80070BFF34F8FBFF36F8F0C
:102FD00085E72046F8F7EEFD00F08AFB7FE700006A
:102FE0002E2E5C2E2E5C2E2E5C576946695F534454
:102FF0004B5C57494345445C52544F535C467265A1
:103000006552544F535C766572392E302E305C53C6
:103010006F757263655C71756575652E6300000080
:103020004572726F723A25732C25640D0A000000F8
:1030300004ED00E070B504460D46002C05D11EA13C
:1030400040F21B122CA0F1F7EFFAFCF73BFDD4E99C
:103050000F20216802FB001161600021A16321683B
:10306000A160E06B216C401E226800FB0121E16041
:103070004FF0FF3084F8440084F8450004F110005C
:103080004DB1FCF7EDFC04F12400FCF7E9FCFCF782
:1030900043FD012070BD21690029F8D000F0C4FA79
:1030A0000028F4D018494FF080500860BFF34F8FCC
:1030B000BFF36F8FEBE700002E2E5C2E2E5C2E2EC2
:1030C0005C576946695F53444B5C57494345445CD0
:1030D00052544F535C4672656552544F535C76654B
:1030E00072392E302E305C536F757263655C71756A
:1030F0006575652E630000004572726F723A257324
:103100002C25640D0A00000004ED00E02DE9FF47C6
:1031100082B004468A4698460025002C05D155A168
:1031200040F2D92263A0F1F77FFABAF1000F07D17C
:10313000206C28B14FA140F2DA225EA0F1F774FAB8
:10314000B8F1020F08D1E06B012805D049A140F287
:10315000DB2258A0F1F768FA00F0C6F938B90498F4
:1031600028B144A140F2DE2252A0F1F75DFA554F9A
:103170004FF080564FF00009FCF7A4FCA06BE16B08
:10318000884206D3B8F1020F03D0049860B37DB330
:1031900033E0424651462046F8F716FBA16C51B188
:1031A00041462046F8F774FCC0B13E60BFF34F8F34
:1031B000BFF36F8F12E0616A51B104F1240000F097
:1031C00033FA58B13E60BFF34F8FBFF36F8F05E006
:1031D00020B13E60BFF34F8FBFF36F8FFCF79CFCB5
:1031E000012006B0BDE8F087FCF796FC0020F8E768
:1031F000FFE76846FCF79CFE0125FCF78DFCFCF719
:103200002FFFFCF75FFC94F94400401C01D184F8C7
:10321000449094F94500401C01D184F84590FCF796
:103220007BFC04A9684600F0D1F830B12046F8F7DD
:10323000C1FC00F05DFA0020D3E72046F8F719FC46
:1032400088B1049904F11000FCF730FE2046F8F72D
:10325000B1FC00F04DFA00288ED13E60BFF34F8FD5
:10326000BFF36F8F88E72046F8F7A4FC00F040FA20
:1032700082E700002E2E5C2E2E5C2E2E5C576946B7
:10328000695F53444B5C57494345445C52544F5328
:103290005C4672656552544F535C766572392E30C8
:1032A0002E305C536F757263655C71756575652E44
:1032B000630000004572726F723A25732C25640D0D
:1032C0000A00000004ED00E02DE9F04104460D463F
:1032D000002C05D129A140F23C4238A0F1F7A4F915
:1032E000206C28B14FF4886224A134A0F1F79CF936
:1032F000206838B9606828B120A140F245422FA06B
:10330000F1F792F9FCF774FC5020EFF3118672B6D6
:1033100080F31188BFF34F8FBFF36F8F62B6A16B3D
:10332000E06B884224D994F94500491CA163411CF3
:1033300004D0401C84F8450001201AE0A06C01274D
:1033400048B100212046F8F7A3FB0028F4D0002D57
:10335000F2D02F60F0E7606A0028EDD004F124007D
:1033600000F062F90028E7D0002DE5D02F60E3E7F8
:10337000002086F31188BDE8F08100002E2E5C2E1F
:103380002E5C2E2E5C576946695F53444B5C57494F
:103390004345445C52544F535C4672656552544FEA
:1033A000535C766572392E302E305C536F757263C4
:1033B000655C71756575652E630000004572726FFE
:1033C000723A25732C25640D0A00000070B504467E
:1033D0000D46002C05D117A140F6F23225A0F1F7D9
:1033E00023F92DB913A140F6F33222A0F1F71CF90D
:1033F000FCF768FB234AD06829684B1C08D0236877
:10340000126A934206D06268824203D801240DE01A
:1034100000240BE06268801A884206D2081A2860ED
:103420002046FCF785FD002400E00124FCF774FB36
:10343000204670BD2E2E5C2E2E5C2E2E5C576946CB
:10344000695F53444B5C57494345445C52544F5366
:103450005C4672656552544F535C766572392E3006
:103460002E305C536F757263655C7461736B732E81
:10347000630000004572726F723A25732C25640D4B
:103480000A000000280000242DE9FF5F81468A46DB
:1034900016469B46DDE90E78B000F8F7CBFB0546F3
:1034A00028000AD04C20F8F7C5FB04460CB1256370
:1034B00004E02846FCF750FB00E000248CB100201B
:1034C0005B46CDE9007832465146CDE90240484698
:1034D000F8F7FCF92046F8F7F5F8012004B0BDE84C
:1034E000F09F4FF0FF30F9E705484169002903D00C
:1034F000006B18B100207047012070470220704710
:10350000280000240148C0687047000028000024FB
:103510002DE9F04100262E4F386B002808D0B869FD
:10352000401CB861F86900B101263046BDE8F08161
:10353000FD686D1CFD608DB9786B006828B14FF493
:10354000206224A133A0F1F76FF8786BB96B79632F
:10355000B863386A401C3862F8F7FAFAB86ADFF8DC
:10356000C48085420DD3786B006838B1786BC06831
:10357000C468606885420ED2B86202E04FF0FF3046
:10358000B8623868C06A00EB800058F82000012853
:10359000C8D90126C6E7201DFCF716FAA06A18B1A3
:1035A00004F11800FCF710FAE06A01213A69814041
:1035B0001143396100EB8000211D08EB8000FCF70E
:1035C00075FAE06A3968C96A8842CCD30126CAE72D
:1035D000280000242E2E5C2E2E5C2E2E5C57694671
:1035E000695F53444B5C57494345445C52544F53C5
:1035F0005C4672656552544F535C766572392E3065
:103600002E305C536F757263655C7461736B732EDF
:10361000630000004572726F723A25732C25640DA9
:103620000A000000F80400242DE9F041C068C468D5
:10363000002C05D117A140F6883226A0F0F7F4FF40
:1036400004F118000746FCF7BFF9264D2A6B012646
:1036500062B125483946FCF729FAE06A2968C96A47
:10366000884215D90120EE61BDE8F081201DFCF7EC
:10367000ABF9E06A2A6906FA00F1114329611B4996
:1036800000EB800001EB8000211DFCF70FFAE4E75E
:103690000020E9E72E2E5C2E2E5C2E2E5C5769460C
:1036A000695F53444B5C57494345445C52544F5304
:1036B0005C4672656552544F535C766572392E30A4
:1036C0002E305C536F757263655C7461736B732E1F
:1036D000630000004572726F723A25732C25640DE9
:1036E0000A00000028000024A0070024F804002499
:1036F0002DE9F041002400272B4D286B002805D12F
:103700002AA140F60F0239A0F0F78EFFFCF7DAF994
:10371000286B401E2863286BF0BBA868E0B3DFF875
:10372000DC8001261DE0D8F80C00C46804F1180004
:10373000FCF74AF9201DFCF747F9E06A2A6906FA06
:1037400000F1114329612E4900EB800001EB80005C
:10375000211DFCF7ABF9E06A2968C96A884200D3E9
:10376000EE61D8F800000028DDD10CB1F8F7F0F9CF
:10377000AC6944B1FFF7CCFE00B1EE61641E002CD1
:10378000F8D10020A861E86930B101271D49380748
:103790000860BFF34F8F00E001E0BFF36F8FFCF7CD
:1037A000BBF93846BDE8F081280000242E2E5C2E9F
:1037B0002E5C2E2E5C576946695F53444B5C57491B
:1037C0004345445C52544F535C4672656552544FB6
:1037D000535C766572392E302E305C536F75726390
:1037E000655C7461736B732E630000004572726FC9
:1037F000723A25732C25640D0A000000A0070024EE
:10380000F804002404ED00E00000000001020304BD
:1038100001020304060708090A5265646D695F35F1
:1038200043443300000000000000000000000000DE
:103830000000000000000000000000000000000088
:103840000C000000690000000B0000007100000087
:1038500073000000160000000B0000006200000072
:10386000720000006A0000006B000000FFFFFFFF15
:1038700067000000680000006B0000000500000009
:103880001C000400B40E0124B800002428000A0023
:10389000280F0124BC000024A0000500BC10012456
:1038A000C000002420000800E0130124C40000240C
:1038B00010001900E4140124C800002420000700AF
:1038C00078160124CC000024100011005C1701249C
:1038D000D00000243000120070180124D40000240D
:1038E00010000800D41B0124D80000241000080098
:1038F000581C0124DC00002408000500DC1C012405
:10390000E000002410000800081D0124E400002449
:10391000100007008C1D0124E80000243401010080
:10392000001E0124EC00002410001000381F0124A8
:10393000F00000242C060A003C200124F40000249E
:103940002C060700F85D0124F800002480380108E7
:103950008C38010898380108A4380108B0380108EB
:10396000BC380108C8380108D4380108E03801081B
:10397000EC380108F8380108043901081039010849
:103980001C39010828390108343901084039010877
:1039900003060C183060780084420108AC4201082C
:1039A000CC4201088C4201087842010860420108BB
:1039B0006C420108C042010898420108A042010877
:1039C000B4420108010203040506070707070707B9
:1039D0000700000024010024200100242801002405
:1039E0002C010024FA00000075ED0008E803000037
:1039F000118A0008E8030000996C000860EA0000E2
:103A0000A1530008F40100004156000864000000C2
:103A1000E17D0008E80300006D640008000000007C
:103A2000FFFFFFFFFFFFFFFFFFFF000000000000A0
:103A3000003010180040101800200018000000008E
:103A4000000000000101010101010101010101016A
:103A5000010101010000000000000000050505054E
:103A600005050505050505050505050507070707FE
:103A700007070707070707070707070745000000AD
:103A8000FFFFFFFF21000000FFFFFFFF8D00000090
:103A9000FFFFFFFF00000000100000000300000017
:103AA000060000000C0000002E0000005000000086
:103AB000FFFFFFFF41004800870096008200900052
:103AC0000E012C01C300D9009501C201040121019E
:103AD0001C0258028601B1012A0384030802420233
:103AE0003804B00449028A02BF0446058A02D202A1
:103AF0004605DC05820090000E012C010401210125
:103B00001C0258028601B1012A0384030802420202
:103B10003804B0040C03630354060807100484043B
:103B200070086009920414057E098C0A1405A40526
:103B30008C0AB80BC300D9009501C2018601B101FE
:103B40002A03840349028A02BF0446050C03630367
:103B500054060807920414057E098C0A1806C50647
:103B6000A80C100EDB069E073D0ED20F9E077708AD
:103B7000D20F9411040120011C02580208024002D5
:103B80003804B0040C0364035406080710048404CA
:103B9000700860091806C406A80C100E2008080951
:103BA000E010C0122409280AFC121815280A480B34
:103BB000181570177777645F776966695F6A6F6950
:103BC0006E007777645F776966695F6A6F696E5FB9
:103BD0007370656369666963007777645F776966A8
:103BE000695F707265706172655F6A6F696E007798
:103BF00077645F776966695F6C6561766500777782
:103C0000645F776966695F6765745F6363615F6658
:103C10006F725F6368616E6E656C0077696365647F
:103C20005F6A6F696E5F6576656E74735F68616EFB
:103C3000646C6572007777645F776966695F636853
:103C400065636B5F6A6F696E5F737461747573002F
:103C50000000000001000000000000000000000063
:103C60000100000001000000000000000100000051
:103C700001800000020000000000000001000000C0
:103C80000200400007000000800000000200000069
:103C90000400400007000000800000000400000055
:103CA00002002000040000000400000002000000E8
:103CB00004002000040000000400000004000000D4
:103CC00002002002030000000200000002000000C9
:103CD00004002002030000000200000004000000B5
:103CE0000200400206000000400000000200000048
:103CF0000400400206000000400000000400000034
:103D0000060020000400000004000000060000007F
:103D100006004000070000008000000006000000D0
:103D2000060020020400000004000000060000005D
:103D300006004002070000008000000006000000AE
:103D40007777645F6D6573685F7374617475730012
:103D50007777645F776966695F696E7465726661BB
:103D600063655F7570006D616E6669643D307832C1
:103D700064300070726F6469643D307834393200A9
:103D800076656E6469643D3078313465340064650D
:103D90007669643D30783433343300626F61726425
:103DA000747970653D30783035613000626F6172D2
:103DB000647265763D30783133303100626F617204
:103DC000646E756D3D373737007874616C66726567
:103DD000713D323630303000626F617264666C6102
:103DE00067733D30786130300073726F6D72657645
:103DF0003D3300776C3069643D3078343331620094
:103E00006D6163616464723D30303A41303A3530FF
:103E10003A39303A32313A333300616132673D33F7
:103E2000006167303D32006D617870326761303D0E
:103E30003638006F66646D3267706F3D30783434A9
:103E4000343434343434006D63733267706F303D12
:103E5000307833333333006D63733267706F313DC5
:103E6000307836333333007061306D61787077723B
:103E70003D38300070613062303D30783133334549
:103E80000070613062313D307846444241007061DB
:103E90003062323D307846463533007061306974A7
:103EA000737369743D36320070613169747373697C
:103EB000743D36320074656D705F62617365645F76
:103EC0006475747963795F656E3D310074785F6401
:103ED0007574795F6379636C655F6F66646D3D319E
:103EE00030300074785F647574795F6379636C65F2
:103EF0005F63636B3D3130300074785F6F66646D73
:103F00005F74656D705F303D3131350074785F638B
:103F1000636B5F74656D705F303D3131350074786F
:103F20005F6F66646D5F6475747963795F303D348B
:103F3000300074785F63636B5F6475747963795F75
:103F4000303D34300074785F6F66646D5F74656D0A
:103F5000705F313D3235350074785F63636B5F7439
:103F6000656D705F313D3235350074785F6F666422
:103F70006D5F6475747963795F313D3430007478B6
:103F80005F63636B5F6475747963795F313D34306F
:103F90000074785F746F6E655F706F7765725F69CC
:103FA0006E6465783D34300074785F746F6E655F61
:103FB000706F7765725F696E6465782E6661622ED8
:103FC000333D34380063636B5077724F66667365B8
:103FD000743D300063636F64653D300072737369D4
:103FE000736D6632673D3078610072737369736D0B
:103FF0006332673D30783300727373697361763270
:10400000673D30783700747269736F32673D3000F6
:104010006E6F6973655F63616C5F656E61626C652D
:104020005F32673D30006E6F6973655F63616C5F1F
:10403000706F5F32673D30006E6F6973655F6361FB
:104040006C5F706F5F32672E6661622E333D2D327A
:104050000073776374726C6D61705F32673D3078A6
:1040600030353063303530632C3078303330613068
:104070003330612C307830333061303330612C3064
:1040800078302C30783166660074656D705F6164DD
:10409000643D32393736370074656D705F6D756C0D
:1040A000743D3432350074656D705F713D313000A0
:1040B000696E69747869647832673D343500747369
:1040C000736974696D653D3100726672656730337E
:1040D000333D307831390072667265673033335F53
:1040E00063636B3D307831660063636B5077724970
:1040F0006478436F72723D2D38007370757261760B
:104100006F69645F656E61626C6532673D31006541
:10411000646F6E7468643D2D37300065646F666649
:104120007468643D2D3736000000000001005E0019
:104130000000000000000000C0360300000010086E
:1041400000000000020000000000000035710008BF
:10415000517100086D71000889710008A57100088F
:10416000C1710008DD710008F971000815720008BE
:10417000317200084D720008002002580B00000048
:10418000000802580C000000000C02580200000059
:10419000000802580800000000080258090000004A
:1041A000000802580A000000000802580B00000036
:1041B0002E2E5C2E2E5C2E2E5C576946695F534472
:1041C0004B5C57494345445C52544F535C467265BF
:1041D0006552544F535C766572392E302E305C53E5
:1041E0006F757263655C706F727461626C655C4D53
:1041F000656D4D616E675C686561705F342E63004C
:104200002E2E5C2E2E5C2E2E5C576946695F534421
:104210004B5C57494345445C52544F535C4672656E
:104220006552544F535C766572392E302E305C5394
:104230006F757263655C706F727461626C655C52FD
:104240005644535C41524D5F434D375C7230703180
:104250005C723070315C706F72742E63000000000D
:1042600046494E5F574149545F31000046494E5F11
:10427000574149545F32000045535441424C495321
:1042800048454400434C4F534544000053594E5F4A
:104290005243564400000000434C4F53494E4700E0
:1042A0004C4153545F41434B000000004C49535470
:1042B000454E000054494D455F57414954000000A8
:1042C000434C4F53455F57414954000053594E5F8B
:1042D00053454E5400000000F8420108000000243D
:1042E000B0020000620900084C430108B00200243B
:1042F000605D0200B8460008112C90D00304320122
:10430000025710021F201AAA01018D22C00B486E0D
:10431000194C51053301031C06320A1AFF0101141E
:104320003202234155033A58565A0148E90C011804
:104330000A19044B072B020304050607194D1384C1
:0C434000021424E5B51B08A104012400B0
:020000040810E2
:1000000000000000F9C20000BDC10000BDC1000039
:10001000BDC10000BDC10000BDC10000BDC10000E8
:10002000BDC10000BDC10000BDC10000BDC10000D8
:10003000BDC10000BDC10000BDC10000BDC10000C8
:10004000BDC10000BDC10000BDC10000BDC10000B8
:10005000BDC10000BDC10000BDC10000BDC10000A8
:10006000BDC10000BDC10000BDC10000BDC1000098
:10007000BDC10000BDC10000BDC10000BDC1000088
:1000800000480047F9C20000000000000000000026
:100090000000000000000000000000000000000060
:1000A0000000000000000000000000000000000050
:1000B0000000000000000000000000000000000040
:1000C0000000000000000000000000000000000030
:1000D0000000000000000000000000000000000020
:1000E0000000000000000000000000000000000010
:1000F0000000000000000000000000000000000000
:10010000D11E8000B5228000BD248000491F8000E0
:10011000F9218000D5F80000F1208000D120800076
:10012000594880006948800015648000E1628000C1
:10013000296280003D6580008D628000C56280007C
:10014000596380005D6580007D6380009D63800051
:100150000D668000A961800061618000756080008B
:1001600095608000DD6380009D65800029668000C9
:10017000FD618000B96580001D618000F16580002F
:100180009D6680006D658000916C8000CD6B800065
:10019000316C80008D6B8000556C8000AD6A8000F2
:1001A000C16A8000D56A8000496B80001D6A8000AA
:1001B000FD6A8000AD688000C1698000D168800060
:1001C000356B8000B1698000CDC90000D166800028
:1001D000E16780008D678000CD6780009D688000AA
:1001E000ED678000BD678000A1678000ED6680003C
:1001F00009678000616780004D4880001D488000CD
:1002000085988000DD96800051948000B19B80002D
:100210003994800005988000199880002D988000FE
:10022000C59B8000D19A8000899D8000D193800079
:10023000D9918000ED9A80000129000069F8000042
:100240005129000045F80000519B800079290000E9
:1002500049A9800099988000B129000031A8800048
:1002600005A7800021A28000BD938000DD9380005F
:10027000199E80007D93800045988000E59B80005A
:100280006DA68000C19C8000C59F8000A19D80005C
:10029000AD2A000091F80000A5F8000029AA80000E
:1002A000B9A9800075AA8000E1A9800039AA800060
:1002B0008DAA80005DAA80000DAA8000C5A98000DB
:1002C0009DA98000A90C8000850D8000C1068000DA
:1002D00029088000694680004D468000D94480008E
:1002E0004146800021448000F54380001544800091
:1002F000E1438000E1428000854680007544800033
:100300002D448000A9428000F9428000CD43800046
:10031000B9458000F544800039458000090080001F
:100320003D00800049018000D10480000D04800060
:10033000910380004D038000E503800035038000B9
:100340006503800029028000CD02800051028000F8
:1003500085028000F5028000950680003906800045
:100360008105800005068000FD048000690F800083
:100370002516800015168000451380001513800097
:100380002513800009138000351380000D1E8000A6
:10039000F91D8000291D80001D1C8000391C800073
:1003A0003116800059138000650E8000951380007F
:1003B000B91C8000732800006D0D0200751D8000BF
:1003C000AD0501003D1D80000D1B8000E91080007F
:1003D000790F8000A9168000311480002D11800053
:1003E000A51E8000B11E8000BD1E8000692B80000C
:1003F000AD28800011298000892B8000FD2B800012
:10040000E128800065288000B52C8000912C8000B8
:100410001D2B8000752D8000252C80004D30800024
:10042000DD2D80005927800031318000F1F7000078
:100430008D268000C5268000E5248000FD268000F2
:1004400021258000B12A80006525800025288000B4
:100450006129800041298000D92980009D298000E0
:1004600081298000893080004D2E8000B12B8000D2
:10047000312C8000E12C8000613280002D32800020
:10048000C93380004D368000693A8000B535800060
:10049000F9348000A93480003D3380009D33800012
:1004A000013480003536800031388000353A8000D4
:1004B000213A8000AD3280000D338000DD328000B3
:1004C000953A8000D937800099368000193780002E
:1004D000593880004938800019398000313D80004A
:1004E000D53A8000C93C8000E13B8000513D80004E
:1004F000D93D8000AD3E8000593F80009941800089
:1005000041478000CD5B8000895380002D4D8000E5
:10051000A94C8000E14D8000E94F8000B14F800080
:10052000C94E80008D4E8000F15180005D528000E8
:10053000D15180002D52800001528000C94F8000AF
:10054000594C80006D4C8000455B8000395680001E
:10055000155A8000C9588000315A800081578000A8
:10056000F95980001D568000AD55800091558000DE
:100570004D5A80002D558000714B800071548000D1
:1005800009548000F54D80001D4C8000F94B80001F
:10059000094C8000114E800015588000FD030100B9
:1005A0002D508000E5588000555680007D5A80000F
:1005B000054F8000354E8000D9558000515880008D
:1005C0009D57800059518000614D8000B1488000E6
:1005D0005D5B800081528000494C800041FF00003B
:1005E000F15B8000E55C8000E15F8000A55E80003B
:1005F0007D5E80008D5C8000015C8000A15F8000DA
:10060000895D800005608000395D8000D15E8000DA
:10061000495E8000ED6C8000656D8000DD6D8000BE
:100620000D6D8000296D8000896D8000F96C80005F
:10063000D96C80003D6E8000616F8000756E800017
:10064000056E8000A974800055758000D574800007
:1006500005748000D17C8000457D8000757C800021
:10066000117E8000897E8000E97E8000917D80007F
:100670003D7E8000517F8000A581800065848000E0
:10068000418480008D8380006583800035858000F3
:10069000E58480009D848000218580007584800031
:1006A000BD8380005D858000BD858000158F800042
:1006B000918D8000D58980001986800019AB80005B
:1006C0005DAC8000A1AA8000B5AB80005DAB80006E
:1006D000FDB080007DB1800065B080006DAE80000F
:1006E00085AE8000EDAD800041AF80001DAE800082
:1006F00031B180003DB18000B9AE8000F5B180001D
:1007000079B08000FDAD800009B180008DB080001F
:1007100049B1800069B180004DAE80003DAE8000DF
:1007200095AE800029B38000C9AE8000CDAF8000B7
:10073000E5AF800025B080008DAF8000B5B28000AD
:10074000FDB2800019B38000EDB080005DAE800086
:100750002DAE800029B28000A9B08000A1B1800038
:1007600005B2800039B28000A9AE80007DAF800064
:10077000ADB38000A9BD80009DC1800025C7800069
:10078000DDC8800065CA8000E1CB8000DDCE80003E
:1007900019CE800099CE800015CF8000C12D0000B9
:1007A0000DD88000DDD7800091D780001D050100A5
:1007B000B12C000069D880007DCF800045D9800031
:1007C000E504010099D1800039040100F9E08000BE
:1007D00071F58000AB2F0000D1DE800023F2000015
:1007E00009EA8000A1E48000E1F20000E1EC800071
:1007F00011E3800039EA800039E3800099E380004A
:1008000029DF8000DBF1000089F1000019F1000010
:100810004DF0000017F00000BDEB8000B92E000085
:10082000312F000035F1000083F00000EFF10000EF
:10083000E1E18000A9E9800059F2000065F20000C2
:10084000EDF58000D90081009DF68000C5F780009D
:1008500085FF800045018100D50281004D038100A4
:10086000E50081007DF6800081F78000D5F58000ED
:1008700051F9800031FB8000F1F68000F9F580002D
:1008800041FF8000D9F98000DDFC8000A9F78000DD
:10089000C92F000059FB80008DF78000A5F980006A
:1008A0008D05010029F68000A1F880005DF7800029
:1008B00065F6800095FD800009310000F502810099
:1008C0002D02810089018100050181002132000093
:1008D00099FF800019F7800089F68000C1F680003A
:1008E0006905010085F5800005F78000DDF68000D0
:1008F000B1F68000AD6A8100BD6A8100DD2F810004
:10090000E1578100F56D8200A98D820009258200E2
:10091000196E820001AA81005D608200A537820005
:10092000ED69810079598200E55882001D598200E5
:10093000FD6D8100493A810041BC8200E95A820084
:10094000CD608100D59681001D6181002961810003
:1009500089BF81001DAB8100A9328200673600008B
:100960002569810005A6810021AD820029588100FA
:10097000BD3E8100A540810035958100599B8100D5
:100980003D3682001D4582000928810099A0810022
:10099000D1288100E93B81008D288100416E8200D1
:1009A000859B8100295D81006D398200FD398200BF
:1009B000253A820095698100C97A810091578100AA
:1009C0005D57810075308200852F82003557810088
:1009D000D12F82002157810049578100F5288100DD
:1009E00095A882002DA2820089D38100D56B810059
:1009F0005959810075598100F55A820005AD810071
:100A0000F1D2810039378100ED718100C5968100F6
:100A10008957820091618200CD618200A9588100CE
:100A20001D2782004543820001448200156A81002F
:100A3000614A8100ED4E810071228200055A8100D9
:100A40004D8A81007549810071248200B14981007D
:100A5000B144810075AC8200292B8200595281007B
:100A6000E12A8200B529820071A7810035A78100A3
:100A700001D48100F5BE810055B48100D16A8200A5
:100A8000D19C81009D9C8100959B8100B59D81003A
:100A9000459D8100C59D81006170820009358100FE
:100AA000A1AB82008DAB820075AB8200F193810017
:100AB0009968810015D7810071C182007D2B81006A
:100AC000E92F81000DB6810025BD82008D4F810088
:100AD0000D5081008543820031D78100B1BD820075
:100AE00095C182005DB382004D0901008DD1810066
:100AF000A9368100E9BC820029378100E9368100EE
:100B0000A1D68100A53B81006DAB810041B0810081
:100B1000C9F300007FF3000041BD820095BE820052
:100B2000CD2E82009D6B8100CD458200453981002C
:100B3000353B8100BD3A8100F1D58100419F8100A4
:100B4000119F810071A48200ADD58100C130810068
:100B5000A13982004D618100995B8100A5728100FD
:100B600089DA810061BF81006157820081218200A2
:100B7000A9218200D1AD820009BC8200B5A181000B
:100B80009DCA8100B92F8200D9BB8200113082003A
:100B90007DAD8200CDA4810099A48100CDAB8200FF
:100BA00015AB8200C1AA8200B998810081A581009D
:100BB000D9D08100A9CF8100E93B8200EDCF81002F
:100BC00065D1810079D1810051D0810065D081004B
:100BD000E521820011228200BB520000195300005F
:100BE000FD9C81009145820055AE820041B4810098
:100BF00095BD8100F18A8200098B820079D981003C
:100C00007D618200CDA4820041918100A13F8200DC
:100C10003594820049948200898982005DC18200F6
:100C2000F1C18200D13B8200D5958200E560810050
:100C30000920820029F80000BD3B820075A18200D6
:100C400025A58200253B8200E93A8200753A8200A0
:100C5000F1308200B130820071D781004599820065
:100C600091D7810089948200DDC18200A96A820047
:100C7000256B8200C944810029458100596B8100A0
:100C800059498100EDAA810069618200AD2482008A
:100C900005368100D535810079D08100A5D081004D
:100CA000715C8100E1AD8100EDD0810049C9810016
:100CB0004DD88100893D82004920820065968200DE
:100CC000F925820089CF8100856A82001593820010
:100CD0002D5D8200E9CA81006D4082006130820092
:100CE00015488200313C810061D68100114E81009F
:100CF0009133000041A1810015A68100099982006D
:100D0000E5C98100B1D7810035C08200294A810040
:100D100041AD8100EDBE82002DBE820005BE820085
:100D200079BE820055328100A5958100B1598100BC
:100D3000E54781009152810015638100956481002F
:100D40008D668100592C8100392C8100212E810073
:100D500065358200D5578200352B8200996082006C
:100D6000016182001D4082001D2082001DD881008B
:100D7000A9AC8200F1AB8200F52B820041AE82006B
:100D8000E9030100356A810009AE8200696D8200C5
:100D9000098C8100D58B8100116F810081908100C9
:100DA000296C8200DDA18100E92B8100552F820092
:100DB000398C8100A55A8200355C820045BB8200D7
:100DC00091BE81002D6E8100115C8200258A810018
:100DD0004D93810089388200D5378200555A8100B1
:100DE000013882008D038100E9208200E13E82000B
:100DF000914581002D6D81000D58820021478200B0
:100E0000FDCE810011CA8100593682009F4B00003F
:100E100025CB8100912E81002D2F8100B93A8200CF
:100E20007DF30000DDA9810031D48100D1B38200BF
:100E3000ADA98100D53882008DD88100555E820031
:100E4000719A81001541820035DA810019258200EE
:100E500069268200353581002F0901003D7181002E
:100E6000012D810009A282000D238200FD71810005
:100E7000D960820051728100416182004528810061
:100E8000C12382008D6C81006D2382009547810013
:100E9000B9D98100B534810075C98100F134810070
:100EA0002DBF810059AF8200D93C8100494F81009C
:100EB000E5AB810025FE00007931810005958200B7
:100EC000614C0000DD938200A56682000DC88100A0
:100ED000095E81007D758100156281009159810054
:100EE000514F000011498100C1488100B9BF810004
:100EF000A5458200F5598200F1A9820041A6820031
:100F000039588200BD428200BDA782004D22820076
:100F100071A78200A5A78200E15C8100ED418200FB
:100F2000D1A78200D1688100B5CC810015AF8200C5
:100F300095418100E1C8810089AA8100E99681007C
:100F40007D2F8100393900004942820059448200D6
:100F5000ED08010031318200614982004D49820073
:100F60000DA58100095E8200253E8200CDCD810065
:100F700029B382002151810045B18200A91D820060
:100F800079BC8200D1568100599D8100999D8100D4
:100F9000191C8200513F82001D308100C9BD8100B3
:100FA00015388100794A8100DD9B8100199E8100FE
:100FB00069618100896E8100B5708100D132820043
:100FC000F1578100A93382009D5A81003D3582008E
:100FD00089338200D96E810045708100FD618100F6
:100FE000594B81000D9C8100558B8200F18E82004F
:100FF000E59A8100BD35820049368100291F8200B3
:10100000655C820081FF0000516F8100299B810097
:10101000A56D8100B5A28200E1AF8200A9568200D1
:10102000894481003D578200E16F8200016F820098
:10103000DD728200E53E810095518100FDD4810082
:10104000F5BC810081B48100F199810019318100E2
:10105000358A8200DDDA8100413D81002D3E81002C
:10106000E9898200C1D48100FD8D820099B681009A
:10107000BDA781003D9F82005D0381006D928200CB
:10108000218B8200599A8100ED278100ED94820026
:10109000FD8A81009D8A8100416B8100E16F8100A2
:1010A0005D468200A19482009D898200C9928200DF
:1010B00079998100B1908200219182001D348100D4
:1010C00099B28200DD6A82008DC9810059278200B1
:1010D000D3030100D9908100A56B82006D3C820092
:1010E000E56D820005C28200C96A8100ED4582007B
:1010F000816B8100353F8200FD90820071BC8100D0
:10110000F16B81003D4E8200514A82003DA2810078
:1011100075070100D5540000B97E820069888200FD
:10112000695A8200DD2E810015138200117381003F
:10113000698082009D9181005D8B8100816C8200BD
:101140008D8F81004D8F810009888100BD6D8200E7
:10115000018E81001D5E820091718100C127810096
:10116000797582002DBE81002D5B8200E9A5820089
:10117000B572820005610000217D82004D808200F1
:101180008D7F820001A08100ED7F82002D418100D2
:10119000F98481006185820045728200F9548100E2
:1011A000692B820069518100C5558100315681004B
:1011B000A1A6810071508100392A8200615381000B
:1011C000C5738100D56A0000F1978100A99B810059
:1011D000FD3B820025A08200DD398100715D810028
:1011E000AFFF00004995810009CC810021A3820056
:1011F00045AA8100AD81820091678200E9850000E7
:101200007D708200E12F8200E903810081DB810093
:10121000952482006989820089C38200C5C4820046
:10122000ADF70000B1EB820009CB82000DCC82004B
:1012300059EB820061E9820015F18200E9CD82005C
:1012400045DF820009F182008DF782008DCA82009D
:1012500089F38200D5CA8200A1098300C9F7820000
:10126000FDEF820099F8820025F9820039FA8200A8
:1012700089ED8200F5880000ADE5820065DA820024
:101280007DC582002DE68200DD89000031E4820008
:10129000E5F182009DC8820055F3820027FF00001F
:1012A00061C78200CDE182006DE18200A5E282008B
:1012B00059DF820029F4820009C7820055EF8200BD
:1012C000E9EC8200C9080100BDDD8200E1C58200B1
:1012D0004DE5820005E08200A5F982000DC582007F
:1012E0007D8F0000058B0000D98B000091E6820005
:1012F000BDCC8200FDE982008DD182002DF18200FB
:101300002DF7820095FB820069CE8200A1F0820059
:10131000D5F08200F5CC82008B8C000081D9820050
:1013200045C58200FDCB820025CB8200BDEB82004B
:101330001DDB820015CD82001D8D0000CDE68200F0
:101340004DCF82009DCB8200450C8300E50D8300CC
:10135000590E8300410E8300010B83004D0A830068
:10136000D10D8300310C8300590C8300710A830076
:10137000650E8300F10D8300410B8300A11E8300E5
:10138000B11E8300012B8300F54E8300112B8300D7
:10139000B127830099238300014A8300ED4983002C
:1013A000FD478300CD4C8300BD4C8300714C83000E
:1013B000D52783004D25830095258300E14C8300CC
:1013C000414C8300F503010065118300E144830073
:1013D00021288300BD2883007929830065288300A4
:1013E000652B830041458300D5298300491D830077
:1013F000A12A83005D30830051488300E5488300C3
:1014000029488300F5238300114A8300793483003F
:1014100091188300A5338300ED3483001D118300F0
:101420009D4E8300954D8300B51A8300614783006C
:101430001D4D8300ED1083000D458300C11E830008
:1014400001208300E9218300F1258300F91D830039
:1014500075010100F395000049108300C10F83005E
:1014600021248300A5248300B94A8300B52F83007B
:10147000C1458300FD1C8300711D8300F5188300A6
:1014800059198300F1198300DB060100492A830002
:10149000A5118300B957830029578300654F830046
:1014A00001608300E559830039518300F54F8300C3
:1014B000555483001D5E83002152830065598300CB
:1014C00079508300714F8300095983003D63830085
:1014D000C5578300815C8300B15B8300DD538300CB
:1014E000115383009D4F830029508300254F8300B3
:1014F000D5588300CD62830039608300F95C830096
:101500004D6183005D5F83002D548300DD508300B7
:1015100039578300A555830091638300A16283003E
:10152000C15D83002D5E8300455F8300A151830070
:1015300007090100195B83006D5A8300A9568300D7
:10154000A5508300095783000D748300DD63830079
:10155000297A830001668300B9B28300D5A783008E
:101560007D848300819383005DB38300A193830016
:10157000E9938300350701004D97000031A000007A
:10158000717A83005D67830051668300CD708300AC
:1015900055718300DD7483008DAA830051A88300F8
:1015A000A9B183009D918300D184830057960000E8
:1015B00061848300AD77830081818300158283007D
:1015C000B1808300E5B583006D7E8300B57983002B
:1015D0008D970000916E8300758F8300558783007F
:1015E00049020100219C000025678300C188830017
:1015F000D98F8300F5AC8300E97783009D6D83006C
:10160000A1A7830067090100C9A48300299F0000E6
:10161000558B8300E58A8300CD6A8300F5868300BD
:10162000596A8300B9AA83001566830051B283000A
:101630009DB38300D9B6830059B1830091828300A2
:10164000D5B0830081868300C97A83000585830035
:10165000797C83008965830055A58300C9AF830029
:10166000C5FE00007999830091898300C5B5830088
:101670000DB8830099D483002DC083009DC28300E0
:10168000ADC38300A1C68300B1C68300C5C2830079
:10169000A9D0830055BF8300F9CF830029BF830001
:1016A000C5E18300C1C0830095C083004DD883008D
:1016B0000DD7830015D88300F1D7830079BD83004F
:1016C000A1E1830035C28300C5E08300DDE0830033
:1016D000C5DC830099DA830001DA83004DB883000A
:1016E00075C0830019C28300F9C983003DD6830009
:1016F00015BE8300C9D683005DBA830029D6830056
:1017000031B9830035BC83009DD883005DDC830044
:1017100029C18300A9C28300E5C0830025DB8300C3
:1017200075C283001DD083005DBC830061C6830049
:10173000D5C2830005BC830001C98300B5C88300FE
:10174000EDC8830055D6830015D98300A5D1830049
:10175000F1D5830001D9830081B8830089E083003B
:10176000E1BC8300A5DB8300EDE1830071C1830050
:10177000E9B783006DC783008DC183001DC8830056
:10178000B5D1830071DC8300E1C18300A9C183006E
:1017900019DC830039D883004DCB8300A5B78300C3
:1017A00069CB83008DC98300C9D483003DA90000A3
:1017B00099D68300E5DC83004DD483001DC38300EC
:1017C00021DD830045D983007DD383003DD2830092
:1017D00041DA8300CDD88300D9BF830095BD830053
:1017E000EDBD830051C083002DB8830049BB830049
:1017F00031BB8300CDDA8300D5D0830049CA830092
:101800009DD5830081BF8300D5CF83003DC9830070
:10181000DDD18300B9D7830025C7830011A500005F
:101820005DBE830021E18300F9E0830071B983008C
:101830008DE1830025D9830049D78300DDDB830058
:10184000A9B9830081A100008108010059EB830040
:10185000C5E7830041E2830025E283006DF5830044
:1018600065EB830085F2830089F78300B1F2830082
:10187000A9F58300AD008400E100840019FD830018
:1018800035EE8300FDF38300C9AE000089FB8300C1
:10189000B9FA830021F98300F1FA8300D9F88300B3
:1018A000D9F9830031008400C5FE830049E7830035
:1018B000050084004DFF83006DF3830059FE830013
:1018C00001FE830025EB83000DEB83005FAE00007B
:1018D00035FD830081EB830059FD830011F88300FF
:1018E000FDF78300C5ED8300ADED8300A101840009
:1018F000E9E78300B1F38300DDF2830025F3830081
:10190000F9E68300E5E2830041030100A5E98300D5
:101910008DF5830051EE830079F8830071E2830036
:10192000F1E8830045E6830099F783006DEE8300BC
:1019300041F48300B9EB830075E78300B1E88300CD
:10194000F1AC000061F183000DF8000089EE830026
:1019500021AE0000FDE58300A9FD83002503010001
:10196000B5FB8300F1F183002D108400E1158400A4
:10197000B1198400C5158400D90F8400CD218400DD
:10198000491E84004D1F8400E1128400ED0884008C
:10199000F10184002D0F8400ED238400F51E8400E6
:1019A000E520840049208400AD128400F11A8400EF
:1019B000711F8400C9198400AD188400450B840090
:1019C000910B84000D2484008D2384000D18840065
:1019D000210684008D168400310384006909840087
:1019E000FD158400E902840001028400A909840035
:1019F0008D148400811E8400E10B8400751C84001A
:101A0000AD0A840049108400712084000121840003
:101A1000850A8400291D840045078400390C840050
:101A200029198400551E840089038400E51D840063
:101A30002125840049138400291A840055030100DC
:101A4000ED12840045068400010D84008943840062
:101A50006D2A8400014D84001528840069288400C3
:101A60006DEE000009408400112C8400F9278400E9
:101A7000912D8400794C84008934840019338400CA
:101A80006D2F8400C92D8400F12E84007D2E8400EA
:101A900065258400DD348400FD2584001929840037
:101AA000B5408400D944840079298400B92B84008E
:101AB0003D45840095328400B9288400D1388400E3
:101AC00031488400A93084006D2C8400994384003F
:101AD000D13284006D338400FD2F84005D45840085
:101AE00011348400B54A840075488400C5488400D8
:101AF000B1278400314A8400D949840059328400D6
:101B0000014C840039388400314D840055448400F0
:101B1000D93D840055438400513C840091398400B0
:101B20009536840091378400F5368400E1478400BF
:101B300015478400CD4C8400F52B84002546840095
:101B4000E53A8400C937840049428400292A840088
:101B5000A53F840059268400952A8400452B8400E3
:101B6000C95D8400C5090100A15684009556840012
:101B700019578400E956840005578400355F8400B6
:101B80001D628400B557840065638400ED628400A3
:101B900021638400BD628400194E8400B95384001F
:101BA000B15D8400B5518400D55F8400F95584008F
:101BB0006560840059538400E5538400E94D840036
:101BC000F5090100E15F8400C909010099090100DC
:101BD000B55B840031568400A5638400CD60840029
:101BE00091638400ED5084002D5E840031518400A7
:101BF000155C840061548400F55E8400F15D84000E
:101C0000D10A01007152840059588400815C84001B
:101C1000715784002557840071588400AD568400A4
:101C2000415984006D4F840029508400E1548400A0
:101C3000BD6184006D61840005598400A56684003F
:101C4000D9678400456684000D658400916784002F
:101C5000B96384005D67840079678400F966840055
:101C60002165840021678400C56684008D66840038
:101C70006566840011688400516C8400AD6E840038
:101C8000016E8400F97084004D7F84007D6C8400B7
:101C90002D748400456A84000D7B8400F9030100E3
:101CA000156E8400457A8400E56C8400456F8400DD
:101CB000CDEE0000297E8400756D8400956B840054
:101CC000B56D84007D7D84005D6B8400D56A8400E1
:101CD000816A840085748400B1808400857E8400DC
:101CE000CD7F84004981840069818400ED8984006E
:101CF0006D8A8400FD8984008D8984009D8984001B
:101D0000E9858400F982840025858400518A840055
:101D100075858400958484008181840071838400AA
:101D2000C18984005D898400D58984006D8984001F
:101D30007D8984000D8A840009868400798C840062
:101D40007D8A84000D8B8400499484008D928400E8
:101D5000E98D84009D8B8400FD8C84007990840043
:101D60000D8C8400458C8400E9A68400A5AD840018
:101D700029968400C598840015C1840009A98400AF
:101D800099C2840045B7840031C18400D1B8840071
:101D90008D998400B99A840025AC8400D9BF840051
:101DA000C9BE8400A196840025B18400519B8400A3
:101DB000919884004D9784001D9784007DA684002F
:101DC000D1B784002DAB84008595840019B08400C0
:101DD000F5AD840029A98400C1A98400219F840055
:101DE00025A28400B1AE8400C1AF8400D5A38400D5
:101DF00075B7840041A28400E1BC84006DA8840012
:101E0000BD9D840095B884005D95840075BE8400F6
:101E100051B98400A9958400C5C18400599A8400F1
:101E2000419684003DB884009DA88400E5A8840004
:101E3000A59B8400F5A684003DAF8400159A84001C
:101E4000F9988400EDA984006DB18400FDF0840050
:101E500025DF840025ED8400E5D08400CDF18400E9
:101E600009F2840035F2840055F28400CDF284003A
:101E7000B1D38400F5D384002DD48400C1D4840070
:101E8000A5048500F90585006D0585009904850088
:101E90008D04850079D4840045E88400B1C58400B0
:101EA00095DF840031DF840075E484001DE0840048
:101EB000BDC9840005ED8400A500850091FB840068
:101EC000F9ED840091EF84009DFB840081EA840099
:101ED00079E2840059C6840061EB8400A1EB8400A0
:101EE000D1E484009D028500A1F3840015CC840018
:101EF0005DFB840081C5840015D5840099D68400DB
:101F000035E78400B9DF840045F48400B9C7840054
:101F100001DF84002D018500E1C7840025D1840004
:101F2000BFEF0000BDDD84004DF38400E1C98400F3
:101F300041E084002DCA84009DD4840005EB840018
:101F4000D900850079CB840021FC8400B9E88400A5
:101F5000B5D8840031FD8400BDFB84001D048500DC
:101F60005D04850031ED8400450685005DEC84004C
:101F700025C384001DF38400D9C684002DEC8400A1
:101F8000F1C5840059E9840019C88400B1EF8400C8
:101F9000B100850049D3840001C98400E1D28400E6
:101FA0008DCB8400DDEB840011F4840009FC8400F7
:101FB000D9F3840069C38400A1C884002DEE840095
:101FC00071D6840079018500BDEE840025D8840097
:101FD000DDF9840009F0840035F78400B9EF0000D2
:101FE000D9FC840015D78400DDD584001DDE840073
:101FF000D9F5840019F1840099F1840049F1840035
:10200000F1F48400A1F48400F1D084003DCC84007C
:1020100069D2840089E9840071CD8400C9D3840029
:102020008506850089078500E90685004D0785003E
:102030001107850025078500710685009506850036
:10204000BD06850075078500B10785009D078500E1
:10205000A9068500D1068500FD06850039078500A3
:10206000610785005D0685001509850079098500F1
:10207000350A8500BD0985000D0A8500F9C00000FC
:102080006B0301004D0A8500A9098500250985001B
:10209000DD0A85006D0A850081088500C507850079
:1020A0000D0B8500590F8500ED118500C9128500C3
:1020B00021108500F90D8500D5118500511085008E
:1020C000AD118500011185006D10850011B501006D
:1020D000850F850085108500990D850011128500FA
:1020E0000D22850041178500D917850075208500D0
:1020F0007D2C8500352F8500B92285002D25850092
:102100009D238500612F8500A5278500C92A8500AC
:102110006D2985009D22850031228500A52485003A
:10212000E1238500B12F8500BD2C85005914850061
:10213000C9138500A11C8500452C8500A9178500C1
:10214000B1208500311A8500FD178500291D850005
:1021500021148500AD218500B5308500453185000D
:1021600035278500D1318500C5148500BD2D85003A
:102170002D23850059238500891485004D4685004F
:102180006547850025368500514785003D46850019
:102190008D3C8500514A8500994A85007547850028
:1021A0001D478500553685005D468500D53B850079
:1021B00049498500D53A8500E139850041398500D6
:1021C000E53885000937850045358500C93C85001F
:1021D000754B8500B9458500ED4885002146850091
:1021E000213A8500A940850001328500F53285003D
:1021F000FD378500894E8500DD508500ED50850056
:102200005D57850009558500495085005D50850062
:10221000D1528500F5528500E54E8500C9558500EF
:1022200065568500C9508500094F8500C7B5010076
:102230009D5585000D538500A94C8500B957850033
:10224000A55785000D518500FD5A8500D5518500A3
:10225000A9518500B15285009D53850039558500EF
:102260009D4E8500C95785006D578500954C8500AA
:10227000095785008D4F8500FFB50100FD59850088
:10228000014D8500ED598500D9598500194C85000F
:10229000756C8500816E8500516C8500295C850018
:1022A000416E8500795E85008B060100AD6E85006C
:1022B000B56C85006D6585001D5F8500196B850017
:1022C0008579850071738500B58E8500E19585005F
:1022D00001828500519085002D828500D190850076
:1022E000FD908500BD9285006D8F8500CD928500A3
:1022F00055968500C58E8500857285005D8D8500AB
:1023000001838500C1918500257085000D918500B0
:10231000C17685006971850041718500F97F85006E
:1023200079708500F19385009D958500F574850091
:10233000497485006D788500BD728500ED8A850041
:10234000C98C850099918500597D8500BD718500F6
:10235000758185000D818500A9798500217785002B
:102360002193850089928500D194850095968500FA
:1023700065838500D973850065828500CDB601002F
:102380005975850021768500556F85006D9585000E
:10239000E583850029848500AD8F8500F16E850079
:1023A000DF200100091101006B1D0100771D0100F4
:1023B0007D1B0100A51501006D1601001516010019
:1023C000DD150100B1150100AB1501005523010019
:1023D000CD1F0100CD1401002511010015230100BE
:1023E0001D2301008114010057110100111E01007D
:1023F000551101009B2501000D280100071B01005C
:1024000095140100A71F0100A31F01008D1F0100EB
:10241000771B01004F11010049110100FD2201004D
:102420005D2B0100C71F0100F52201000D15010001
:102430002D230100D1200100A3170100B9160100CE
:102440008D1C0100A51701006D1C0100731C01000B
:1024500033230100151B01009B19010045170100E2
:10246000011B0100CF1F010005C2000041C2000096
:102470007DC20000A9C50000C1CA0000090D02000C
:1024800029CB000031CB000033D10000D3CE0000B7
:10249000CFCF000047CF000089320000D1300000CC
:1024A000A1300000C33000005D3000004930000062
:1024B0003D08010041080100EB3200003B33000001
:1024C0002D4B00005DF30000593A00005BF3000063
:1024D00041560000D5730000B97D0000A16A0000DC
:1024E00029EB000055EB0000DBEB0000ADEC000039
:1024F00067EB000019A200004DF3000049F3000053
:102500003DF3000043F300006BEE000055F30000C4
:1025100053F3000057F3000059F300003BF30000B1
:1025200041F3000047F300004FF3000043B0000008
:102530002FB0000035B0000039B000004DB00000F1
:102540005D08010063080100750801006F080100C3
:102550007308010061080100790801007B0801008F
:102560007708010069080100670801006B08010095
:1025700091EF0000430801004708010049080100ED
:102580004D0801004F0801005108010053080100E7
:10259000550801005908010077F3000073F30000AB
:1025A0006BF3000079F3000069F3000061F30000B1
:1025B0006FF300005FF3000063F3000075F30000A9
:1025C00097EF000001000000200000001F00000045
:1025D00050000000020000000100000001000000A7
:1025E000010000000000000056B801000A070800C2
:1025F000A513020051FB8000C3300000C92F00006A
:1026000000000000D1F980000000000029FB8000DC
:1026100000000000000000009C1800409600FFFF32
:10262000FFFFFFFFFFFFFFFFFFFFFFFFFFFFFFFFBA
:10263000FFFFAAAA0300409600000000000000006F
:10264000000000000000000000000000000000008A
:10265000000000000000000000000000000000007A
:10266000000000000000000000000000000000006A
:10267000000000000000000000000000000000005A
:10268000000000000000000000000000000000004A
:10269000000000000000000000000000000000003A
:1026A000000000000000000000000000000000002A
:1026B000000000000000000000000000000000001A
:1026C000000000000000000000000000000000000A
:1026D00000000000000000000000000000000000FA
:1026E00000000000000000000000000000000000EA
:1026F00000000000000000000000000000000000DA
:1027000000000000000000000000000000000000C9
:1027100000000000000000000000000000000000B9
:1027200000000000000000000000000000000000A9
:102730000000000000000000000000000000000099
:102740000000000000000000000000000000000089
:102750000000000000000000000000000000000079
:102760000000000000000000000000000000000069
:102770000000000000000000000000000000000059
:102780000000000000000000000000000000000049
:102790000000000000000000000000000000000039
:1027A0000000000000000000000000000000000029
:1027B0000000000000000000000000000000000019
:1027C000000000002DE9F74FB1F1000B044615465B
:1027D0009A464ADB438A818A5A444B439A4244DAF6
:1027E000806808F04BDB00210190A06808F018DD3C
:1027F0004369064643F00043436100271DE01AF891
:10280000019B4FF0080801E0AF4218D019F0010F0A
:102810000DD02046314607EB0B02FEF305F730B131
:1028200073694FF0FF3023F0004373611FE00137FD
:10283000B8F101084FEA5909E6D1AF42DFDB73690D
:10284000A06823F000437361002108F059DCA06800
:10285000012108F055DC20463146FEF3FFF2A06866
:10286000019908F0DDDC002001E06FF01C00BDE8FC
:10287000FE8F2DE9F0411E460546884617461EF09C
:1028800043FA436841469C6928463A463346A04786
:10289000BDE8F081407C704713B500F099D878B15D
:1028A000002409E0002201A9FFF352F70198037800
:1028B0002C2B08BF013001340378002BF2D100E04B
:1028C000044620461CBD38B5B0F842300546B3B1C9
:1028D00040F2E93402E00A2003F03EDF2B6B1A6974
:1028E00002F07042B2F1005F05D0B2F1405F02D059
:1028F0000AB1013CEFD11A6822F010021A6038BD0B
:1029000070B590F878310446FF2B1CD00E4D406A0C
:10291000EB6E9847D5F89C50606AA84701280BD801
:1029200094F8141241B90B462046084A03F040DEE1
:10293000012384F8143270BD606A94F80561A847D9
:10294000301884F8060170BDE0A685003D9880002F
:1029500071B191F80832012B0AD091F875313BB171
:102960004B691A6A034B134013B108460CF07CBF45
:10297000704700BF00FC0101D0F8801110B504467B
:1029800099B10223C068D4F8842108F027DB074BF3
:102990001B6853B9D4F88011D4F88421E0684A4008
:1029A0000223BDE8104008F0199B10BD90080200FA
:1029B000F8B590F817320446012B74D0012380F843
:1029C0001732002742E0A068314600F0A5DBD4F8BA
:1029D000F0301B68984205D928460021324600F0A5
:1029E00031DB41E02046FFF78BFF35690023AB71F7
:1029F00094F8783131462B7294F8063184F8073117
:102A00006B72D4F8FC31606A0133C4F8FC316A7926
:102A1000254B82F08002D2095B6A9847B0B9D4F89E
:102A2000F8206B797AB118070DD069782B78126984
:102A300043EA01230F331B09190A18BF00239371BE
:102A400094F878311372C4F8F8600127D4F8F030A4
:102A50001B68012B08D904F128052846002100F045
:102A600073DA06460028AED1002384F81732C4F882
:102A7000F8302FB1636904225A64204607F060DF02
:102A8000E38DD4F8C821934204D92069BDE8F84009
:102A900001F0E69DD4F8CC21934204D22069BDE830
:102AA000F84001F0CF9DF8BDE0A6850011F47C4F01
:102AB0002DE9F04104460D46564E66D011F480686B
:102AC0000ED0F36D406A9847336B071C606A18BFDD
:102AD0000127984710F1000818BF4FF0010800E0E7
:102AE00047462A050CD5F36D606A9847336B00287A
:102AF00018BF0127606A9847002818BF4FF00108E7
:102B0000EB040CD5F36D606A9847336B002818BF4F
:102B10000127606A9847002818BF4FF00108A804F1
:102B200004D5D4F838310133C4F83831690409D5F3
:102B3000D4F83C3101270133C4F83C31D4F83C319E
:102B4000D4F838312A0410D5D4F84031D4F8F41030
:102B50000133C4F8403131B1A068012204F0E0D85B
:102B60000023C4F8F4304FF001081FB9B8F1000F8A
:102B700003D10AE0B8F1000F04D02046002107F08D
:102B8000BDDD17B1204607F007D9EB0102D520467D
:102B90000CF06AFE15F4903F12D1B36F606A98474B
:102BA00070B905462DE0204607F008DAD4F8D83190
:102BB00001359D4205D3236A43F48033236206E046
:102BC0000025B36E606A984701460028EBD1D4F81F
:102BD0000C0220B1037813B1002100F01FD8204669
:102BE000FFF78EFE94F8073194F806219A4208D038
:102BF00094F805219B1ADBB2022B02D8204607F07D
:102C000007D9D4F8D801854234BF00200120BDE89F
:102C1000F08100BFE0A685002DE9F04104460D4695
:102C20001646984640F2E93702E00A2003F094DDA8
:102C300063691A6D002A04DA013FF6D13846BDE80F
:102C4000F081069A46443602B2F1807F46F0004693
:102C500003D12A7842F08072B6181E6540F2E93638
:102C600002E00A2003F078DD63691B6D002B03DBB3
:102C70002B700120BDE8F081013EF2D13046BDE865
:102C8000F081D0F8943110B59942044603D80CF085
:102C9000EBFDE08D10BD002010BD0023C26B0AB11A
:102CA000013AC2630133DBB21030102BF6D170470A
:102CB00003682DE9F74F012A14BF4FF02A084FF09F
:102CC000320805460E4658684146914604F058D8E9
:102CD000074648B92B684FF0FF301B68D3F88C309B
:102CE0001A6D01321A6564E006F10E0B594604694B
:102CF000042201A8FFF340F1019A4AF6FE1312BA2A
:102D0000B3EB124F0CBF2C4906F1080120460622F6
:102D100005F1280AFFF330F1A01D51460622FFF30A
:102D20002BF1B9F1000F0ED00023237384F80D802E
:102D300004F10E0021490622FFF31EF1082323753A
:102D40000623637503E00823237306236373A8F146
:102D50001C084444314606222046FFF30DF10023AF
:102D6000A3710223E3715146062204F10800FFF328
:102D700003F106F11801042204F10E00FFF3FCF048
:102D800006F10801062204F11200FFF3F5F059469E
:102D9000042204F11800FFF3EFF0D5F85C31286845
:102DA0000133C5F85C313946D5F8682125F0FAD9E8
:102DB0000120BDE8FE8F00BF2C9E850014D2850047
:102DC00010B50368D3F800481B6893F8AB306BB1BB
:102DD000FFF763FF08E0A16829B1012000F080FA45
:102DE00008B1FFF75AFF2468002CF4D1002010BD71
:102DF000F8B5066805460F4670684FF4BC7103F0DD
:102E000067DF044688B100214FF4BC72FFF318F16C
:102E1000D5F860312660C4F8603195F86431C4F8A3
:102E2000687184F864316B6863602046F8BD0146C0
:102E300028B103684FF4BC72586803F0599F70477B
:102E4000F8B5C36805460E4658683821174603F0A2
:102E50003FDF044600282BD000213822FFF3F0F09A
:102E60000123314623606360A360062204F10C0055
:102E7000FFF382F0738E06F10901A374337A04F133
:102E80001400E374327AFFF377F0768D2846A68635
:102E9000E7862146382221230BF082DD50B1EB6812
:102EA00021465868382203F023DF4FF0FF30F8BD89
:102EB0006FF01A00F8BD000070B50D46038019468A
:102EC00090F8CF3090B01446174E4FF0FF32009577
:102ED0007BB902920392049205920C22019306930D
:102EE0000793089309930A960B900C920D930E93F7
:102EF00012E05BB2002502920392049205920793BE
:102F000000F1D0020C2301950692089509950A96C6
:102F10000B900C930D950E95044A2346C06823F040
:102F2000EBDF10B070BD00BF65F200002C9E850085
:102F30001FB5836D0446012B16D1B0F85831DB075D
:102F400012D4C36893F8703273B902AA03A901AB13
:102F50000CF043F9029A3AB120460399019BFFF71E
:102F6000ABFF08B90223A3651FBD08B5B0F858210F
:102F700069B142F00102A0F85821826D022A12D1F3
:102F8000C3680C21D3F8680151F012DB0BE0D107C4
:102F900009D522F00102A0F85821826D1AB1012250
:102FA0008265FFF7C5FF002008BD704710B50C46CD
:102FB00041B18B6823B9C06F0968FFF719FFA060A2
:102FC000A06810BDC06F10BDF8B58C690B462169B3
:102FD0008B4203D0DD6A15B12F6801E000252F4632
:102FE00063681146D86803F0B9DEA36806461B681B
:102FF00093F895301BB1C38A43F08003C3826368A2
:1030000093F8AB308BB120462946FFF7CFFF60B174
:1030100031460AF0BDD8022807D163683146D86826
:10302000012203F07DDE0120F8BDA06831463A465A
:1030300025F0B8D8003018BF0120F8BD08B5806869
:1030400000F062FC002008BD10B50446FFF7F6FF53
:10305000A068BDE8104003F0C1BB000038B50546CC
:103060006B6880681B7EB3B902F06DF9044620B925
:10307000D5F880000AF033FA044609F067FC6B6863
:10308000D3F89C1041B10B7833B1044B002218687F
:10309000FFF3CAF500E00024204638BD1009020005
:1030A00010B5436804461B7E53B1D0F880000AF087
:1030B0002BFAA06805F019FB6368002283F8202032
:1030C00010BD08B58069FFF7EBFF002008BD0000C8
:1030D0001FB5084A03460092074A08460192074A6C
:1030E0000749D26902921A68064BFFF315F205B040
:1030F00000BD00BFE7BB0100ACBB0100EC08020053
:10310000B8BB0100DBBB01002DE9F84304460846CB
:1031100015460DF0F9F9014610B9D4F8109001E008
:10312000D0F80490A268D9F8247012682B6992F83C
:1031300095201AB1EE8AC6F3C02609E01E7B5B7BA0
:1031400043EA062648F66C03F31A5E4246EB030692
:10315000D6B9636893F8AB30CBB12046FFF726FFB2
:10316000A8B1294609F006DF042801D0012804D1BE
:1031700063682946D86800224CE0A0F1050CDCF118
:10318000000848EB0C0803E04FF0000800E0B046F0
:10319000636893F895301BB116B9AB8A2D33AB82B7
:1031A000002F33D006BBFB69D8070BD5637D4BB12D
:1031B000204629460CF0F2DB20B963682946D8681E
:1031C000324627E0B8F1000F0ED1636893F89630CD
:1031D00053B1D4F8840029460DF0C7F820B96368CC
:1031E0002946D868424615E063682946D86803F046
:1031F000F1DD3B690446DB6848463946224698477C
:1032000060B12046BDE8F84303F0209D636829467D
:10321000D8683A46BDE8F84303F0829DBDE8F883DC
:103220004A6A08B542F4801291F843304A62D0F8F5
:10323000882003F00703D31893F88020013283F825
:103240008020D0F88830012283F88620D0F888309A
:1032500093F8811093F87B20914211D293F880105B
:1032600093F87A2091420BD293F8821093F87C2045
:10327000914205D293F8832093F87D309A4201D38E
:103280000DF034D8002008BD73B51446054611462C
:10329000406FFFF78AFE6368112B08D0122B01D014
:1032A000102B1CD1A37803F001032B7517E002AAA1
:1032B000002342F8043DA86894F82F103BF0DEDFAD
:1032C000064660B1837923B96188C1F3800126F095
:1032D00097DFB3791BB1A86831460BF096FD7CBD32
:1032E00001280CBF886800207047642911DC63291D
:1032F0001EDA4A291CD006DC07291CDB082917DD49
:103300003C2918D114E0502912D014DB5C39032970
:103310000DE0C32904DCC2290ADAA839022906E033
:10332000B1F5847F04D006DBA1F58971012902D8AB
:103330006FF01600704700207047C88810F0080032
:1033400018BF6FF0160070474FF0FF3310B5A0F8AC
:103350003C32044600F50E70063000210C22FEF3CC
:103360006FF623685B6B23B94FF0FF33A4F840324C
:103370000BE00F23A4F83E32F023A4F840324FF4C0
:103380007063A4F842324FF20003A4F8443210BD37
:103390002DE9F04F87B017460393D2F81080694BA0
:1033A0005268DDF840A0134083460D460E69002B9D
:1033B00014BF4FF00C094FF00A09BAF1000F04D006
:1033C0009AF90E3099441FFA89F9AB8AC9EB0604C1
:1033D0004B44AB824A462C6120460021FEF330F676
:1033E000129B09F10E09A3F8009098F80630FBB182
:1033F00031460622201DFEF3BFF504F10A0008F154
:10340000BC010622FEF3B8F5BAF1000F04D17A68C8
:103410004C4B1340002B3FD0B11D062204A8FEF3F5
:10342000ABF504F1100004A90622FEF3A5F533E084
:1034300098F81230201DE3B1D8F8CC301B0618D410
:1034400008F1BC010622FEF397F53146062204A8D6
:10345000FEF392F5B11D062204F10A00FEF38CF58D
:1034600004F1100004A90622FEF386F54FF48076DD
:1034700014E031460622FEF37FF5B11D062204F169
:103480000A00FEF379F504F1100008F1BC010622F0
:10349000FEF372F5002601E04FF400767A68294BBE
:1034A000134053B39DF84430696A03F0070348059D
:1034B000ADF816300FD49BF8F821012A05D141F45C
:1034C0008021696243F0200303E0520102F06002B0
:1034D0001343ADF816306B6A590605D5BDF81630A2
:1034E00043F08003ADF8163004F118000DF1160119
:1034F0000222FEF341F546F08006BAF1000F0FD02C
:103500007A68104B134013B904F1180301E004F179
:103510001A030122009258464146524644F0F2DA1C
:10352000039B46F0080613B146F48066B6B2BAF1C2
:10353000000F01D046F480462680204607B0BDE843
:10354000F08F00BF4000018038B50446D4F87415F0
:1035500080680CF083D8D4F8F816D0F10105A06883
:1035600038BF00250CF07AD800B90135A068D4F82E
:10357000FC160CF073D800B90135D4F8E036A06819
:10358000196A0CF06BD800B90135D4F8E036002286
:10359000DA60A068D4F83C150CF060D800B90135A9
:1035A000A068D4F894170CF059D800B90135284612
:1035B00038BDD0F8403570B55C8E054604F44063E4
:1035C000B3F5406F21D1036893F846309A070BD0CA
:1035D00004F47041A1F58053594241EB0301D0F846
:1035E0005C0142F067DE80B92046FFF31BF640F431
:1035F000306086B22046FFF315F60E288CBF4FF4DC
:1036000080504FF4005046EA000404F470422B6BE3
:10361000A2F5805CDCF100025B6842EB0C029A428E
:1036200005D0D5F85C01012142F068D90446D5F8EF
:103630005C01214642F0B2DE98B904F47044A4F56E
:10364000805EDEF1000444EB0E040E3455F82430A5
:103650002E6BD5F85C012B63012142F04FD92E630C
:103660000446204670BD072A01DD4A680AB9026B8C
:103670001268032A06D0511E01290DD8016B096872
:103680008A4209D19DF8001011B190F8291031B18A
:1036900043B11A60002070476FF00C0070476FF064
:1036A0000A007047184670472DE9F04F89B0002393
:1036B0000F46179905460592149C159E069307938D
:1036C000DDF848B0DDF84CA03BF094DE059904909D
:1036D00001F001082868394622463346CDF80080BB
:1036E0001FF0F2DD8146002840F0DC80B7F906309B
:1036F000002B1BDAB9883A89B8F1000F09D0169B64
:1037000049000393009601940296286901312346EB
:1037100008E0169B28690393CDF800A00194029657
:1037200049005B4639F01CDA8146BBE0BAF1030F71
:103730000DD9042206A85946FEF31EF4BAF1070F6C
:1037400005D907A80BF104010422FEF315F405992D
:10375000069B8A1E1F2A00F29D80DFE812F02000DF
:103760002200240028002C002E00360038004A00D9
:103770004C00510053005500570059005B005D009C
:103780009B009B009B0063006500760078007C0036
:103790007E00830085008A009B0095008C00434BCF
:1037A00002E0424A63E0424B1B6823607AE0002B50
:1037B00073DC3F4A04E03F4BF6E7002B6DDB3D4AEC
:1037C00013603D4B00221A606CE03C4BECE71BB1F0
:1037D0003B4A1268002A60D0384A1360394A0023F5
:1037E0001360394A1360394A13604FF0FF32384B87
:1037F000E9E7334BD8E7324A1168002937DC4CE05F
:10380000344BD1E7334A32E0334BCDE7324A2EE036
:103810002C4BC9E72B4A2AE0D5F86C32D3F8D832C2
:103820009B68C2E72D4BBFE72C4A1360002B39D0B1
:103830002B4A00232B4913604FF0FF320A602A49BC
:103840000A602A4A13602A4A11E02A4BACE7002B8F
:1038500023DD284A0BE0284BA6E75A1E092A1CD86C
:10386000254A04E0254B9FE7002B16DD234A136011
:1038700018E0234B98E704998A798AB90033214AE2
:1038800018BF012313700DE0049A937943B91D4BBF
:103890001B788AE76FF0160904E06FF01C0901E05D
:1038A0006FF00609484609B0BDE8F08FD008020065
:1038B000B4080200C408020098080200A40802002C
:1038C0001CFF0100BC080200B8080200B00802009A
:1038D0009C08020008FF010020FF0100A008020070
:1038E000C808020004FF010010FF0100AC0802003C
:1038F000C00802000CFF010018FF010000FF0100DA
:10390000A80802009408020038B50025044680F893
:10391000E85126F013D8E36A2946986A8022FEF31C
:103920008FF3206906F0DEFCD4F840012BF0FADEBC
:10393000C4F8885638BD00002DE9F8439846536A0C
:103940000E469905044615469DF92090176909D53C
:10395000136BA7F842301B0CA7F844303B8843F4A4
:1039600000533B8022686B6B92F844209AB1E26A64
:1039700002EB4602B2F91C206AB963B11A69D2F8A7
:10398000D42292F89D20032A05D9D4F86401314647
:103990002A463EF0F7DC042E1DD12368B7F84C70A0
:1039A00093F838303A46C3B1284613F07BD804EB7D
:1039B0008000D0F84C32D3F85825A3F8C8700132F3
:1039C000C3F85825D3F86035D9698A4288BFDA61CF
:1039D0001A6A01321A624FF6FF72B8F1000F07D06F
:1039E000E36A06F10C0103EB41039988494499808D
:1039F0004FF6FF739A4203D02069A8213AF02AD9E2
:103A00002369294603EB8603D8680D4B42465B6A5F
:103A10009847002812DA0B480BF05CFF0A4B1A6833
:103A200001321A60B8F1000F08D0E36A0C3603EBDC
:103A30004606B388C9EB0309A6F80490BDE8F883ED
:103A4000E0A68500BC568600CC08020019B140688B
:103A5000302203F04D9970472DE9F04F0E46044691
:103A60001169D2F87C019FB0D6F810B0139307907B
:103A70000C919146BBF80020606802F00C039B0893
:103A8000022B0F930CBFC2F3C0130023DBB23146ED
:103A90002C9FDDF8B4800E921493FFF3BBF3043037
:103AA0000A9087B13B7A0B2B08D194F8F03753B1C9
:103AB00094F8F1373BB1BB79072B04D80A9897F9F2
:103AC0000F30C0180A90D4F88831002B19DADFB112
:103AD0003B7A022B1AD194F8A024D2B90C998B6DA1
:103AE00013F0080316D1BA79292A15D8032A13D955
:103AF0000B2A11D8299A012A0ED10A9B08330A935E
:103B000008E00020089008E0089706E000210891EE
:103B100003E00022089200E0089335690021AB1F02
:103B20001593B38AA5F176007633B38270223061A3
:103B30001290FEF385F2736A5B0501D5338D22E0A6
:103B4000D9F80420944B1340BBB10E9901F0FC034B
:103B5000882B12D19BF80430D8070ED42998F28A0A
:103B6000411E02F0070228985C3209EB42028842AB
:103B7000D38808D1591CD18005E00F99012908D1BB
:103B80004FF0000A10E00F9A4FF0000A012A03D10B
:103B90000AE04FF0100A002328981B019BB200F0A6
:103BA0000F021343ABF816302A99042907D1204697
:103BB0000C99129A0EF024DEADF8720019E02898E4
:103BC000B4F8463500F00F02299842EA0312411E6C
:103BD000289892B2884202D10133A4F846352A9936
:103BE000520147F6E073134001F007021343ADF8AA
:103BF000723099F8DF3023B90E9A02F0FC03802B63
:103C000001D14AF0200A654B08EA030323B1CDF83D
:103C10006C80CDF868800EE00F9B012B05D9736A8C
:103C2000002B02DB13F0100307D099F8483003F0A3
:103C30007F031B931A93002338E0206B5749826C53
:103C4000114019B19BF80410C90708D49BF804303F
:103C500013F00103E9D1426C5049114011B11B929C
:103C60001A9223E01BAB00930DF1760301930DF143
:103C7000770302931DAB039349460DF172021AAB11
:103C8000D4F860014FF016D8736A43F00062726294
:103C9000BDF87420D10704D543F0006343F400530A
:103CA00073622898D0F1010338BF00232268D4F84A
:103CB000600692F8462090F80AC012F003021A99A2
:103CC00000F0328111F0006F01F07F0204D0072A6A
:103CD00008D9202A2BD105E0DFF8C4E01EF9022024
:103CE000002A24DA4A0001D4002920DB21F4401202
:103CF00022F4605209011A9216D58178012913D94C
:103D0000216B91F94D10012909D0D9F804E01EF07A
:103D1000804F09D0013107D1017B490704D542F416
:103D2000801242F4805201E042EACC221A921B999E
:103D300011F0006F01F07F0204D0072A06D9202A73
:103D400033D103E016488256002A2EDA1A9A500020
:103D500001D4002A29DB21F4401222F46052090127
:103D60001B921FD5D4F86016887801281AD9206BC9
:103D700090F94D00012809D0D9F804E01EF0804FD9
:103D800010D001300ED1097B48070BD542F48012C8
:103D900042F4805208E000BF400001807F0000082C
:103DA000401B860042EACC221B92B4F8282602F47B
:103DB0004062B2F5406F2DD1226B106905930DF072
:103DC000F7FB1A9A00F44070B0F5007F14BF022090
:103DD000032012F0006F059B02F07F020DD0202A15
:103DE00029D094F9CA24511C01D0069010E0D9F8CA
:103DF00004200690120321D424E09E4906908A569E
:103E0000002AB4BF94F9C92494F9C824511C19D0CC
:103E100090B217E01A9A02F07F02202A04BF4FF0F6
:103E200000621A921B9A02F07F02202A08D14FF0FA
:103E300000621B9204E00690052003E0042001E0EC
:103E400002200690DDF86CE01A9A000222F4E0628B
:103E50001EF0006F40EA020208BF06982EF4E061EF
:103E600014BF014341EA002112F0006F1B911A9226
:103E700094F8DC1104D0012902D142F4000202E0DE
:103E800011B922F400021A921B9A94F8DC1112F074
:103E9000006F04D0012902D142F4000202E011B9FE
:103EA00022F400021B9249462046059311F038DFA8
:103EB0001A9A059B12F0006121D0D4F8581691F996
:103EC000051002290DD102F4E0684FEA1828A8F184
:103ED0000408B8F1010F8CBF4FF000084FF0010843
:103EE00001E04FF0000811020CD502F07F02072A12
:103EF0000AD9202A14BF02460422099206E0099139
:103F0000884603E0099001E0042109911B9A12F010
:103F100000611DD0110218D502F07F02072A16D9C0
:103F2000202A08BF042010E01B9821F4E06120F44F
:103F3000E06040F4007041F400711B9002201A917F
:103F400006900D920992904603E00D9001E0042145
:103F50000D918BB10C9A1A99D2F81033299802EB73
:103F6000C302C2F81413C1B2C2F8181301330C997A
:103F700003F03F03C1F81033079A002A3FD0D4F86A
:103F80000CE0D2F804340799DEF8802103F14000F8
:103F900001EBC000DEF884C1426001EBC302C2F84D
:103FA00008C2F28A344902F007028A5C022A14D15C
:103FB000079A4168D2F800E0299802EBCE02C2F8D5
:103FC00004111A990EF1010E5160C1B29160079966
:103FD000C2F808C10EF01F020A601A99079803F18F
:103FE000810240F8321000EBC30229980133C1B2BC
:103FF000C2F80C14079903F03F03C1F804341A9B6C
:1040000013F0006E1FD003F4E0604FEA102013F4A9
:10401000000F1A4A03F07F01A0F1040008D0012824
:104020004FF0140000FB012294BFD26892680CE0AC
:1040300001284FF0140003D800FB0122526804E06D
:104040004143525801E003F07F020F981192022879
:1040500000D0A8B9B4F838260A99914203DC726AF4
:1040600012F080620DD09BF8042002F0010282F071
:10407000010206E0401B8600C4D285008418860039
:1040800000221092226B527D62B1D4F85816097842
:1040900041B1BEF1000F05D1944803F07F014156B4
:1040A00000290CDB216891F8461089072ED0BEF15B
:1040B000000F2BD0D4F8581691F9051031B3299878
:1040C000012812D9D4F858361B780BB1162300E01A
:1040D00030231B93736A069923F0006373621B9B62
:1040E00043EA01231B931A9310E07AB1D4F85826BF
:1040F00012785AB1BEF1000F08D17C4A03F07F0359
:10410000D35638EA230828BF4FF001081A9911F056
:10411000006315D101F07F02162A11D8744890402F
:104120000ED5139840B1022A09D094F95C2612F1F9
:10413000FF3218BF012200E0139A099200E00993B0
:104140001B9A12F0006E16D102F07F02162A12D8C6
:10415000674890400FD5139840B1022A09D094F9CE
:104160005C2612F1FF3218BF012200E0139A0D9273
:1041700001E0CDF834E00F98D9F80420022808BFF8
:10418000C9F8601112F4803231D094F8CE2172B3A4
:1041900094F8D1215AB3D4F8582692F90520032A6D
:1041A00027D04BB901F07F02022A27D0042A25D05C
:1041B0000B2A23D0162A21D09BF8043013F00103D8
:1041C00019D10E9800F0FC02882A17D1736A4AF4BC
:1041D000A04A43F480537362BBF81830012223F0E5
:1041E00060031B041B0C43F02003ABF8183007924C
:1041F00005E0002302E00020079000E0079320463E
:104200000A9A159B19F028DA16AB20461B990A9AD0
:1042100019F022DA0622A5F1400016A9FDF3ACF64A
:104220001B9B18010CD403F07F03162B08D8304ACF
:104230009A4005D50A990B0A05F83C1C05F83B3C49
:10424000736A590510D51A9A12010DD517B13A7A29
:10425000042A09D143F400637362109A94F8C334BA
:10426000002B18BF012210921A990B010AD41F4A81
:1042700001F07F03D356002B04DA15F8063C03F057
:104280000F0301E015F8063C0E980B93A4280DD0FF
:104290009BF80430D80709D4079A4AB9099A2B9B8E
:1042A00020460FF07BDCABF8020013E0079B4BB11C
:1042B000099A204640F62A1318F064DF80B20230D3
:1042C000ABF802000E98A42804D1BBF8023025F800
:1042D0003A3C17E09BF80430D90701D4079949B15B
:1042E000002305F83A3C05F8393C0BE0401B8600FA
:1042F000000210281B990D9A2B9B20460FF04EDCD4
:1043000025F83A0C736A9A0507D5326B4AF4005ABD
:1043100025F8342C120C25F8322C289A0AB94AF0C8
:10432000080A9BF80420D0070FD4D9040DD494F8C0
:10433000D0210AB15A0608D4580504D4149810B1F3
:1043400094F8F8210AB94AF0010A0F99022911D10B
:1043500094F8CE2172B1119A042A0BD9A44A2A9852
:10436000125C04EB4202B2F8FE210AB1590501D5F4
:104370004AF4805A236B18690DF01AF9089900F471
:104380004060B0F5406F08BF4AF4807A09B14AF442
:10439000004A25F876ACEFB194F8A03403BB0C9832
:1043A000826D12F0080217D13B7A0B2B08D194F8DA
:1043B000F0378BB194F8F13773B1BB79072B0DD877
:1043C000BB79292B0CD897F80CA00AF0070A4AEA07
:1043D000031A07E0BA4605E09A4603E0924601E078
:1043E0004FF0000A736A0D999A0044BF4AF0080A18
:1043F0001FFA8AFA4B1EDBB2012B9CBF4AF4005A0B
:104400001FFA8AFAA5F1720059460222FDF3B4F5AB
:10441000002305F8703C05F86F3C05F84A3C05F8A8
:10442000493C002F43D094F8A034002B3FD10C9A84
:10443000936D1B073BD43B7A0B2B0AD194F8F027E2
:10444000002A34D094F8F127002A30D0BA79072A0C
:104450002DD8BA79292A2AD80E9800F44072B2F5DC
:10446000407F149A14BF0BF118010BF11E0102B129
:104470000231022B10D1129B00203A18B2F8BC2056
:1044800002309A75C2F30722DA7502330A28F4D192
:10449000A5F15600032208E00B2BA5F1600002D124
:1044A0000231102201E097F90E20FDF365F50BF1C2
:1044B00004031946A5F1500006220F93FDF35CF5A5
:1044C000BDF8723025F82A3C002305F8283C05F891
:1044D000273C05F8263C05F8253C05F8243C05F862
:1044E000233C05F8223C05F8213C05F8203C05F862
:1044F0001F3C109818B9B8F1000F01D10BE1984694
:104500000022069B1A99204622F096DC1B990890FF
:104510000022069B204622F08FDC0899069011F0BD
:104520000061119107D1089A02F07F03314AD256F7
:10453000002A21DA2DE00898089B00F4E06113F4CA
:10454000000F4FEA11212C4B00F07F02A1F1040172
:1045500008D001294FF0140101FB023394BFDB683E
:104560009B6809E001294FF0140103D801FB0233D5
:104570005B6801E04A439B58023B18BF012353B1DB
:1045800094F95C36012B08D04AF4804A1FFA8AFA63
:1045900001210C9103E00C9301E000220C92069B98
:1045A00013F0006206D1134903F07F03C9560029B6
:1045B00026DA39E00698104B00F4E0614FEA112149
:1045C00010F4000F00F07F02A1F1040108D00129CE
:1045D0004FF0140101FB023394BFDB689B680FE0CE
:1045E00001294FF0140109D801FB02335B6807E091
:1045F00098E08500401B8600841886004A439B583B
:10460000023B18BF012363B194F95C36012B0AD039
:104610006FEA4A4A6FEA5A4A01211FFA8AFA0E9152
:1046200003E00E9301E000220E9235F8763CB8F1DB
:10463000000F02D043F4006301E043F0060325F8C5
:10464000763CB8F1000F0CBF14270E273A462046DF
:104650000899A5F11E0318F0FFDF3A4618AB204673
:10466000069918F0F9DF18A90622A5F14800FDF314
:1046700083F40C9B09980A990022009301901A9BDD
:10468000029103924146089A204619F005D825F870
:10469000160C0E9B0D980A9900220093019002912E
:1046A00003921B9B069A2046414618F0F5DFA5F1C0
:1046B000180725F8420CA5F11400B8F1000F0AD034
:1046C0006FF03B0305F8183C002305F8173C0BF18D
:1046D0000A01062207E06FF04B0305F8183C05F8C5
:1046E000178C0F990C22FDF347F40B98119A81B2A5
:1046F0005AB90898A04A00F07F03D356002B04DA79
:1047000015F81E3C03F00F0301E015F81E3C1B02D8
:1047100019430B911EE041460622A5F11E00FDF350
:104720008FF441461022A5F11800FDF389F4A5F19C
:10473000480041460622FDF383F4474605F8428CC3
:1047400005F8418CCDF81880CDF82080CDF8388060
:10475000CDF83080736A58050AD51A9A110107D529
:10476000D4F8400149460A9B2AF00ADE05F8430CBA
:1047700025F874AC0B9925F8641C1B9B13F00061A1
:1047800002D094F8C01407E003F07F03162B02D880
:104790007A4A9A4000D40121089A89B212F0006A3C
:1047A00004D094F8C0A44FEA8A0A0DE0089800F0FB
:1047B0007F03162B02D8714A9A4001D44FF0010AA8
:1047C0004FEA8A0A1FFA8AFA069A4AEA010112F0A7
:1047D000006A04D094F8C0A44FEA0A1A0DE00698C3
:1047E00000F07F03162B02D8644A9A4001D44FF0A0
:1047F000010A4FEA0A1A1FFA8AFA236B41EA0A0AE7
:1048000018690CF0D5FEC0B24AEA002A25F862AC5D
:10481000DDF868B01BF0006A02D094F8C0A40AE08A
:104820000BF07F03162B02D8544A9A4001D44FF064
:10483000010A1FFA8AFA09994B1EDBB2012B07D82D
:1048400023684AF0100AD3F88C309A6901329A61D1
:104850005946204615F092D940EA0A0025F86E0C18
:10486000594620461FF0BEDC25F86C0C1B992046EB
:104870001FF0B8DC25F86A0C109A12B9B8F1000FD5
:104880000BD0089920461FF0ADDC25F8680C06997E
:1048900020461FF0A7DC25F8660C1A990B0108D5F5
:1048A000099B042B05D10A9A204618F01DDD25F836
:1048B000380C1B99080108D50D98042805D10A9ACF
:1048C000204618F011DD25F8360CD9F804305A06C8
:1048D00040F1B9801499002900F0B580284B2A9A3C
:1048E0009B5C0F9304EB4303B3F8FEB1BBF1000FE5
:1048F00000F0A980736A10935B057ED42898002885
:104900007BD11A992046099A0A9B0B9118F03ADC40
:10491000824697B108990C9A20460EF001DF06995D
:1049200003460E9A204605930EF0FADEB7F8028091
:10493000059B35F8427C98441CE0079A12BB0B9902
:10494000099A079B20460FF029D9DDF86CC00D9A13
:1049500061460A9B00EB0A082046CDF814C018F007
:1049600011DCDDF814C00746614620460D9A079B0E
:104970000FF014D9C71906E0401B8600000210286A
:1049800098E085008046CAEB08039B4525F8708CAB
:1049900025F84A7C24D3109B580602D52A98012872
:1049A0001ED0DA4420460B99099AC8EB0A030EF090
:1049B000BFDEFF2805D9B4F82A36984228BF18462A
:1049C00001E04FF480702A9980B201F5457304EB41
:1049D00043039A88824203D09880204625F056DF10
:1049E000236893F84430002B2DD02A9A032A2AD822
:1049F000D4F864010F99424622E0236893F84430CA
:104A00000BB32A9B032B1ED83FB10C9A2046089962
:104A10000EF086DE7A8882180FE0DDF86880099A49
:104A200041460A9B204618F0ADDB099A05464146EF
:104A300020463B460FF0B2D84219D4F864010F99D2
:104A40004B463DF0BFDB736ABDF8720043F0840350
:104A500073621FB0BDE8F08F38B5D1F8D832044684
:104A60001D8C05BB8B6D40F237151D40036B002D6F
:104A700014BF112501251968022907D190F85C1689
:104A80000131C9B2012998BF45F020055B7D53B1C2
:104A9000906B02F13C0121F0DDDA20B194F9473648
:104AA0000BB145F48065284638BD4B7830B5012BF5
:104AB00035DDC8788A7842EA0022012A2FD1072BF7
:104AC00030DD0A7A4C7AA3F1080042EA042400227D
:104AD00001E001320438A24201DA0428F9DC121B99
:104AE00000EB8202012A1DDD01F1080000EB8404C5
:104AF000A078E578023A40EA0524002001E0013080
:104B0000043AA04201DA032AF9DC001B02EB80021E
:104B1000012A09DD901E08D0181A487002E06FF0D3
:104B2000160030BD002030BD002030BD2F2A70B5EA
:104B300030D9B0F88031046B0B60B0F88231A589B0
:104B40004B60E3891B0743EA053305688B602B69DB
:104B5000D0F88401DE6B3B2ACE60AE680E619E6A9F
:104B60004E61DE6A8E61B5F87A604862D5F8B000B1
:104B7000CE61086258688862986BC8620DD9208936
:104B800008636089486300203F2A886306D91B6C4C
:104B9000CB6370BD6FF00D0070BD002070BD2DE9BE
:104BA000F04F85B003910168914691F82F100EAA3D
:104BB0001F46054692E80C08119EDDF848A0DDF876
:104BC0004C8011B1B9F1140F47D0D5F87C02029294
:104BD000019341F043DD029A0446019B00283CD03A
:104BE000C0F804908260C360C0F810B0B8F1000F44
:104BF00001D00AF1100AC4F814A0BAF1000F1FD0B6
:104C0000F6B16868514602F063D8E06338B9D5F868
:104C10007C02214605B0BDE8F04F41F0339DB8F16C
:104C2000000F09D041461022FDF3A6F1E06B626946
:104C300010303146103A01E062693146FDF39CF1D3
:104C40002846039922463B461DF04ADA284621466B
:104C500005B0BDE8F04F20F0D59D05B0BDE8F08F60
:104C60002DE9F04F87B08A46119905460B299346E6
:104C70000393DDF84090129C40F26381BAF816303D
:104C8000A1F10C0609F10C0703F4FF63DB083846B9
:104C9000314603220293FDF311F5B0B190F8028082
:104CA000D5F85C0148F43061B8F10E0F8CBF4FF4B9
:104CB00080534FF40053194341F070DB38B9D5F8F5
:104CC00068319B88990502D43BE1DDF8088000211A
:104CD000AC222046FDF3B4F1594606222046FDF3EE
:104CE0004BF199F80A3099F80BB0039943EA0B2B72
:104CF0000BF00303012B08BF84F83430E38800294C
:104D000014BF4FF4807200221343E3805146A4F88D
:104D100062B028461EF040DE51466085284612F0FB
:104D2000CFDE029BA085434503D1E38843F0020315
:104D3000E38005EB080393F84C30314684F861308A
:104D400099F8092099F80830384643EA0223E385A8
:104D50000022FDF3B3F4014648B14278202A06D878
:104D6000227204F109000231FDF306F101E0002393
:104D700023720023009328463946324623461FF00B
:104D8000C5D9002840F0DD80384631460122FDF3C8
:104D900095F430B14378082B03D9E38843F001033D
:104DA000E38048F43063B8F10E0F8CBF4FF48058A5
:104DB0004FF4005843EA08081BF0020FA4F83280B1
:104DC0000DD0384631460622FDF378F438B14378E9
:104DD000012B04D9C278837843EA02232386D5F8CD
:104DE000680183795BB11199224601915346039979
:104DF000CDF800904FF028DE002800F0A280314668
:104E000038463022FDF35AF4014618B128462246AE
:104E100011F03CDB314638464422FDF34FF40146A5
:104E200018B12846224611F071DA31463846049707
:104E30000596FEF34FF2014618B12846224611F0BE
:104E400021DC2B685B6BD3B10497059606E02846FE
:104E5000414604AA05AB1EF081DB40B904980599D0
:104E6000DD22FDF32BF480460028F0D107E0E38833
:104E700043F00403E38098F8083084F86A30002394
:104E800038463146314A00931DF03CDA18B1E388C8
:104E900043F00803E380E388284623F46663E38055
:104EA0003946324621F048D9814600284BD0037854
:104EB00090F8018043EA0828E38818F4804F43F013
:104EC00020039BB2E3800DD043F40073E3802B6892
:104ED00093F82F3033B1D5F8FC341B7813B1284642
:104EE0002FF09EDC18F0200F03D0E38843F480639A
:104EF000E38018F0400F03D0E38843F40063E380BD
:104F000009F10301102204F14D00FDF335F03246A2
:104F10002846394621F0DCD80646A0B131787278AF
:104F2000284610F02FD8608618F002000BD0707859
:104F300010F0040007D0E388002043F04003E38032
:104F400001E04FF0FF3007B0BDE8F08FB5B70100CA
:104F50002DE9F04FD0F86861B5B01D46DDF8F8B026
:104F6000B379079104463F9FBBF80AA013B13046BE
:104F70004FF060DBB5F8008008F0FC08A8F1800075
:104F8000D0F1000848EB0008B8F1000F11D0B38849
:104F9000590710D4079AD4F85C01D18A01F4FF6153
:104FA000C90840F0C3DFD0F1010938BF4FF0000954
:104FB00003E0C14601E04FF00009A7F10C01002217
:104FC0000BF10C00FDF37AF3B3680146022B0AD013
:104FD00013B91AF0010F04E0012B40F060811AF0C0
:104FE000020F00F05C8130464A464FF051DD002848
:104FF00000F05581737BDA0709D406F10D0005F145
:1050000010010622FCF39CF7002840F0488109AB10
:1050100005F1100A02932046079952464346CDF8FF
:1050200000B00197FFF71CFE002840F038819DF882
:105030002C30BDF856200093204651460DF12D032B
:105040000DF0EADE054630B1B8F1000F03D0C38899
:10505000DB0540F12481934ABDF84E30126819B245
:10506000D14244BFD318ADF84E30E5B1EA88BDF85F
:105070002A3083EA0201880709D4B5F92A20BDF94C
:105080004E309A42A8BF1346ADF84E3014E0910757
:1050900012D59A0710D46A8D43F00203ADF84E2062
:1050A000ADF82A3008E0D4F81C352BB1BDF94E20FC
:1050B0001BB29A42C0F2F38094F8F437D8075DD55A
:1050C0000023ADF88C30B38899070BD5606839465A
:1050D00001F0FEDD2290A8B159463A46FCF34CF7A8
:1050E000ADF88C70BDF88C1060688C3101F0F0DD8B
:1050F000BDF88C30054658B923B1606822991A462C
:1051000001F0F6DDD4F8680104214FF051DAC6E071
:105110000126204609A905F10C02803300960EF005
:1051200095D80746C8B96D23B4F8F6276B602B698C
:105130002A810C332B606E81D4F868014FF07ADA43
:1051400008238DE88800029703952B680146049395
:10515000204645223B4617F0E1DCBDF88C20606814
:105160008C32294601F0C4DDBDF88C20002A00F005
:1051700096806068229901F0BBDD90E0D4F81808B1
:105180000AF0F2D928B1D4F8180809A90AF0A8F849
:1051900085E0E5B9D4F82835022B1AD1079B2046C3
:1051A000B3F81690BDF8563009F4FF6923F0FF03F9
:1051B00043EAD9099DF82C301FFA89F9009351462A
:1051C0004A460DF12D030DF033DD18B167E081463D
:1051D00000E0A946B6F8048018F0020806D060681E
:1051E000394601F075DD8046002858D09DB920462B
:1051F0000DF0F6DC054600284DD0D4F82835022BFA
:1052000009D19DF82C302046009351464A460DF1B5
:105210002D030DF0AFDC696E41B16068B5F8682010
:1052200001F066DD00236B66A5F86830AC222846E5
:1052300009A9FCF3A1F6B3889A0708D5C5F86480DC
:10524000404659463A46FCF397F6A5F86870D4F8FC
:105250006801437BDB0722D40D30FDF37DF3054667
:10526000E8B9D4F868014FF0EDD9012817D1D4F886
:10527000680129460CE0606841463A4601F038DD95
:10528000D4F828353046022B08BFA4F838950821F9
:105290004FF06CDC03E0B8F1000FECD1F0E735B073
:1052A000BDE8F08FD008020010B5044624F092D873
:1052B0002046BDE8104015F0A99938B5D0F8603601
:1052C000DA7A9C7A92B19D894FF6FF7295420DD0A1
:1052D000997B41B99A78012A06D0197B01F0010126
:1052E00081F0010100E00021C9B20DE0026B8A42A9
:1052F00010D19A7B2AB99D78012D04D091F84C10D9
:1053000002E0002100E011468C4203D0997200694E
:1053100036F0C6DF002038BD38B50D46D0F860162F
:105320000446CB7AAB420CD025B10C31B0F828261C
:1053300014F068DCD4F860362046DD72216BFFF78C
:10534000BCFF002038BD73B5036804465B7E002BAC
:1053500040F0BD80036993F8EA204AB1DB6ED3F8D0
:10536000202140F204431340B3F5806F06D0AEE035
:10537000186E07F0DEFE002840F0A980236893F83D
:10538000203033B9206905F02FF82368012283F813
:10539000202023681B6FEBB9206905F04DF8093018
:1053A00018D123681A6F910714D442F002021A67C9
:1053B000254604F12006D5F84C1241B18B7933B95A
:1053C0004B7923B18B7C13B1204639F059DD04357C
:1053D000B542F0D123681D6F1DB1204611F094DD58
:1053E00073E0012384F82930204620F01FDC236875
:1053F0002046596B0323009321B14FF48072294654
:10540000134602E04FF480720B461EF0DDDBA0680D
:105410000AF04AD9236801221A7694F89D3173B1B3
:1054200020460AF001FAD4F840352046598E23F080
:10543000FDDA002384F89D3120461CF0E1DDB4F84C
:105440005C17204621F06ADB206904F06AFE2368BD
:1054500093F82F301BB1D4F834072FF05BDC2368AE
:1054600093F831307BB1254604F12006D5F84C1273
:1054700031B18B7923B94B7913B1204635F018DB64
:105480000435B542F2D1204615F02CDB204616F04B
:10549000D6F80125D4F8AC114FF47A720123A06834
:1054A0000AF094D8204684F8F15125F0EFD920462F
:1054B00014F090DB204625F04BDD50B1204625F05E
:1054C00025DD2046294625F02BDF002001E06FF086
:1054D00008007CBD2DE9F04F90F8753297B0DB06DF
:1054E00004460E4601F1040900F1A580D0F8043805
:1054F000994240F0A080514B1A789A46002A40F019
:105500009A8001238AF80030B0F83C5281E011F013
:10551000D1DA0169D1F8CC3098030DD520463A464E
:10552000139B3AF02DDB002873D023680399D868C9
:10553000012201F0F5DB6CE07B6A5A0507D5D4F84F
:105540004001314603AA139B2AF020DB43E05807B1
:1055500007D501232046394615AA14931FF06ADCAB
:1055600005E0204603A914AA15AB0BF003F90028A7
:1055700031D1236893F8A130012B07D11599032964
:1055800004D8D4F84001032229F0C0DD02AF4FF067
:1055900000081CE078680369B3F84C301FFA83FBFD
:1055A0001BB2002B09DA11F085DA002301465A46B6
:1055B000D4F8600100934DF0CFDC01230093204626
:1055C000159957F8042FFEF7B7F908F10108149B55
:1055D0009845DFDB1DE010301BD148461399039A34
:1055E000FDF330F594F8753273B1236893F8B53054
:1055F000D90709D5B4F83C3201221D40139B12FA99
:1056000003F325EA030504E0B4F83C329D420BD0D5
:105610001D464DB14846294613AAFDF347F40746F7
:10562000039000287FF473AF2046314614F040D930
:1056300000238AF8003017B0BDE8F08F7C27000007
:105640002DE9F04F9DB0279F12930E927F8904465B
:105650001197279F10460C370B97289F0D460C3F3C
:105660000C97B2F81690194609F4FF694FEAD90968
:10567000B9F10E0F94BF00270127109797880DF1FD
:105680007008149715F044FF269F15900A37394685
:10569000109A2046139750F08BD8002348F8103DFD
:1056A0000646199319AF20462799289A4346009732
:1056B0001CF0B0DC30B920462799289A4346009761
:1056C0001EF0A8DC16B17368DB0726D40C990B9882
:1056D0003222FCF3F3F7014620B14078023120F08A
:1056E000B9DC70B90C990B980122FCF3E7F701467D
:1056F00050B10231407820F0ADDC003018BF0120FD
:1057000002E001270D9700E00D9056B10D9F37B9CB
:10571000736843F00103736003E0002700E0012792
:105720000D970B980C990322FCF3C8F723680746E2
:1057300008B14278AAB993F83F0070B1B4F82606D0
:10574000C3B24B4508D0FDF36DF5C9EB000EDEF199
:10575000000040EB0E0000E00120C0B20F900027D7
:1057600010E093F83F0050B1B4F82606FDF35AF567
:1057700097F80290C0EB0907784240EB0700C0B2EF
:105780000F9007460F9929B115F1000818BF4FF087
:10579000010801E0DDF83C8023685FFA88F893F89F
:1057A000469019F0030923D094F872324BB9B8F13E
:1057B000000F06D0D5F8D432B3F8069019F02009BE
:1057C0001FD00B990C9A204620F0B6DC0B9983462B
:1057D0000C9A204620F07CDC2368079093F94C302B
:1057E00053B120460B990C9A1DF0A0D9814604E0D4
:1057F000CB46CDF81C9000E09946B8F1000F6CD074
:1058000002E0CB46CDF81C90236893F846A01AF02E
:10581000030A6CD0079A002A61D0BBF1000F61D057
:105820001178204652780FF0ADDBB4F826C6034657
:105830000CF47042B2F5005218BF01220E3254F837
:1058400022800CF4406CD8F80410D4F85C01089362
:10585000CDF824C03FF052DF10F0080F089BDDF8B0
:1058600024C007D198F8ECA01AF1000A18BF4FF035
:10587000010A01E04FF0000A9BF8002012F002023A
:1058800003D007994A78C2F38002BCF5406F05D176
:10589000B4F826269A420BD100F013BCBAF1000FDF
:1058A00025D00AB303F44062B2F5406F40F009849A
:1058B000226892F82FA0BAF1000F40F00584184634
:1058C0000893FDF3AFF48046B4F82606FDF3AAF47E
:1058D0008045089B40F0FA8308E0C24609E0DDF805
:1058E0001CA004E0DA4602E0924600E09A464FF03F
:1058F0000108236B5B7D002B37D00F9A002A34D030
:1059000094F8723233B994F87432002B2DD0B8F178
:10591000000F2AD194F8493653B1199B002B07DDAB
:10592000189B1B78580703D5D4F8583604221A61FF
:1059300094F849364BB10D9B4BB9119989060DD49A
:10594000D4F858360422DA6008E00D9A32B1199B77
:10595000002B07DD189B1B78DA0703D5D4F85836DF
:1059600004221A62204625F037DB236893F846307C
:105970009B0747D00F9B002B44D094F8723233B969
:1059800094F87432002B3DD0B8F1000F3AD1B4F83E
:105990002636079903F44063A3F54060434243EB86
:1059A000000311B90D9A32B916E007998A7802F00E
:1059B0000302032A05D1D4F8582604219161079ADD
:1059C00052B107998A7802F00302022A04D11BB16E
:1059D000D4F858260421D162BBF1000F0FD0079AEA
:1059E0006AB19BF800105278890708D402F00402CB
:1059F000D2B222B11BB1D4F858360422DA62204662
:105A000025F09CDB236893F82F30DBB1D4F8FC340D
:105A10001B78BBB1B7B9204659462EF0EBDE88B1F2
:105A2000204639462EF0E8DF20462EF0DBDFB4F8C2
:105A3000263603F44063B3F5406F03D120460121BD
:105A40002EF04CDF94F87032002B00F055831DB11E
:105A5000D5F8DC720A9700E00A95B8F1000F7CD007
:105A6000236893F846309B072ED0AB7C33B936B908
:105A700020461399109A4FF0B5DF064626B3BBF1C6
:105A8000000F0ED0079B204631465A46CDF80090B5
:105A90001DF0ACD8B5F8343523F02003A5F8343523
:105AA0000CE0AB7C53B97368DF0307D52046314661
:105AB0005A465B46CDF800B01DF098D820460B99A9
:105AC0000C9A33461FF082DE0E9920461DF064DFEB
:105AD000014628461DF0A2DF28461DF0F7DE0E998C
:105AE000204611F0EDDF0146284610F04FDFAB797C
:105AF00083B9D5F8E022D5F8D432118A928A0A9F68
:105B000059859A857B792BB9AB7C1BB1284601213D
:105B100035F040DC0A9F0023BB71FB7195F81290B1
:105B2000B9F1000F19D197F88530012B15D187F8FD
:105B30008590D4F8400126F001DD204629460F2249
:105B40004B46CDF80090CDF80490CDF80890CDF8F4
:105B50000C90CDF8109016F0E1DF002D59D0AB7904
:105B6000002B56D1AB7C002B53D0279FBB787A7883
:105B70001B0443EA02233A781343FA7843EA0262A9
:105B8000BB7910927A791B0443EA02233A791343D2
:105B9000FA790A9F43EA0269FB6913B93A6A12B9B2
:105BA00032E0994506D399452ED10A9F3B6A109F52
:105BB0009F4229D2269F00230093019302930393CF
:105BC0000493204607F110032946162216F0A6DF9B
:105BD00028460E99129A279B24F0A0DC0F9F9FB1B4
:105BE000EB794BB1AB7C23B105F1BC00FCF3B4F60F
:105BF00010B905F1BC0101E005F1D60100222046F3
:105C00001346009222F02CDA0A99109FC1F81C90DA
:105C10000F62B8F1000F00F00D82AA79AB7C002A68
:105C200040F08D81002B00F08A811AAB0093289AF6
:105C3000284627990DF16F0316F016D8BDF8682095
:105C4000D5F8E482A5F8202594F8EB91B9F1000F7E
:105C500067D100284DD098F80030022B1AD1284681
:105C60004946B8F826B00AF0B4FBB4F8303884F8E6
:105C700032980BB1A8F8263028461EF0A3DCD5F8E0
:105C8000E432A8F826B05B8B002B4AD0284610F0EF
:105C90005FDF46E023685B6B3BB194F8FA3123B1D8
:105CA000AEB196F8D2300F2B11D098F8022022B165
:105CB0002046294622F0D4DD33E04FF0FF33009335
:105CC000204605F1BC01134622F0CAD929E094F818
:105CD0000D3733B398F802303BB11EB1736823F02F
:105CE00000637360284616F09DD8284623F0BADA80
:105CF00017E098F808302BB1B8F80A1011B9284607
:105D000023F0DEDAD5F8E4325B8B53B198F800303B
:105D1000022B06D1D8F82030012B02D128461EF0E4
:105D20003DDC98F803301BB12846002123F0BCD994
:105D300098F809303BB928460DF082DE18B12846A4
:105D4000012123F0A9DB98F809305BB1149F2846A4
:105D5000C7F3C011159A279B24F086DB2846002143
:105D600023F09ADB236B5B7D002B38D0119F2046FC
:105D7000C7F3802124F09ADA189A002A2FD0199BB1
:105D8000002B2CDDD4F8583693F90110013109D1DC
:105D900012781B78C2F34002934203D020460121BF
:105DA0001FF0E6DD189B1B78C3F3800384F84636AA
:105DB0003BB9D4F858361B69D3F1010338BF00232F
:105DC00000E0002384F842364EB1736823F00403E8
:105DD000736094F9462612B943F004037360236894
:105DE00093F84630980733D0079F002F30D0D4F86F
:105DF000583693F90620511C25D1BA7893F905300D
:105E000002F00302934203D020460B211FF0B0DDC5
:105E1000079FD4F85836BA78DB79C2F380029342F0
:105E200003D020460D211FF0A3DD079FD4F858367C
:105E3000BA789B7AC2F30012934209D0204610210F
:105E40001FF096DD04E0012A0CBF032200225A71E4
:105E5000D4F85C01B4F8261640F068D890B1D4F8B4
:105E60005C01B4F826163FF0A1DC236B18690BF037
:105E70009FFBB4F82636834204D1002120460A460F
:105E80001EF08AD8002E42D073685B0640F127814D
:105E90000B9F16970C9F179706E02046394616AAC7
:105EA00017AB1DF05BDB40B916981799DD22FCF3A8
:105EB00005F407460028F0D10AE1BB79012B40F038
:105EC0000E8194F80C223B7A5340180700F00781AA
:105ED00004F5007909F106084046B91C1822FCF3C4
:105EE0004BF0236893F83030002B00F0F480D4F8A6
:105EF0003477434607F5637709F11E091868596836
:105F00003A4603C208334B451746F7D1E3E0204633
:105F10000B990C9A10F07AD9012802D120460DF085
:105F20000BDFBAF1000F00F0E78094F86D35002B1D
:105F300040F0E2802046514617F0CCDDDCE0002B3B
:105F400078D10D9F1FB9119FC7F3401500E00125BF
:105F5000EDB29EB1736815B143F0040301E023F084
:105F6000040373600C990023654A0B9800931CF09E
:105F7000C9D93146024620461FF002DC236B5B7D07
:105F8000FBB1199B002B0EDD189B1A78510703D526
:105F9000D4F85826042111611B789A0703D5D4F848
:105FA000583604225A620D9F1FB9D4F8583604227D
:105FB000DA611DB9D4F858360422DA60204625F09B
:105FC0000BD8236893F846309B0700F09580079F15
:105FD00047B1BB7803F00303032B03D1D4F8583641
:105FE00004229A62BBF1000F18D09BF801109BF8B5
:105FF0000030B4F8262643EA0123DF0603D4D4F8A0
:10600000581604204863980708D402F44063B3F597
:10601000406F03D1D4F8583604221A63079F2FB972
:106020000D9F1FB1D4F8583604225A61204625F03E
:1060300085D861E094F85735002B5DD00F9F002F75
:106040005AD0119FB90757D50B980C990022FCF331
:1060500035F3034600284FD02046991C5A7839F072
:1060600081D90546002847D0837C002B44D10E9966
:10607000129A16F0C7DB00283ED0279FD5F8D062D1
:106080000097289F20460197269F0E9907F110023E
:1060900001230296FEF7E4FD024600282CD1216B75
:1060A000D4F86036503106F138009B784AF066DF4C
:1060B000289F28460E99129A279B009734F046DABB
:1060C0001AE04FF0000A12E44FF0000AD04610E444
:1060D000022384F80E32284601211BF061DE0023E2
:1060E0000C990B98064A00931CF00CD931460246D5
:1060F00020461FF045DB0AE71DB0BDE8F08F00BF6A
:10610000B5B701002DE9F04F1769C1B0D7F8D882B3
:1061100004468B469246D8F82C00D8F8301000225E
:106120000F93FCF3CBF220B1811C407810910D90BD
:1061300005E09BF808300BF1090210920D93002145
:10614000282222A8FBF37CF7002128222CA8FBF3AD
:1061500077F7D8F830100122D8F82C00FCF3AEF213
:10616000D8F8301005463222D8F82C00FCF3A6F2FD
:1061700006463DB16A78102A04D823A8A91C2292A9
:10618000FBF3FAF63EB17278102A04D82DA8B11CA0
:106190002C92FBF3F1F6BBF80630D9070BD5216B37
:1061A0004B7D43B10A6D23A854312292FBF3E4F6F0
:1061B00000232C9308E02CAB0093204639460BF1CA
:1061C000380222AB1FF042DEB7F86250D8F82C60DC
:1061D000B5F5806FD8F830905ED0B5F5006F5BD024
:1061E00030464946FDF376F0099018B14178002613
:1061F00008910AE0304649463022FCF35FF2064639
:1062000010B14278089200E00890802D0AD003D89F
:10621000102D07D0402D04E0B5F5807F02D0B5F5F4
:10622000007F37D1BA6D40F237131340002B36D0C0
:10623000089B002E08BF1423402D08931CD000217A
:1062400007913AE0162606FB057606F5B476584621
:10625000311D0622CDF818C0FBF372F6DDF818C028
:1062600040B9079B40A901EB83020A36013342F88B
:10627000B86C0793013505E00023C1460793A84693
:10628000B4461D46D7F8CC229542DBD34546664638
:10629000C84612E085B102E0002609960896BA6D5C
:1062A00040F237131340089A002B18BF002318BF81
:1062B00018220793089200E0079540F2EE530193ED
:1062C0003FAB02930F9B2046002B14BF20210021DF
:1062D0005A4607F1C203CDF800B01CF06DD80A9001
:1062E00030B920460A99B7F80C2332F0F7DB6FE299
:1062F0003F99204601F5BC620E32A1F118030B91C3
:106300000C9239465A461193FEF7A6FB0B9908806A
:10631000B8F822304B800F9A0B1D3F938AB108F1D9
:1063200024094846FCF318F310B93F98494602E0A7
:106330003F9807F1D6010622FBF31EF63F9B06337A
:106340003F933F9B00210E9318460D9A109B25F01A
:106350000BDF0121229A23AB3F9025F005DF08993E
:1063600081463F90002900F0848086B1079A1AB1D7
:1063700020463146FEF799FBDDF8FC903146484651
:1063800017F0C4D93F90737889F8013019E0802D57
:106390000AD003D8102D07D0402D04E0B5F5807F3A
:1063A00002D0B5F5007F0DD19049484617F0AED91F
:1063B00039463F900BF17B02204609F1040313F0AC
:1063C00013D84E46802D0AD003D8102D07D0402D6B
:1063D00004E0B5F5807F02D0B5F5007F49D1079B79
:1063E000002B2ED07378079AF3189A70991C130A11
:1063F0004B7073780DF1440C023373703F9B0D9119
:1064000002333F934FF000093B462F46654612E0AA
:106410000D99102201EB0910023055F8041F069364
:10642000FBF3AAF5727809F10109103272703F9AF4
:10643000069B10323F92079A9145E9D13D461F468F
:1064400001E0DDF81C90D4F86C32D3F8D8325B68E8
:10645000022B0ED1B9F1000F0BD000220092019255
:1064600002967378204602330393572113461DF09A
:106470001FDB2C9A2AB13F9832212DAB25F074DE18
:106480003F904346D8F82C60B8461F461AE0727811
:10649000711A0231891899421AD8099BB34217D050
:1064A0003378012B0BD9302B09D002323F9831467B
:1064B000FBF362F573783F9A0233D3183F937378F6
:1064C0000233F61826B1F96A3B6BCA189642DED33E
:1064D0003B4647469846236893F846309A0717D0BC
:1064E000DAF80430DB0313D5226B384613686532C3
:1064F000A3F1020EDEF1000343EB0E0336A925F0F3
:1065000095DD3F982D211A2236AB25F02DDE3F90E8
:1065100094F8653633B104F5CC613F98043117F037
:10652000F5D83F90236893F846309A071DD0DAF8E3
:106530000430DB0319D5226B384613686532A3F1AA
:10654000020EDEF1000343EB0E0336A925F06EDDEB
:106550000C9A3F9920468A4228BFC1EB020236AB13
:1065600038BF002225F020DC3F9023685B6B2BB303
:10657000BBF806305B0721D503223DA81C49FBF37D
:10658000FBF4012202238DF8F92094F8FA218DF80A
:10659000F73000238DF8F83032B19BF96A209A4227
:1065A00003DA94F80A3700E013468DF8FA303F9882
:1065B000DD2107223DAB25F0D7DD3F90B5F5806F9B
:1065C00002D0B5F5006F07D1D7F82C35002B2BD0B2
:1065D0003F98D7F8281504E0089B2BB3099949B1D7
:1065E0003F9817F093D83F901EE000BFCCD28500B3
:1065F000C1B70100402D17D0802D15D0102D13D01C
:10660000B5F5807F10D0B5F5007F0DD03F9E724963
:10661000304617F07BD839463F900BF16B0220468D
:1066200006F1080312F0E0DE6B1E9BB2012B03D9CA
:10663000042D01D0082D0AD1DBF86400002833D0E6
:10664000BBF868100C300C39FCF344F616E0802DD2
:106650000AD003D8102D07D0402D04E0B5F5807F77
:1066600002D0B5F5007F1FD1DBF86400E0B1BBF8C4
:1066700068100C300C393022FCF320F0A0B1D4F8B3
:106680006C32D3F8D8325B68022B0DD14378102BD3
:106690000AD9023300220290039320465721012396
:1066A000009201921DF004DABB6D580701D5042356
:1066B0000CE0990701D5022308E0DA0701D5012390
:1066C00004E013F4807318BF4FF48073CAF84030AD
:1066D000236893F846309D072AD0DAF84030013B12
:1066E000012B09D8DAF80430580305D52046514665
:1066F000062224F0D5DA1BE0DAF80430590317D566
:1067000051460622204624F06FDA204616F09CDC23
:10671000012801460CD1D4F8F83720461A8842F2F5
:106720000E73013A92B29A4298BF002128F0CEDC53
:106730000C9A3F9B38469A422CBFC3EB02020022C0
:1067400000922022019200214FF0FF3204F087FBDB
:106750000E993F90401A0023039104903946552228
:10676000204600930193029316F0D8D93F9D119AC9
:106770000A9BD8F83410AD1A9D8221B16068D8F810
:10678000382000F0B5DA183D6068294600F0A0DA3C
:10679000C8F8340040B10F99C8F8385088F83C1058
:1067A0002A460B99FBF3E8F3BBF862302046C3F3AB
:1067B00040130093002301930293D4F804280A990C
:1067C00053461FF0AFD90A9A002808BF00220A9248
:1067D0000A9841B0BDE8F08FE2D285002DE9F04182
:1067E0000368044693F83F30C56813B1B0F82666D5
:1067F00002E0FCF7DEFE064600222069314604F086
:106800002FFA5621206936F00BDFD4F8883140008A
:10681000002BC4F8040506DA2069B22136F000DF47
:106820004000C4F80805A221206936F0F9DE4000D6
:10683000C4F8EC07204615F0BBDB94F8CD3133B932
:1068400020694C2136F0ECDEC00984F8CD012046E9
:1068500020F014D9204640F0E5DD0027E319D3F8F5
:106860004C82B8F1000F05D0404622F0C3DA404612
:1068700022F0B6D80437202FF0D1236893F83F30A8
:1068800093B10023E218D2F84C0250B1027942B120
:10689000D0F8D432DB8D1B04C5F8883122F0E2DC5D
:1068A00002E00433202BEDD1204631460CF030DCE1
:1068B00020467421B4F87A2525F08CDC94F8D12197
:1068C00042F21073002A0CBF1A464FF4BC622046F5
:1068D000822125F07FDC236B94F8D11118690BF02D
:1068E00025FD01221346B4F8781720460DF0E8DDA7
:1068F0000123B4F87A17002220460DF0E1DDD4F828
:10690000400128F05DDF2046FEF7CEFC23685B6B7C
:106910005BB1B5F88836D4F86C029BB243F004033F
:10692000A5F8883600211BF03BDA2046FCF70CFD69
:10693000D4F8841161B920461FF012DC0504C4F8B4
:106940008451204602211FF00BDC2843C4F8840147
:10695000236893F8A130012B03D1D4F840012AF029
:106960001BD820461BF04CDB20460BF03BDFB4F875
:106970005C17204620F0D2D8204613F089DD002392
:1069800084F84430454AE368C3F8DC23012384F8E3
:10699000A83184F8AA31236893F838301BB925460A
:1069A0002646002711E0FF2384F8953884F89638AE
:1069B00084F8973884F8983884F8993884F89A38A5
:1069C00084F89B3884F89C38E9E707F54071204645
:1069D0001FF0C6DBB6F82032190706D123F00F03EB
:1069E00000F00F021343A6F82032B6F8203213F05D
:1069F000F00F06D123F0F00300F0F0021343A6F8E5
:106A00002032B6F8203213F4706F06D123F470638D
:106A100000F470621343A6F82032B6F820321A0B45
:106A200008D11B0520F47E601B0D20F01F001843C9
:106A3000A6F8200202370236082FC6D12368204666
:106A400093F94C100EF0F0DD23681A7EFAB193F83A
:106A50002F30E3B104F12007D5F84C626EB1B37961
:106A60005BB1236893F838302BB12046D6F84C152B
:106A7000002239F06DD90023F3710435BD42EBD10A
:106A8000002384F87232D4F834072EF043D9D4F8B6
:106A900068010421BDE8F0414DF08A9D8096980080
:106AA0002DE9F341089C07460E461546984600948A
:106AB00008F03AFF10F1170F09D1384631462A463F
:106AC0004346089402B0BDE8F04109F0899C02B049
:106AD000BDE8F0812DE9F04F1E6995B011919A46FD
:106AE000F388C0F878289DB2069505F00C089588C3
:106AF000934605F00302022A04464FEA98080D95D2
:106B000007D11BB2002B04DAD8F1010338BF0023F0
:106B100000E00023BAF81490DBB20C93A9F10A0943
:106B20009B00B8F1000F03D117334B4580F2A481CD
:106B3000069D05F0FC07942F03D0A42F01D0842FCD
:106B400003D1B9F10F0F40F39781B37A13F001032A
:106B50000A9309D1204606F10A0138F0DFDB051C53
:106B6000099018BF012501E0002509950895B8F1A5
:106B7000000F0ED106F116052046294638F0AADB93
:106B8000079050B92946204638F00EDC0B90054698
:106B900006E000250B95079502E0079DCDF82C80B7
:106BA00094F8C83123B9236893F82C2032B926E031
:106BB00020465946524600230FF022D9942F03D085
:106BC000A42F01D0842F02D1089959BB03E0802F54
:106BD00028D0502F26D0B8F1000F40F0EC83089A4F
:106BE00002BB06F10A00FBF3A7F6002800F0E383DE
:106BF000C5B906F11600FBF39FF698B9DBE30A99D5
:106C000081B9089A42B193F838205AB1B8F1000F0F
:106C100008D13DB9099929B9D3F88C309A6F01325E
:106C20009A67C8E394F8C8316BB915B9D4F86C32D7
:106C300000E02B4693F8E5202AB1204659465246FB
:106C40009B680FF0DDD8B8F1010F0ED1C42F0CD026
:106C5000D42F0AD006F11000FBF37EF6002840F096
:106C6000AA83337CD80700F1A683DAF81030B21D6E
:106C70000633CAF8103023680592D3F88C301FFA17
:106C800089F1DA6CAAF814100132DA642046009116
:106C90005A46059913AB11F02BDC30B12368D3F8B9
:106CA0008C30DA6F0132DA6785E3139911B123680A
:106CB0009B6A0B62B8F1010F38D1BAF81430DAF8D8
:106CC0001000A3F11005AAF814500C9D00F1100259
:106CD000CAF8102035B100F11402143BCAF8102094
:106CE000AAF81430A42FBAF814300ED10B699B798E
:106CF000002B00F0608391F8DF30002B00F05B8305
:106D00002046069A2FF094D955E3206890F8420067
:106D1000002800F05083842F02D0942F40F04B8342
:106D2000D4F84001009728F07BDB44E3BBF8163031
:106D30000A9A03F4FF63702B94BF002301230E9380
:106D4000002A6BD1B38BADF828309BB20F9331B9C9
:106D5000204606F110010E9A4EF02ADD1390069B94
:106D600013F400631093139B05D023B1B3F8BC2038
:106D70000F998A422AD0C3B1BDF82820A3F8BC20BD
:106D80004CE009F1F30804EBC8084046FBF3E4F5D6
:106D900080B906F1100041460622FBF3D1F058B14C
:106DA00009F101095FFA89F900E0994694F8E8379A
:106DB0004B45E6D24FF00008109B83B1B8F1000FAD
:106DC00010D0B8F806300F998B4223D12368D3F83E
:106DD0008C30D3F8BC210132C3F8BC21EBE2B8F10E
:106DE000000F17D194F8E83706F1100103F1F3080A
:106DF00004EBC808013384F8E83706224046FBF369
:106E0000BBF094F8E8270A23B2FBF3F103FB11234C
:106E100084F8E837BDF82830A8F80630089959B149
:106E2000079A4AB1AB793BB9D5F8E4321B7A1BB16A
:106E30002846069910F068DABAF81410DAF810301B
:106E4000A1F11802AAF814200C9A03F11809CAF843
:106E5000109032B103F11C091C39CAF81090AAF83D
:106E600014100D99069AC1F3C0135104BAF8148096
:106E70000DD5B8F1070F06DC2368D3F88C305A6EB5
:106E800001325A6697E2B02F40F0958227E0502FEA
:106E900079D010D8202F00F05F8206D8002F00F0A4
:106EA0005B82102F40F0878241E0302F3FD0402F8F
:106EB00040F081824FE0B02F0DD005D8802F7BD0DD
:106EC000A02F40F078823FE1C02F00F09381D02FB7
:106ED00040F071825FE2B8F1050F40F36682002D49
:106EE00000F06982AA799AB12A79002A00F06382B7
:106EF000CDF800800193BBF81030D4F8340703F0CC
:106F0000080302932946059A4B4602F072FB52E2AF
:106F1000D4F8402592F93420002A00F04C820093E6
:106F2000284605994A46434632F052D843E2B8F122
:106F3000050F40F33A82002D00F03D82AB79002B23
:106F400040F03982139B2846009305994A464346F0
:106F500031F0FCDD2FE2236893F8953023B994F8E3
:106F60007232002B00F0278208F11802059D0023E1
:106F7000039220462C2106F1100200930193029502
:106F80001CF096DD17E2B8F10B0F40F30E82D4F837
:106F900068319B79002B00F00E82089D002D00F0D7
:106FA0000A82204659463246059BCDF80090CDF81E
:106FB0000480FDF7CDFFFEE1B8F10B0F40F3F58142
:106FC000059933468DE80202204607995A46CDF8C6
:106FD0000880FEF735FBD4F868319B794BB1204629
:106FE00059463246059BCDF80090CDF80480FDF758
:106FF000AFFF94F872325BBBB9F80A30DA0727D5D5
:1070000020464946424616F005DC08BBBBF8167020
:1070100007F4FF67FF080E2F00F2D58109F10C007D
:10702000A8F10C010322FBF349F388B143787BB14B
:107030008378BB420CD1226B106904930AF0B8FA32
:10704000049BC0B2834203D1D4F868014DF078DCD0
:107050000B9A3AB9204606F1160138F0A5D9074631
:1070600008B94DE00B9FBA79002A49D1D7F8DC1254
:10707000D7F8D832059109F10C00A8F10C0104935E
:10708000FBF31CF3049B06909B680B2B08D138463E
:10709000594632464B46CDF8008033F057DA0DE0C2
:1070A000226892F831204AB10F2B07D13846594651
:1070B00032464B46CDF8008033F018DEBB7CFBB186
:1070C000059A92F85A30DBB1D4F86801069901228A
:1070D0004DF0DEDC38B1059991F859301BB9012328
:1070E00081F859300CE0D4F86801069901224DF07E
:1070F000CFDC28B9059A92F859300BB182F85900C3
:10710000079B002B00F05781D5F8D8329B680C2BD9
:1071100040F051814B4628465946324623F0FED96D
:107120002846002131F0C8DB236893F82F3023B1C3
:10713000D4F834072DF0EEDD3DE1D5F8E4322846F1
:10714000997809F046F936E1B8F1010F40F32D8145
:10715000002D00F03081AB79B9F800704BBB2046B0
:1071600013991FF039DF1398037E9B0713D5022173
:107170004DF066DF139B1A7E12F008020BD12046F9
:10718000294606F1100300970192CDF80890CDF83A
:107190000C8009F0CFFA0799002900F00C81D5F88E
:1071A000D8329B6813B1284631F0D0DA2846032143
:1071B000B4E013990B69AB4240F0FD8020461FF00C
:1071C0000BDF1398037E990710D512214DF038DF9D
:1071D00000222046294606F1100300970192CDF8BF
:1071E0000890CDF80C8009F0A5FAB0E010214DF020
:1071F00027DFE0E0B8F1010F40F3D7802DB9099AFD
:10720000002A00F0D880174600E02F464FF0000B10
:10721000CC46A9465D4604EB0B02D2F84C1261B194
:1072200006F11600BC310622CDF810C0FAF388F63C
:10723000DDF810C0002808BF01250BF1040BBBF1DD
:10724000200FE8D12B464D46E146002B00F0B380DD
:10725000139BB9F800B033B9204606F110010E9A1D
:107260004EF0A6DA1390139911B120461FF0B4DE48
:10727000BB791398002B54D100283BD012214DF03C
:10728000DFDE1398037EDA0702D443689B0031D512
:1072900001214DF0D5DEABF10D039BB2092B07D8D0
:1072A0002368D3F88C30D3F8F8210132C3F8F821E1
:1072B00097F91030022B03D1F8680E2152F052D901
:1072C000139B1A7E12F004020FD1CDF800B05B6858
:1072D0002046C3F340730193394606F11003CDF8FD
:1072E0000890CDF80C8032F07BD8139B5A6822F0BE
:1072F00000525A60079B002B5DD0AB7C002B5AD00C
:10730000D5F8D8325A689B68022A01D1082B52D886
:1073100013B1284631F01ADA2846022134F03AD85F
:1073200049E0002847D00369BB4244D1037ED80717
:1073300041D500222046394606F11003CDF800B0B1
:107340000192CDF80890CDF80C8032F049D8204653
:1073500013994EF035DA2EE0B8F1030F25DD55B361
:107360002A7942B3AA7932B306F1160005F1BC01BD
:1073700006220493FAF3E4F5049BE0B9139A02930E
:107380000192D4F834072946059A4B46CDF800807F
:1073900008F0F0FE0FE020461399059A4B468DE861
:1073A0000009029610F00AD805E02368D3F88C3063
:1073B0001A6F01321A67119851460022FFF3B0F498
:1073C00015B0BDE8F08F236B18690AF0F1F8C0B270
:1073D000874238E62DE9F04F064692F82A301068C9
:1073E0000D469BB01446918B0590D6F804A02F69EA
:1073F00013B192F8228000E0984694F82C309BB9A3
:107400000A0511D505EB4802B2F8AC00B4F87E20AD
:10741000904209D13368D3F88C30D3F8BC210132C3
:10742000C3F8BC2100F079BCBA79C1F3802B12BB40
:10743000D7F8E49299F808206AB163B9BBF1000F5C
:1074400009D195F8D220636A52FA03F3D80702D41F
:1074500038460FF059DF33685B6B63B199F8183029
:107460004BB194F82A3033B194F828301BB1384628
:10747000002121F08FDA238C5A0700F14E84A38B70
:1074800003F48043636363B9BB6D40F2371903EAC9
:107490000909B9F1000F27D097F86090B9F1000FF2
:1074A00022D04FF00009C4F83890304651462A46A1
:1074B0002346CDF800804FF02BDB70B9636B23B10E
:1074C000D5F86C310133C5F86C31336893F89530D9
:1074D000002B00F022844FF00109636B23B1D5F833
:1074E00068310133C5F8683194F82C3043B908F19C
:1074F0005403B4F87E1005EB43039A88998000E0AA
:1075000000223368029393F895301BB1B9F1000F54
:1075100040F0038494F82C30002B40F02981B4F81B
:107520007EC008F11A091CF00F0340F08A8005EBB9
:107530008909D9F8041079B11A4650460393FFF32C
:10754000EFF3039B05EB8802C2F88C3008F14C0284
:10755000C9F8043045F82230BBF1000F00F0088173
:10756000E36808F11A090493636905EB8909C9F80E
:10757000043018699A8A3168D3F80CC09B6800EB14
:10758000020EC969CEEB0C0EC01A8968864472449B
:107590008A4222DA5046FFF3F3F3C9F804000028C8
:1075A00000F0BB836369006999681A699B8A521A63
:1075B000D218FAF3E1F461690A698B68D21AD9F832
:1075C0000430186980181861988A821A9A82888A09
:1075D000002298825046FFF3A3F332680499D269DF
:1075E00005EB88039268A448521AD6F82818063A80
:1075F000521AC3F88C2061680822FAF3A1F450B142
:107600009E4861680622FAF39BF440B96368DB8800
:10761000B3F5407F03D16B6843F0080302E06B6869
:1076200023F008036B60964861680822FAF388F437
:10763000AB6810B943F0200301E023F02003AB60F6
:1076400096E005EB89004168049019B90299D1F8D8
:107650008C301FE082EA0C0C3CF00F0C04D102F0DD
:107660000F020132934219D000225046FFF358F323
:1076700008F11A02002305EB8202536008F122028E
:1076800005EB820208F14C08536045F82830336856
:10769000D3F88C301A6E01321A663EE308F12209E3
:1076A00005EB8909A368D9F80420934211D96246F1
:1076B0005046CDF80CC0FFF333F3DDF80CC0049A4C
:1076C00008F14C08C2F804C0C9F804C045F828C045
:1076D000DDE78DE80804304609F104026368CDF85F
:1076E0000CC00BF07DDCDDF80CC0504661696246D1
:1076F000FFF316F3BBF1000F3AD1049B5A686261A5
:10770000C3F804B008F14C0345F823B01369928A1A
:1077100003F11801C9F804B06160A2F11801A16079
:1077200094F829102360E26021B103F11E011E3A92
:107730006160A26094F82A203AB1626884F82280DD
:1077400002326260A268023AA2601A785B7842EA6A
:107750000323A383636B5BB1A36B4BB193F90E203F
:1077600061688A18626093F90E30A268D31AA36028
:10777000A36B73B11B7A042B03D1304621464FF023
:1077800075DAA36B1B7A0B2B03D1304621464FF0E1
:1077900089DBBBF1000F40F00183336893F895302B
:1077A000002B52D0BB689B79DB0700F1D5824CE0FF
:1077B00000F4E06210F4000F4FEA1222314B00F0A7
:1077C0007F00A2F1040208D0012A4FF0140202FB4C
:1077D000003094BFC068806809E0012A4FF01402AD
:1077E00003D802FB0030406801E0504318584FF4C2
:1077F000FA7304E000F07F004FF4FA735843B0FBD3
:10780000F3F0CDF821004FF0010B0DF127002168B6
:1078100018228DF826B0FAF3AFF394F82F30A3B105
:10782000BDF827300DF1310143F4007306220DF14C
:107830003700ADF82730FAF39FF3D6F86C120DF14C
:107840003100BC310622FAF397F3336893F89520A0
:107850000AB9134601E02D2206AB6169496A480660
:1078600012D5090640F159820092D6F83C0129460A
:10787000224629F0EDD991E2401E8600DEB70100D4
:10788000481E86008418860021680622043112A84A
:10789000FAF372F3216806220A3114A8FAF36CF3A2
:1078A000216816A810310622FAF366F394F82930FD
:1078B0002BB1216818A818310622FAF35DF3A38BC7
:1078C00013F4807F03F4007304D112AA626723B11A
:1078D00016AB05E016AA62670BB914AB00E018AB53
:1078E0002367D4F80490BBF1000F00F000812368F7
:1078F000E36699F80030AA2B30D199F80130AA2B11
:107900002CD199F80230032B28D199F803302BBBE6
:1079100099F8043013BB99F8053053B9B9F806301B
:107920003046190A41EA032189B20AF0CDDF60B17D
:1079300014E0F82B12D1B9F806303046190A41EAA2
:10794000032189B20AF0C0DF40B1B9F806304FEA2E
:10795000132949EA03291FFA89F901E0B4F80890CC
:10796000336893F89530CBB1D7F8E0304BB9636BFF
:10797000A3B9BA6D40F2371313407BB197F860306A
:1079800063B1304629463A462346CDF80090CDF8FB
:1079900004800CF0F9DD002840F0BF81A36B6BB1CF
:1079A0001B7A012B0AD0032B08D0304651462A46B9
:1079B000234608F06AFE002800F0AF81636F1B7851
:1079C000D80707D53368D3F88C30D3F8D0210132EB
:1079D000C3F8D021A36B33B11B7A022B03D13046FD
:1079E00021464FF043D9636B1BB994F82A201AB98A
:1079F00021E0A36B93F90E3094F82A203AB1216864
:107A000002330A8822F080021204120C0A80616894
:107A100005E0CA1A12F8012C01F8012C71466269BE
:107A200001F1FF3E10697045F3D9C118908A1161C8
:107A3000C31A9382216094F82F3093B120680622F4
:107A40000388804643F4007328F80A3B414610300F
:107A5000FAF392F2D6F86C124046BC310622FAF3E1
:107A60008BF297F910308BB148F68E0399450DD102
:107A70002168626B1231003218BF0122F86807F1E9
:107A8000180351F08FDA002840F0478197F830351D
:107A900083B148F68E0399450CD12168626B12318F
:107AA000003218BF012278692B4607F0EAF8002857
:107AB00040F0338163699A8A1869DB6880181B1A61
:107AC0002C2B40F22A81002306A92D228DF8263086
:107AD000FAF352F2636994F82210DA8A01F007018E
:107AE00022F007020A43DA8294F829200EE1D4F842
:107AF00014B099F80030DBF81020AA2B0492C2EBE6
:107B0000090836D199F80130AA2B32D199F8023000
:107B1000032B2ED199F803305BBB99F8043043BB9B
:107B200099F8053053B9B9F806303046190A41EAD8
:107B3000032189B20AF0C8DE60B11AE0F82B18D12F
:107B4000B9F806303046190A41EA032189B20AF031
:107B5000BBDE70B1049AA8F1060802EB0803BBF87B
:107B60001420CBF81030C8EB0208ABF81480E366A1
:107B700026E0BB6D990612D548468A490822FAF3D9
:107B8000DFF160B9636908F104081A69998A42440F
:107B9000C8EB01081A61A3F81480E26610E063697B
:107BA000A8F10E08998A1A694244C8EB01081A61C3
:107BB000A3F814802389E266190A41EA032393811A
:107BC000A36B6BB11B7A012B0AD0032B08D0304674
:107BD00051462A46234608F058FD002800F09D80B3
:107BE000A36B33B11B7A022B03D1304621464FF0F1
:107BF0003DD80622616FE06EFAF3BEF1E06E062218
:107C00000630216FFAF3B8F1636994F82210DA8A2A
:107C100001F0070122F007020A43DA82626F12784C
:107C2000D20707D53268D2F88C20D2F8D0110131B2
:107C3000C2F8D01197F8612072B12A7ED0060BD419
:107C4000E26E9289110A41EA0222574912B28A422F
:107C500002D05A6AD10660D597F865209AB12A7E7B
:107C6000D20610D4E26E9289110A41EA02224F49EB
:107C700012B28A4207D026398A4204D05B6A002BAE
:107C800001DBD80649D5BB7923B9D7F8E432012204
:107C900083F82A2096F83238013386F8323897F97B
:107CA0001030DBB1E16E8B891A0A42EA03233E4AA7
:107CB0001BB2934212D10B8A1A0A42EA0323A2682A
:107CC0009BB20C3A934228D8626BF868003218BF16
:107CD000012207F1180351F065D9F0B997F8303552
:107CE0008BB1E16E8B891A0A42EA03232E4A1BB23A
:107CF000934208D1626B7869003218BF01222B468B
:107D000006F0BFFF48B994F8292063690093304614
:107D10002946636F1EF038DD40E033685A6BAAB124
:107D200061692348CA8AD3F8903002F00702825C66
:107D30002048855C50460C3503EBC5056B68AE6882
:107D400001336B60FBF366F28019A86050466169ED
:107D50000022FEF3E5F721E0336BD4F880101B8995
:107D600030460693A369DB8ADB088DF81C3005EBEF
:107D7000480393F8AC3003F00F0301338DF825303E
:107D80001BF00ADE059BCDF81D00991FD4F880007A
:107D900013F0BEFB01013FF50BAD2BE51BB0BDE8B9
:107DA000F08F00BFF7E385008E88FFFFB488FFFFE8
:107DB000C4D2850098E085002DE9F04FA7B09A461F
:107DC00009939B8A0026212B04468B46174625964D
:107DD00012968DF832600D968DF83B608DF8386004
:107DE0008DF870608DF83F600A9224921B9601D83E
:107DF000036846E0DAF810501046294613F088FB75
:107E0000AB1D02900493EA8893B203F44071ADF87D
:107E10002C20A1F5407C104603F00C0E03F0F0027C
:107E20004FEA9E0E1209DCF1000141EB0C01BEF19C
:107E3000020F08BFD608F6B2ADF82EE0ADF830203C
:107E40008DF839108DF83A60B7F804E00EF0030EA3
:107E5000BEF1020F04D100B2002801DAD20800E01E
:107E60000022D0B28DF83B00002914BF2822222224
:107E700006B1023200B104320998808A904206D2DB
:107E80002368D3F88C305A6E01325A6677E3AA7AA7
:107E900002F001028DF83C2021B14FF000088DF86E
:107EA000408013E0D80502D505F10A0105E09905E7
:107EB0004CBF05F1100105F11601204637F00ADA32
:107EC000031C18BF012380468DF840309DF83C30DC
:107ED00043B904992046043137F020DA061C18BF54
:107EE000012600E0002694F8C83123B9236893F8EE
:107EF0002C3033B92DE020463946099A00230DF085
:107F00007FDF236893F83F200AB98DF8402046BBF5
:107F1000BDF82C20D20505D49DF83C2012B19DF867
:107F2000402042BB9DF8392012B19DF83C200ABB8D
:107F300093F82C30002B00F022839DF84030002B6A
:107F400000F01D8398F80630002B40F018830126BE
:107F500011E09DF83C301BB9002E00F0108300E0CA
:107F60004EB19DF839602EB99DF84030002B00F0DD
:107F7000068300E00026236893F895305BB3B8F1E0
:107F8000000F28D09DF83C30D8F8DC905BB919F090
:107F9000010F00F0F482049808F1C20104300622B7
:107FA000F9F3CEF714E004980430FAF3C5F420B1E5
:107FB00019F0080F00F0E3820DE019F0040F0AD168
:107FC00019F0020F00F0DB82204604990DF084DEE8
:107FD000002840F0D48209990B6906330B618B8A23
:107FE000063B8B82049B03F1180205929DF8392011
:107FF0000AB11E33059300238DF83D309DF83A30C9
:1080000083B3059A1378507843EA0020DB098DF892
:108010003D3083B1B8F1000F04D098F81935002B2A
:1080200040F0AD8294F8CF31002B00F0A8824B6A6B
:1080300043F040034B62DFF8A8E500F007031EF8A9
:1080400003E0DFF8A0C500F010001CF80EE00011FE
:1080500002328DF83230CDF834E08DF838000592D8
:108060008DF870309DF83D301BB98B8A043B8B82B4
:1080700005E05846FAF346F5838A043B8382099A61
:108080000599938A12690793C2EB0108C8EB0303B1
:10809000514658460693FBF3BDF00499C8EB000027
:1080A00008908B7DCA7D43EA0223ADF88E303EBB3B
:1080B000079B204600933A4625AB10F019DA0028BA
:1080C00040F05D827DE2FA8A049902F4FF620A318F
:1080D000702A204694BF002201224DF083DC2590B7
:1080E00030B92368D3F88C30DA6E0132DA6646E2B2
:1080F0000369D3F8CC30C3F3C0138DF83F3018E0D8
:10810000BDF82C3013F4407F13D09DF8393083B97B
:10811000259B73B9FA8A0A3102F4FF62702A20465D
:1081200094BF002201224DF05DDC2590002800F074
:108130002682259BD3F81080D8F8DC3203931EBB2F
:108140009DF8393003BB9DF83C301BB1BDF82C3095
:10815000D80512D498F80620BDF82C3012B1D905F4
:108160000BD511E098F8122003F44073002A14BFD5
:108170004FF400720022934206D02368D3F88C306B
:108180009A6D01329A65FAE194F82D372BB99DF872
:108190003F3013B998F8062042B9204639461BF003
:1081A000FBDB814618B18AF82D0000E0994698F86B
:1081B00006300BBB9DF83F30F3B9494640461BF0F3
:1081C0002DDC40461BF082DB394620460FF078DC80
:1081D000014640460EF0DADB9DF8403063B198F876
:1081E00012304BB198F8073033B1039843791BB97B
:1081F0004046012133F0CED894F82D3733B99DF89D
:108200003F301BB9259BD3F8FC3083B1B9F1000F87
:108210000DD0259BD3F8F810D3F8F42042F8219024
:10822000D3F8F820013202F00702C3F8F8209DF8D5
:10823000393023B1B8F86220ADF8782036E098F8EC
:1082400006302599002B2ED08B8FADF878304B68F7
:108250005A061BD59DF83A20C2B1049AD28A10075B
:1082600014D191F8DF208AB18A7ED2070ED4BDF8EE
:108270002C20D0040AD59A0308D50D9A91F8D13054
:108280001341DB0702D520462DF020DBBDF82C3052
:1082900013F4805F259B5A6814BF42F4003222F425
:1082A00000325A6002E0898FADF8781094F82D37CB
:1082B0001BB9259BD3F8FC3083B1B9F1000F0DD069
:1082C000259BD3F8F810D3F8F42042F82190D3F886
:1082D000F820013202F00702C3F8F820259BD3F8FA
:1082E0007C315BB1D3F80826029803EB820101329E
:1082F00002F03F02C1F80C06C3F8082698F80630D1
:108300004BB998F8123033B19DF83C301BB916B90F
:10831000039B9E71DE719DF83C300BB398F80630DC
:10832000002B40F02C8198F812304BB12168049852
:108330004E3110300622F9F303F6002800F01F81B9
:1083400004980430FAF3F8F250B9236893F83E30F9
:1083500033B9204604990DF0BFDC002840F00F81AE
:1083600002989DF83C30CAF838005BB92B786A78DF
:108370001A43AB78134305D0D4F8600102997A8A86
:108380004AF012DEDAF8382012F000671FD002F44B
:10839000E0604FEA102012F4000F8F4B02F07F01D3
:1083A000A0F1040008D001284FF0140000FB0133B5
:1083B00094BFDB689B680CE001284FF0140003D8E1
:1083C00000FB01335B6804E041435B5801E002F0CD
:1083D0007F0382490B6095F90330002B07DA23688D
:1083E000D3F88C30D3F8D8120131C3F8D812EB7817
:1083F00003F03003102B07D12368D3F88C30D3F867
:10840000E0120131C3F8E0129DF83C30002B40F03F
:108410008C802368D3F88C30FFB102F4E06012F452
:10842000000F4FEA10206C4902F07F02A0F1040017
:1084300008D001284FF0140000FB021294BFD2684C
:1084400092680CE001284FF0140003D800FB0212E0
:10845000526804E042438A5801E002F07F02162A83
:108460003AD00CD80B2A25D004D8022A16D0042AD8
:108470005BD119E00C2A23D0122A56D126E0302AEB
:108480003CD004D8182A2DD0242A4ED130E0602ABE
:1084900040D06C2A44D0482A47D135E0D3F8702226
:1084A0000132C3F8702240E0D3F874220132C3F8DD
:1084B00074223AE0D3F878220132C3F8782234E00B
:1084C000D3F87C220132C3F87C222EE0D3F880223C
:1084D0000132C3F8802228E0D3F884220132C3F8A5
:1084E000842222E0D3F888220132C3F888221CE0DB
:1084F000D3F88C220132C3F88C2216E0D3F89022F4
:108500000132C3F8902210E0D3F894220132C3F86C
:1085100094220AE0D3F898220132C3F8982204E0AA
:10852000D3F89C220132C3F89C2225994B6858034A
:1085300009D59DF83C3033B92EB9D4F8400104AACE
:1085400000F01CFD03E0204604AAFEF743FF049B55
:108550001A7CD10705D4259AD2F858110131C2F8F6
:1085600058111B7C13F0010F259B04D0D3F85C211C
:108570000132C3F85C21029AC3F8642128E0236821
:108580005A6BC2B19DF83C20AAB909991448CA8A0D
:10859000D3F8903002F00702825C1248845C58469F
:1085A0000C3403EBC4046368A56801336360FAF319
:1085B00031F64019A060584609990022FEF3B0F345
:1085C00006E0BDF82C3013F4407F7FF4B2AD7AE5BD
:1085D00027B0BDE8F08F00BF84188600A80802000D
:1085E000C4D2850098E085002DE9F047D0F82838FE
:1085F0000E690C46F218D0F804800A61898A054693
:10860000CB1A9BB2A382318A490707D5012B01D827
:1086100003680FE00232023B2261A382A38AD4F8EE
:108620001090072B2B6805D993F82F30B9F80670F6
:1086300033B907E0D3F88C305A6E01325A664DE0F8
:10864000402F4BD0738ADA0724D407F00C07BF10F1
:10865000022F00D0BFB909F11000FAF37DF118B96B
:1086600099F81030DB0706D52B68D3F88C305A6F99
:1086700001325A6732E02B68D3F88C30D3F8CC2122
:108680000132C3F8CC21D5F83C0128F09DDB022F44
:1086900014D10BE095F8CF31002B1FD0D5F83C0159
:1086A00031462246BDE8F04728F0D89B284641468F
:1086B00032462346BDE8F047FFF77EBB012F07D8BF
:1086C0002846414632462346BDE8F047FEF702BA47
:1086D0002B68D3F88C301A6F01321A674046214656
:1086E0000022BDE8F047FEF31BB32DE9F04790F8F8
:1086F000A03186B00446002B40F0EB800368187E62
:10870000002800F0E780012384F8A031206901F0FF
:1087100019FE2369054693F8EA2052B1DB6E40F258
:108720000440D3F820311840B0F5806018BF012014
:1087300002E0186E04F0FDFC08B100266DE0D4F8EC
:10874000680104214BF034DF20461EF027DA00B91F
:108750000135264604F12007D6F84C82B8F1000F07
:1087600057D098F80690B9F1000F52D140462FF03B
:10877000EDDF98F805302D18002B4AD023682046ED
:1087800093F831304146002B3CD0D8F8CC30DB0791
:1087900038D507F03BF823682D1893F89530002B57
:1087A00037D0D4F86C122046BC314CF0F7DF82464B
:1087B00078B3204651461EF00FDC9AF818309A071D
:1087C0001AD5022150464CF03BDC0822CDF800902F
:1087D000019298F81220D4F86C32D2F1010238BF1D
:1087E00000220292204641460B22BC33CDF80C9069
:1087F000CDF8109014F092D9D4F86C32012283F89D
:10880000F02006E036F03CDB2D184FF47A60FDF3E3
:10881000A3F70436BE429FD18FE7D4F8B42492194F
:10882000136B13B1506A98472D18343640F2AC439D
:108830009E42F2D194F8F1314BB1A068D4F8AC115A
:1088400006F00CDF00B90135002384F8F131204631
:10885000FAF77AFE236800211976236B4FF0FF3276
:108860004519186908F016FE204611F011DED4F8FB
:10887000786207E00023311D606801220093FAF35B
:10888000E1F23668002EF5D1236893F82F3083B1DA
:10889000264604F12007D6F84C1239B18B792BB15A
:1088A0000B791BB1204606F0B1FF2D180436BE42ED
:1088B000F1D1D4F87C0210B106F0E3FA2D1820694A
:1088C00001F0D9FD0023401984F8293084F8A03143
:1088D00000E0002006B0BDE8F0870000044B1A68F5
:1088E00022B1012280F89D2300221A60704700BF48
:1088F000D4080200F8B514461D46D2F8F030D278FC
:10890000B4F8566003EB4203B3F8BE20F643961961
:108910003605360DB4F85A300F467119994215DDF7
:108920006178994254D8A178002951D1013A1205B1
:10893000120D9E42A4F8562002D89D1BADB22DB94F
:1089400024480021324606F0C5FF0025B4F85A300D
:108950009E1BA378761BEB18A4F85A60A37035E031
:10896000E17807F11000FAF3EFF2436A024643F4AC
:1089700080634362E078D4F8F0105C3001EB400093
:10898000C6884FF0010E33051B0D0136C68003F07B
:108990003F0604EBD60006F007060EFA06F613852E
:1089A00090F844E0A4F8563046EA0E0680F8446099
:1089B000E378D1F82C01DFF820E003F00703866CA0
:1089C0001EF80330C06CB047013DADB2002DC7D1D9
:1089D000F8BD00BF21BE010090E085002DE9F04107
:1089E00092F8E53006461446D0F84051ABB12A461D
:1089F0000023D2F85012A14204D19433002245F84A
:108A0000232003E0013304320A2BF2D1706821469F
:108A1000F422BDE8F041FEF36BB182F8E4308B073D
:108A20003FD5B2F85430B2F85C802BE003F03F0140
:108A300004EBD10292F84CC001F007004CFA00F7A9
:108A400017F0010F1BD04FF0010E0EFA00FE92F846
:108A500044706FEA0E0E57FA00F05FFA8EFE0EEACF
:108A60000C0CC00782F84CC009D50EEA070782F843
:108A70004470611800220A71A278013AA270013391
:108A80001B051B0D4345D1D1D4F8F0206B68284657
:108A9000D158224624F0E2DF94F8E830013B84F814
:108AA000E830D4F8F0206B683046D158224625F0E3
:108AB000B9DDD6F8400121460022BDE8F04125F09D
:108AC000B39C000037B5044694F89D530068012D0F
:108AD00008D113F027DA022804DD002384F89D333F
:108AE000054B1D60217D94F928200091E37C03490A
:108AF000034806F0EFFE3EBDD4080200ECBD0100C5
:108B00005DBE01002DE9F0479688054617460468CA
:108B1000B2F80AA006F007064FF0000837E00B692C
:108B20006068B3F80090D5F878329A6E01329A6690
:108B30000122FEF3F5F0236893F8A130012B04D055
:108B400009F4C069B9F5C06F17E01821714301F548
:108B500020716B18DA885888904202D1695AD980FE
:108B600001E00132DA8008F1010801222046314695
:108B70001FFA88F821F038DFD0450AD02369022196
:108B800003EB8603D868134B9B6B9847014600297B
:108B9000C5D1236893F8A130012B05D0204631467A
:108BA00095F92C2021F020DFFB889A0709D4BDE835
:108BB000F087013D0120EDB2FDF3CEF515B9BDE81A
:108BC000F0870B25E368D3F87031DB07F1D5BDE8FA
:108BD000F08700BFE0A685002DE9F347D0F80080BC
:108BE000044601A9D8F800054CF074DA4FF0000AE9
:108BF00039E06B685A0336D56368002655F8039050
:108C00004F46D7F8F8304BB39A781979002A18BF35
:108C10004FF0010A19B100221A71DA701EE0EAB1B0
:108C2000DA780132D2B2DA706B6813F4807F14BF45
:108C3000618EA18E4FF06403B1FBF3F39A420BD324
:108C4000D4F878324046D3F8C42049460132C3F8FC
:108C5000C420324625F086DA4FF0010A0136F6B21A
:108C60000437082ECDD101A84CF03CDA0546002887
:108C7000BFD1BAF1000F06D1236884F8A3A3986886
:108C8000A16B06F0EBDCBDE8FC874368F7B5CD5877
:108C900006462F46002430462946224623F030DD82
:108CA000D7F8D8304BB11B78012B06D12522009282
:108CB00030462946224625F045DC22460134012370
:108CC00030462946E4B223F087DC0437082CE2D191
:108CD000326800230093506805F110010122FAF375
:108CE000B1F0FEBD10B5036804465B7E7BB9084950
:108CF000084806F0EFFD2046FFF7F7FC0449064858
:108D000006F0E8FD2046BDE81040FCF71CBB10BD96
:108D10000FBE0100A2BE0100B0BE01002DE9F04F60
:108D2000D0F8008087B0054605A9D8F800054CF0BA
:108D3000D1D900220392E5E0029A53685B0340F127
:108D4000E180D8F840314FF0000A5B68D658B14650
:108D5000D9F8F8300AF18C015FFA8AF706EB410284
:108D60001BB10023537006F8113016F8113083B18F
:108D7000002306F8113051780131C9B2022951702F
:108D800007D9537026220092284631463A4625F0EC
:108D9000D9DBD9F8D840002C00F0AC802378032B25
:108DA00000F2A880DFE803F09502607D2846314696
:108DB0002246012325F0F6DB94F8E7B0BBF1000F63
:108DC0001CD0BBF1010F11D1E17806F11000FAF3CC
:108DD000BBF0014650B1D8F800305A46D868FDF3D0
:108DE0009FF7D5F87832DA6B0132DA63002284F823
:108DF000E7202846214625F017DB7BE094F8E83091
:108E0000312B08D927230093284631463A460123BF
:108E100025F098DB6EE094F8E63023B184F8E6B0F4
:108E200084F8EBB066E0A37823B194F8EB3001331B
:108E300084F8EB3094F8EB30022B5BD1D5F8783224
:108E400028465A6E314601325A66272300933A4625
:108E5000012325F077DB0123284631463A4623F0EB
:108E6000BBDB0123039345E094F8E9305A1C032B44
:108E700084F8E92004D93046214623F07BDB39E031
:108E8000AA7CEB7C009295F82E202868019202992A
:108E90003A4625F08FDED5F878321A6D01321A6520
:108EA00028E094F8EA305A1C012B84F8EA2009D90A
:108EB000D5F8783228465A6E314601325A663A461B
:108EC000012303E0284631463A46002323F084DBA1
:108ED00010E094F8EC305A1C3B2B84F8EC2009D9B4
:108EE000284631463A46002324F014DE10B104230C
:108EF00080F8E9300AF1010ABAF1080F09F1040912
:108F00007FF426AF05A84CF0EDD8029000287FF43E
:108F100013AF039A094B12B11A68013200E0039AA9
:108F20001A601B68012B05DD4046FFF7DBFE034B93
:108F300000221A60002007B0BDE8F08FD8080200B8
:108F4000F8B505461746C1B14B685B0315D54368B4
:108F50000024CE583319D3F8D81059B137B191F84D
:108F6000E430012B02D1002381F8E43028460022AE
:108F700025F05ADA0434202CECD1F8BD2DE9F04369
:108F8000138C85B0082B04468946154692F822803A
:108F9000066801D0304620E04368CF5808F13E0310
:108FA000116857F82320DAB9AB699B8803F00303F3
:108FB000022B0FD111F8033C1B070BD5012308F13D
:108FC0008C0807F81830D0F87832D3F8B420013282
:108FD000C3F8B420304649462A46FEF7FBF912E1B1
:108FE000D9F80430D80315D4AB699B8803F0030388
:108FF000022B0FD111F8033C1B070BD508F18C0392
:10900000012007F81300D4F87832D3F8B400013007
:10901000C3F8B400AB699B8803F00303022BD4F8B8
:10902000783238D111F8030C00071ED5D3F89C0014
:109030000130C3F89C00D3F8A0000130C3F8A000B1
:1090400011F9030C002804DAD3F8AC000130C3F89E
:10905000AC0011F8031C01F03001102920D1D3F825
:10906000B0100131C3F8B0101AE011F805CC11F8B6
:10907000060C11F8041C4CEA0000014305D1D3F89A
:10908000A0100131C3F8A0100AE0D3F8A4100131F8
:10909000C3F8A41004E0D3F8A8100131C3F8A81055
:1090A000B5F87E10080740F09A80D38809099942E4
:1090B00023D10123C91809051371090DD180D9F8ED
:1090C000284009F11A01062202A8F8F355F73046A4
:1090D00049462A46FEF77EF9304602A922464CF060
:1090E00067DB002800F08F80484540F08C803046D8
:1090F0003946424625F0D2D885E001F00F09C91A59
:1091000009055378090D994205D209F1020352F875
:10911000231019B944E0B1F5006F0CD90022706832
:109120006969FDF3FDF5D4F87832D3F8C020013237
:10913000C3F8C02067E0C3F10103CB189BB23046EF
:109140003946424625F03ED808F13E0357F8233011
:109150006BB1696909F1020243F82210D5F8802049
:1091600009F1120943F829209A7801329A7042468F
:109170003046394625F092D8D4F87832D3F8C82052
:109180000132C3F8C82094F8A333002B3BD101234C
:1091900084F8A333B068A16B642206F017DA32E0DA
:1091A000696909F1120942F82310D5F8803042F8B4
:1091B000293093780133937094F8A3333BB901239A
:1091C00084F8A333B068A16B642206F0FFD9D4F809
:1091D0007832D3F8BC200132C3F8BC2013E07068A9
:1091E00069690022FDF39CF5D4F878322046D3F863
:1091F000DC2039460132C3F8DC20012300934246CB
:10920000002325F09FD905B0BDE8F08303681B68F3
:1092100019B1012283F8AA20704783F8AA10704779
:1092200070B5D0F8AC5302292B6808BF00F57574EF
:10923000D3F88C2018BF0024136C064650682269AE
:10924000C3189A1A2361A3699A4223780ED24BB9A4
:10925000E26863699A4205D301232370636801338E
:10926000636070BDE3680133E36070BD0022E260BB
:1092700013B3012904D12846032120F0CFDE19E0E1
:10928000022917D1A868D6F8D01306F0E7D9D6F886
:10929000CC337BB12B6893F87430012B07D028694D
:1092A000012134F00DD92B68012283F874200023AA
:1092B000C6F8CC330023237070BDD0F8AC037047E0
:1092C0002DE9F04FD0F8AC83D0F8B003CFB00790C1
:1092D000D8F868011D4683790F46924613B10421E0
:1092E0004BF066D9BB791BB13B79002B00F07E8136
:1092F000BAF80040B5F8009014F48044B5F802B014
:1093000040F06181BBF1010F40F0318176E0D4F88B
:10931000D830002B00F06A8195F803909DF86831F1
:109320004FEA991903B309F1A00358F82360DEB19D
:109330003369CBB1337ABBB1294603224AA8F8F38B
:109340001BF64AA806F1140132690330F8F314F64B
:1093500031694AA8033109AAFFF3FCF0589B281D84
:10936000191F09AAFFF326F107EB89035B6F002B96
:1093700033D01A6958982946143303F0C7DD60B317
:10938000B5F80490B5F806B0B9F1010F1DD1BBF1E5
:10939000030F1AD1AB7A102B17D1D4F8D80005F1EE
:1093A0000C01EA7A0230F8F3CBF5054668B920469D
:1093B000494697F948204CF0BBD884F8DE90204607
:1093C00049462A464CF0B4D80CE02046012197F9D2
:1093D00048204BF03FDE0F2504E00F254FF0030B34
:1093E0004FF00109D4F8D810079B4A78D8680232A8
:1093F000FDF37EF40023C4F8D830B9E03E6DFB6C79
:109400007D6DB6B10AE029460AF10A0006220693EC
:10941000F8F396F50635069B10B101349C42F2DB59
:10942000012E02D19C4228DB03E0022E01D19C4296
:1094300023DAB8F8823144F21D3293422DD00AD893
:1094400044F21632934228D044F21A32934224D086
:1094500044F213320DE044F22A3293421DD002D876
:1094600044F2213205E044F22D32934215D044F209
:109470005232934211D0002210E0002603238DE8DF
:109480004800404617210AF10A0233460296039625
:1094900001251AF00DDB344680E001220AF10A04AE
:1094A000214640464CF084D9014610B140464CF06C
:1094B00087D9214640464CF08BDA0446002800F05C
:1094C0008C8039464BF066DF6368DA0408D507996B
:1094D00091F83020002A40F0828023F480536360AA
:1094E000404621461DF078DDB9F1000F03D0B9F1F7
:1094F000010F76D112E0B7F95C3097F94820204689
:10950000012113B94CF014D801E04BF0A3DD267E05
:1095100016F0010666D0002635462EE0D4F8D810A5
:1095200041B1079B4A78D8680232FDF3E1F300238A
:10953000C4F8D830B7F86250002D52D10799C868E6
:109540008221FDF3C5F3064600284DD01023037099
:1095500080234370D8F80C30B3F85A2673190135BC
:10956000802D9A70F6D1C4F8D860002505E00E254C
:10957000BBF1030F3AD8002685B97CB1237EDB0707
:109580000CD54046394604220AF10A03009501959C
:10959000CDF808900395049513F0C0DA0BF10103A0
:1095A0000193002303939DF86431384605930AF133
:1095B0000A0107F1BC022346CDF8009002950496FB
:1095C0001EF0AADB12E040460AF10A014CF0E6D890
:1095D000044600287FF49BAE08E0064604E000261F
:1095E00002E000260D25D9E70125D7E74FB0BDE8F9
:1095F000F08F30B59DF810509DF8144004950594F7
:10960000BDE83040FFF75CBED0F8C0037047C0F83B
:10961000C0137047D0F8AC331B68DB6918690428A5
:10962000A8BF0420704770B5036B002580F8D058A0
:10963000D0F85C610446186907F0BAFF014630466D
:109640003CF074DC30B1204601212A46BDE8704070
:109650001AF0A29C70BDF0B504688BB005460021DD
:10966000E6681FF047DD284613F08CD9D4F8E436BD
:109670006BB1A068D4F8741505F0F0DF0023C4F8CE
:10968000E43694F8583523F0020384F85835D4F8BA
:109690005C013CF02BDC236993F8EA2062B1DB6EBD
:1096A00040F20440D3F820311840A0F5806CDCF182
:1096B000000040EB0C0006E0186E03F03AFDD0F11C
:1096C000010038BF002000283ED0204606F0ACF84C
:1096D000236BD4F85C71186907F06AFF01463846BD
:1096E0003CF024DC30B194F8D0281AB9204601218E
:1096F0001AF052DC284613F0DFDE4FF00043C6F8C4
:1097000088310F21206934F081D8206940F2FF317F
:1097100034F06AD8236B1B68022B04D1206994F8BB
:10972000431634F0CFD8204618F09EDE204618F0BD
:1097300067DC0AA9002341F8283D204669461CF051
:10974000F1DA20461FF046DE0BB0F0BD2DE9F04106
:109750000768044686B038460E46154698461DF002
:1097600045DB10B138461DF039DB0C9B38460293BF
:1097700000230393049321460B222B468DE84001DE
:1097800013F0CCD906B0BDE8F08100002DE9F04F10
:109790000468D0F8D8B2D0F8D01297B00546D0F807
:1097A000E8A2204607911FF09DDEDBF80010A068BC
:1097B00005F054DF284602212FF07ED8DBE1D4F8F3
:1097C000D826013352F82360B6F8328008F470438B
:1097D000A3F580514B4243EB01030E3354F8237041
:1097E00008F44063B3F5406F24D1236893F8463002
:1097F0009A0711D0D4F85C0179683BF07FDF03074A
:109800000AD497F8EC303BB13B68022B12D1D4F864
:10981000FC349B7898070DD54046F9F303F540F4E6
:1098200030639BB20E288CBF4FF480584FF4005821
:1098300048EA0308D4F85C0141463CF0AFDD00285B
:1098400000F09481708EF9F3EDF440F430601FFA6B
:1098500080F8708EF9F3E6F40E288CBF4FF4805137
:109860004FF4005148EA010128462EF0D9D80028CB
:1098700000F07C81D5F8E832002B74D0D3F8DC30CE
:10988000002B70D00023A5F85C3096F8AA004FF0AA
:109890000C0808FB00A0F2881C3002F08002D2F114
:1098A000010238BF002214A9F9F322F6BDF85010C6
:1098B000A5F8621096F8AA0013A908FB00A02030B2
:1098C000F9F374F6139B2BBB96F8AA30042208FB1D
:1098D00003A815A808F12401F8F34EF315A892493E
:1098E0000422F8F32DF348B996F8A930A3F1080241
:1098F000D2B2022A40F23A818DF8573015A813A946
:10990000F9F354F630B90C230090019396F83230F5
:10991000029306E1139B2046590744BF43F002031C
:109920001393139B81499A0744BF43F00103139398
:1099300013AB00930423019301230293AB6800222D
:109940000393134619F02CDD0723009300230193A2
:1099500096F8AA20204602920393049329461822DF
:10996000334613F0DBD8B6F86230D8060AD5AA6DB4
:1099700040F2371313402BB96D4B1B7813B900938A
:10998000012234E03046F8F3D7F718B100230093F2
:1099900002222CE02B6D002B2ED0236893F8303060
:1099A00063B129E0696D304649440622F8F3C8F2F4
:1099B00009F1060938B108F1010801E09946984615
:1099C000EB6C9845EED32B6D012B03D1EB6C9845D6
:1099D00006D311E0022B0FD1EB6C984504D20BE0BB
:1099E00000230093032202E000230093042201924B
:1099F00096F832200292B1E0236893F8953083B153
:109A0000D4F84C35012B09D1304604F5AA61062261
:109A1000F8F396F2002840F0A98002E0022B00F053
:109A2000A58096F93480B8F1000F11D1D4F85C010B
:109A3000718E3CF047DB58B10523CDF800800193CF
:109A400096F83230CDF80C800293CDF8108087E084
:109A5000B5F862305BB1AA6D40F23713134033B1F1
:109A60002046294632462EF0FDD900287ED13B689B
:109A700006F13800022B07D17A7D2AB9FF23009323
:109A8000019209A9012313E0236893F8463013F0EB
:109A9000030307D0D5F8CC3003F48053D3F101038E
:109AA00038BF0023FF228DE80C00002209A91346CD
:109AB00047F022DB236B503793F8EC1039B1718EED
:109AC00001F44061B1F5406F14BF142128213846DC
:109AD00047F0BADAD4F8603609A8394600229B78F4
:109AE00047F04CDA10B90090092318E09DF83820AF
:109AF00094F838379A4239D196F93430D3B9728E06
:109B0000204602F4704206F13801B2F5805F14BFBE
:109B1000022201222DF04ADF60B900900A2301934E
:109B20000290039004901BE024B801001773860094
:109B300094080200236893F830300BB32046314676
:109B40004BF02CDEE0B1037E990719D5436813F47E
:109B5000805315D10D220093019202930393049335
:109B6000204629461722334612F0D8DFD4F8DC36D7
:109B7000013BC4F8DC36D4F8DC36002B7FF41FAE92
:109B8000D4F8DC66F6B100228BF81E20D4F8DC365F
:109B9000D4F8D816581E013351F82330DBF80410DE
:109BA000C4F8DC06012909D00092019202920392C6
:109BB000049220462946202212F0B0DF284630F0D9
:109BC0007FDC29E00799EA7991F934304AB1012123
:109BD000D3F101032846324638BF00232EF054DB70
:109BE00009E00121D3F10103284638BF0023009288
:109BF00001922EF083DC95F91030022B03D1E86836
:109C000000214FF0AFDC94F87532284623F00403AE
:109C100084F875322EF020DC17B0BDE8F08F00BF5D
:109C20002DE9F04F056889B09A4600F5347393E842
:109C3000080303932B68044693F83F308B4616467F
:109C4000002B00F06881C379002B00F06481837CD5
:109C500005A813B104F1D60100E041460622F8F34D
:109C60008BF1002385F84A352B6893F844301BB1FB
:109C7000D5F8640138F0E4D92B6993F8EA2042B1B1
:109C8000DB6E40F20447D3F820311F40B7F5806700
:109C900003E0186E03F04DFA071C18BF0127C7B187
:109CA0000021204631F09ADC2046FFF7D4FCA37C4B
:109CB0002046D3F1010338BF00230093002105AAF9
:109CC0000823FFF743FD002120460A4634F054DF05
:109CD00024E1A37C002B00F08C80D4F8DC32D3F894
:109CE000901041B193F894206868FDF301F0D4F826
:109CF000DC32C3F89070D9F8083023B10D2B02D0B4
:109D000020462EF023DDD5F8680104214AF050DC0E
:109D100005A928464BF042DD00273946814684F8E4
:109D2000947020461EF0F8DE394620461BF0B6DE61
:109D30002046394612F0A8D8BBF1000F41D004F1FB
:109D4000BC00F8F309F600283BD12B6BB8F8327051
:109D5000186907F02DFC874233D1D5F85C01B8F8BB
:109D600032103CF033D930B9D5F85C01B8F8321074
:109D70003CF0A8D968B166B9D5F85C01B8F83210E2
:109D80003CF0D4D828B9012385F8D038B246654FC5
:109D900000E03746082305A90193284604F1C203D1
:109DA0000A46CDF800901EF01DD9034650B14FB1C0
:109DB0003946284652461AF0E1DA002808BF002743
:109DC00000E03746B9F1000F30D048460E214BF085
:109DD00037D92B6893F8443023B1D5F8640149464C
:109DE00038F042D9494628461DF0F6D84FF0000910
:109DF0001CE02B6893F8953083B1D5F8000507A9CE
:109E00004BF068D905E043689F0044BF23F000533E
:109E1000436007A84BF066D90028F4D14FF0010940
:109E200084F81290204619F03FD937462046002189
:109E300031F0D4DB05F500712846063121F06EDFE4
:109E40002B6893F83F3093B995F9472685F8423649
:109E5000013208BF85F8433628461BF03FDD2B68EA
:109E600093F84630980702D028461BF053DD04F1E2
:109E7000BC0B5846F8F370F5014630B9204605AAE8
:109E80000823CDF80090FFF761FC95F87232204668
:109E900033B9D5F86C329C4202D1FFF7DCFB04E009
:109EA00013F00ADB204612F06DDDD8F8641049B1DA
:109EB0006868B8F86820FCF31BF70023C8F8643022
:109EC000A8F86830022305AA0093284623460021FB
:109ED00019F0BEDB2046002119F08CDD204619F078
:109EE000F5DC284606F04CF81FB128460021524602
:109EF000B8479EB920463146324634F03DDE314601
:109F000006220398F8F39CF0584631460622F8F3EF
:109F100097F0304603E04FF0FF3000E0002009B03A
:109F2000BDE8F08F279600002DE9F04F062989B093
:109F300007460D4690469B469DF848A0D0F80090F5
:109F4000D0F8D86249D000292CD1BAF1000F03D142
:109F50004846394635F02ADE99F87242002C3DD049
:109F6000D9F8000507A94BF0B5D802E0237E9A077F
:109F700033D407A84BF0B6D804460028F6D150E0F9
:109F8000D9F83030186907F013FBD7F8D4325B8E5C
:109F9000834223D048462AF09FDAD9F834072AF0C2
:109FA000B9DE1BE0B368093B012B16D848461146C1
:109FB0004BF0F4DB10B10C214BF042D8022D0AD04B
:109FC000D9F80800316805F049DB052D05D84FF0B8
:109FD000C843AB4001D5012400E000248DE82008EF
:109FE000139B48460293336C39460393736CBAF162
:109FF000000F0CBF072209220493434612F08EDDA6
:10A000009CB1052D01D0022D07D1B27F337F9A423A
:10A0100003D2384630F054DA07E03846FFF7B6FB93
:10A0200003E07368032BABD1D8E709B0BDE8F08F2C
:10A0300070B5114686B0054616464BF0AFDB0446B8
:10A04000002824D090F8DF3023B128462146012291
:10A0500006F059FC20464BF027D9E3681BB128468F
:10A0600021463DF00BDF002303220093019202936F
:10A0700003930493284621690522334612F04EDDEE
:10A080002846214606B0BDE870404BF0999B06B0CB
:10A0900070BD0000004870474CCA0100004870477E
:10A0A0006CCB010010B506490446406EF8F390F4FD
:10A0B00028B9606E0349BDE81040F8F389B410BDBB
:10A0C0000DAA86000AAA860070B50C4605691646D8
:10A0D00008460A220021F7F3B3F763881E43EB6CAE
:10A0E0006680980603D5238843F480632380AB6F92
:10A0F00042F25002198C914205D15B8C052B9CBF1A
:10A1000046F00406668070BDD0F8EC1010B5044629
:10A1100031B100680C22FCF3EBF50023C4F8EC30FD
:10A1200010BD0121836F10B580F890100446586A65
:10A1300007F016F82046022131F0CEDDA3689868BA
:10A1400005F0D2DA002010BD00EB8103DB6F0A4678
:10A150008367836801F10E0153F82110196390F8A9
:10A16000EB305BB190F8E83043B94FF40051006E2A
:10A17000002A0CBF0A46002200F0549E70470000DF
:10A180002DE9F3470646884622B183681B68DB69E0
:10A190005F6B01E04FF0FF370025AA462C460AE02E
:10A1A000BAF1000F02D0CAF8040000E004460135FD
:10A1B000BD420AD28246DFF85C9006EB8802D9F8ED
:10A1C0006830D06898470028EAD130466A4601A92D
:10A1D00033F030DA06EB8802D9F86C30D068984753
:10A1E0000FE00023D4F8048021696360019B8B6138
:10A1F000B36F586A08F0B2FC2146B068FEF7F4F974
:10A200004446002CEDD1BD4234BF00200120BDE802
:10A21000FC8700BFE0A68500F8B50E460131044674
:10A2200003D1836F5E6A06B19E6994F8E9501DB947
:10A230002046294631F050DD206E00F053DF78B122
:10A240000027E319D86810B1254B9B68984704375D
:10A25000182FF6D1E3681BB12046002131F088DDCC
:10A2600094F8E82042B1A368002220460321DA6175
:10A27000BDE8F84032F0BC9E46F0040184F8EA20C4
:10A28000206E00F0DFDDA36F012184F8EA101BB11E
:10A29000586A08B106F05FFF204631F041DEE36EF8
:10A2A000206ED3F8E021012122F02002C3F8E02142
:10A2B000FBF372F60021204631F00EDD204632F02D
:10A2C00089DF2046012132F05DDBA3680022DA61DC
:10A2D0002DB920460221BDE8F84031F0FD9CF8BDC3
:10A2E000E0A68500836810B51A681B69D2F88C2037
:10A2F0000446D2F8B4100131C2F8B41093F8EA2041
:10A300005AB1DB6E40F20440D3F820311840A0F57A
:10A310008061484240EB010006E0186E02F009FF40
:10A32000D0F1010038BF002020B120464FF0FF31AE
:10A33000FFF772FFA06831F069DDA068BDE810404A
:10A340001CF0C29B38B5044690F8900000282BD032
:10A35000A3681B6993F8EA2052B1DB6E40F2044512
:10A36000D3F820311D40B5F5806518BF012503E005
:10A37000186E02F0DEFE0546A36815B100221A62CF
:10A380000CE0986805F0A6D92046294631F0A4DCF7
:10A3900094F8E83013B9204631F0BCDFA36F586A57
:10A3A000BDE8384006F048BF38BD10B504694FF429
:10A3B00040412046002232F01BDED4F8F83020461F
:10A3C0001B6913B131F0EAD901E031F0A3DFE16C90
:10A3D000206E11F0020118BF4FF400710A460023ED
:10A3E000BDE8104000F0CE9D38B5836804461B6878
:10A3F00093F82050FDB9012133F070DC206E02F09B
:10A400007CFD2046294631F067DC204631F082DFB2
:10A41000A068D0F848381B780BB131F0ADDDA36FE0
:10A42000586A06F08DFE002384F85E30A36801228E
:10A430001B6883F8202038BD38B50121044633F06D
:10A440004DDC206E02F059FD2046002131F044DC45
:10A45000204633F09FD8054630B12046002133F026
:10A460003DDC6FF0080038BD20464FF0FF31FFF7AC
:10A47000D3FE284638BD38B5044690F89000002831
:10A4800044D0A36F002184F89010586A06F068FE4B
:10A49000A3681B6993F8EA2052B1DB6E40F20445D1
:10A4A000D3F820311D40B5F5806518BF012503E0C4
:10A4B000186E02F03EFE05466DB10025A36F84F8CC
:10A4C000EB5084F8EA50586A294606F044FEA0682A
:10A4D00031F09CDC19E0206E00F004DE78B1E36E10
:10A4E000D3F82031D80702D5204633F027DAA36805
:10A4F0009868F8F7A3FD0546204633F00DDC94F884
:10A50000E81011B9204633F0E9DB284638BD0000D9
:10A5100070B5082986B004460E4600F3F4808368BF
:10A520007D491B685869F8F327F2082E1CD1236E69
:10A530009A69920002D5DA69D60708D5E26CD1078C
:10A5400008D5226D120605D4DB69DB0702D5636DE1
:10A550009E0003D4266D16F080060FD046B2022E60
:10A56000CCBF0526012600E046B1D4F8F8305B6880
:10A57000022B03DDA36D990040F1C8800A2203A8D5
:10A580000021F7F35DF5D4F8F83000221A8194F831
:10A59000905065B1E26ED2F8205105F0010546B940
:10A5A0001B68002B64D0204631F0B4DE60E0002E42
:10A5B0005DD0BDF80C20596842F010020229ADF8B8
:10A5C0000C20626D03D122F00052626526E042F059
:10A5D00000526265720701D414221A81226E9069BA
:10A5E000800002D5D069C00708D5E06CC0070AD545
:10A5F000206D000607D4D269D00704D51A8942F02D
:10A6000040021A810AE0042905D1BDF8102042F465
:10A610000052ADF8102000221A61DA605A68022A4E
:10A6200012D1E26C12F4804FBDF80E2008D042F433
:10A630008072ADF80E203022DA6020221A6103E029
:10A6400022F48072ADF80E201A8916F0020F14BFA2
:10A6500042F0010222F001021A811A8916F0040F59
:10A6600014BF42F0080222F008021A810AE03546BF
:10A67000BDF80C3023F01003ADF80C30636D23F0FF
:10A6800000536365D4F8F830616D1E60A36F586A9B
:10A6900007F039FA94F890301BB115B1204633F029
:10A6A0004DD90226BDF80C3020460021102200961C
:10A6B00032F0B0DCBDF80E30204601214FF480723C
:10A6C000009632F0A7DCBDF81030204631464FF43A
:10A6D0000052009632F09EDC204631F0BBDA94F84E
:10A6E0009000B8B1A36F1B68B34206D1D4F8F8301C
:10A6F0001B6813B1204631F051D855B1204632F0D5
:10A7000077D9002006E06FF0010003E06FF002004F
:10A7100000E0284606B070BDC65C8600F7B58568C7
:10A72000C66E2B680446DB6906271B6A6946C5F8B6
:10A73000AC38304B3A46186800909B88606CADF896
:10A7400004302D4B07FB00301838F7F315F40423C1
:10A75000C5F8AC38032385F8A938A06820F076DB6B
:10A7600020B1D5F8AC78BF000137BFB2D4F8B8300B
:10A770000022995C380A791889B20139FDB245EA9C
:10A78000012500F0010001F4807108436FEA426185
:10A790006FEA5141A6F84015A6F82055A6F82C05F9
:10A7A000A6F84015995C01327F18062ABFB2E0D1A5
:10A7B000204698215A7833F04DDAD4F8B830204644
:10A7C0009A219A7833F046DAD4F8B8302046DA780D
:10A7D0001B789C2143EA022233F03CDAD4F8B830EB
:10A7E00020465A791B799E2143EA022233F032DA5D
:10A7F000FEBD00BF50B8010024FF0100F0B50469A0
:10A80000064685B02046922132F00ADF400080B231
:10A81000A6F8420050B300250F216846144A2B4683
:10A82000F7F352F4606E6946F8F3D2F060B169460E
:10A83000606EB6F84270F8F39FF007EB450782B2FE
:10A840003946204633F006DA0135772DE4D1606EC3
:10A850000849F8F3BDF048B1606E0649D4F8F850E5
:10A86000F8F38AF02881204631F0F4D905B0F0BD24
:10A87000AEAC8600177C8600816F10B508310446A7
:10A8800031F0F4DCFFF706FC01462046BDE810403D
:10A8900031F0CC9C10B5836F064A1C6A40F2EE235F
:10A8A0009421944214BF1A464FF41662BDE810403A
:10A8B00033F0D0995020080073B50469054620464E
:10A8C0000E46FFF7D9FFA36F3146586A07F0A0FA8A
:10A8D0002B68012283F87420204631F0FFDBA36F40
:10A8E0002046998A32F092DFA36F2046D98A32F04F
:10A8F0007BDF204694F8861031F080D9A36F204684
:10A9000052219A8B33F0A6D9A36F5021DA8B2046BF
:10A9100033F0A0D9204631F003DC2046FFF7BAFF20
:10A9200003230093204604210822002332F072DB27
:10A93000204602B0BDE8704030F0309F2DE9F04174
:10A94000174604460D46BDF818209DF81C60984631
:10A950003BB183680C31DB6A03EB410399887118C2
:10A9600099804FF6FF739A4203D02046A82133F016
:10A9700071D904EB8503D868094B394642465B6AB6
:10A98000984700280ADAB8F1000F07D0A3680C3501
:10A99000DB6A03EB4505AB889E1BAE80BDE8F0810A
:10A9A000E0A685002DE9F041046986B04FF0FF3143
:10A9B000A14A06462046E56E32F01ADBD4F8F8309C
:10A9C00020461968FFF7A4FDA36D2BB10323A5F85A
:10A9D000B436FF23A5F8B836E36CDB0724D5974BD4
:10A9E0001A680ABB01211960236D206E1F0603D56A
:10A9F000032102F0ECFA17E002F0E9FA236D9A0065
:10AA000012D42046922132F00BDE4700BFB25FB174
:10AA1000CE373946204632F003DE40F04002394658
:10AA2000204692B233F016D94FF0FF31C5F8281105
:10AA30002046834A32F0DCDA824F02E00A20FBF340
:10AA40008BF6D5F82831DB0701D4013FF6D130462B
:10AA5000D5F82831FFF7A9FCD4F8F4302BB9236ED0
:10AA60009A6A40F294539A4213D1206E764A836BCD
:10AA70009A18012A07D94AF6E602934203D04AF609
:10AA8000E502934205D1082300212822009300F01B
:10AA9000FDD900210A46206E00F0DCD9FFF7FEFA4E
:10AAA0000146204631F0C2DB2046FFF737FE4FF467
:10AAB0008033009320460623982103AA31F0F6DE66
:10AAC000336893F83830CBB1304620F0BFD9012835
:10AAD00014D100270597B8460BE04FF4C02300932C
:10AAE0003946204605AA042331F006DF08F10108A3
:10AAF00024373368DB691B6A9845EED320468021F2
:10AB0000082233F0A7D820465C210A2233F0A2D8CD
:10AB10004FF080734D4AC5F8003120464C4932F061
:10AB200067DA4FF00043C5F888314FF00073C5F87D
:10AB30008C314FF48043C5F828314FF480336B6279
:10AB40000121204632F042DA206E02F0D7F91621B8
:10AB50003083B4F84420A5F8A806204633F07AD80C
:10AB60002046C021B4F8542033F074D82046C221C6
:10AB7000B4F8562033F06ED8364B2046C5F8603115
:10AB8000D5F86031B4F888304421C5F86431324BCF
:10AB9000B4F88C20C5F86031D5F86031B4F88A304B
:10ABA000C5F8643133F056D820464621B4F88E20DB
:10ABB00033F050D8B5F888361B051B0DA5F888363C
:10ABC0000123A5F89C360025B5646319D86810B137
:10ABD000224B5B6898470435182DF6D11F4DE0686D
:10ABE0002B6D9847EB6EE06898473046FFF706FEFE
:10ABF000236E9A6B4AF662139A421AD1E36CD80715
:10AC000017D5236D190614D49A0012D42046922128
:10AC100032F006DD4500ADB25DB1CE3529462046A5
:10AC200032F0FEDC40F040022946204692B233F07A
:10AC300011D806B0BDE8F08104040004DC0802006D
:10AC400002040204A18601001D57FFFF000002401C
:10AC5000000006400600020007000200E0A6850092
:10AC60002DE9F84390F8E96004460F46914685685F
:10AC700016B9314631F030D8A86804F02BDD07F45E
:10AC80007041A1F58052514241EB020180462046BD
:10AC9000FFF75AFAA36F3946586A06F086FCA36F8D
:10ACA000586A06F062FA2846FFF77CFEB9F1000FF9
:10ACB00004D0012120460A4632F008DA28463946F7
:10ACC000FFF7FAFDA868414604F018DDD4F8D43047
:10ACD00043F00403C4F8D4300123C4F8D0302EB9B3
:10ACE00020460221BDE8F84330F0F69FBDE8F88326
:10ACF000D1F8CC3073B543F40053C1F8CC300546DD
:10AD00000C4634F03FDC0646002840F08480B5F85D
:10AD1000823144F2213293421FD044F213329342E3
:10AD20001BD044F21A32934217D044F22A32934293
:10AD300013D044F2163293420FD044F21D329342A4
:10AD40000BD044F22D32934207D044F25232934258
:10AD500003D0AB6B5B7D002B58D02B6B93F8EC30A2
:10AD600043B1B5F8263603F44063B3F5406F14BF22
:10AD7000142328232A6892F8462012F0030207D0F1
:10AD8000D4F8CC2002F48052D2F1010238BF002264
:10AD9000009228462146022233F086DD064600282E
:10ADA00039D1D4F8F01229B1D5F84C0144F074DB54
:10ADB000C4F8F062D5F84C01214644F03FDBC4F8FA
:10ADC000F002002825D0A379BBB194F8F532312BDD
:10ADD0000ED82B681B7E2BB1284694F8F4120F4A2C
:10ADE0001EF024DBD5F84C0194F8F41244F06ADA32
:10ADF00094F8F53284F8F4320DE0D5F84C0104F5FE
:10AE00003D7102B0BDE8704044F0209A6FF00B062F
:10AE100001E06FF01A06304602B070BD329E850028
:10AE20002DE9F041054634F0ABDC2E46804605F1B5
:10AE30002007D6F84C426CB1A3795BB1444509D0E8
:10AE400063791BB12846214634F01AD8284621469A
:10AE500034F0F2DA0436BE42EBD1BDE8F0812DE9E0
:10AE6000F3470A9E80460F4691461D46DDF82CA00A
:10AE7000D0F8B84023E063681AEA030F1ED0DB0560
:10AE800007D504F10A01227A637A284600913146F7
:10AE90000DE02FB14046494604F10802B84748B1D9
:10AEA00004F10A02637A284600923146DD2221F03D
:10AEB0006DD900E028462D1A761905462468002C25
:10AEC000D9D12846BDE8FC872DE9F04FD1F8D4321E
:10AED00087B0B3F832B08B7905460E46D0F80C80B7
:10AEE000D0F84C91002B00F09F804FF0000A5446A0
:10AEF00005EB0A03D3F84C727FB1BB796BB9FB79D0
:10AF00005BB1D7F8D432588EF8F38CF1044658462A
:10AF1000F8F388F184423C4606D10AF1040ABAF1FA
:10AF2000200FE5D1002C7FD0D4F8D432588EF8F31E
:10AF300079F107465846F8F375F1874205D0D4F801
:10AF4000D422D6F8D432D28DDA85284604A905AAAF
:10AF50001BF010D92146D5F84C0144F067D91827C9
:10AF60004743D5F84C0107F13A0144F049DE38B9BE
:10AF7000059A049B484621468DE80C0004F022F80F
:10AF8000D5F84C0107F1400144F03ADED4F8D43250
:10AF90000499DD8D4001AD02CD42029003D3A84259
:10AFA0000AD300E0104621F07F4323F46003984267
:10AFB00000EB0502F6D3029003AA02AB059805F058
:10AFC00042FC20461AF06CDB02A90346002203A8CB
:10AFD0001FF074DFD6F8D4326D08DC8D03A82B4641
:10AFE000A40202A900221FF083DF0126234601E00C
:10AFF00001361B19AB42FBD303A802A900221FF0A4
:10B0000077DF029B05A804A9039A1FF071DF049B58
:10B010000136C8F88031059BC8F88431A301744318
:10B02000C8F88831C8F88C4107B0BDE8F08F00201F
:10B030001060704705F070BD08B505F053FDC0B253
:10B0400008BD0846114605F0B7BD00002DE9F84FD0
:10B0500005460F464668002110461446C922F6F3FD
:10B06000EFF7284639463BF099D970B996F8503732
:10B07000002B01F0318006F5AA6130460E313AF01E
:10B08000E7DB804618B9BDE8F88FD5F81080FDB22F
:10B0900007F47047A7F5805EDEF1000798F800001E
:10B0A00047EB0E0705F078FC0E3756F8277006467A
:10B0B00098F8020005F088FC96F811C003461CF0D1
:10B0C000010C97F8041102D04FFA81FC04E049B258
:10B0D0001829C8BFA1F1180C974A964206D0974A82
:10B0E000964206D0964A964205D102E05220582256
:10B0F00003E0582000E07F2002463968022969D128
:10B10000012D04D90A2D8CBF0221012100E000216C
:10B11000DFF840827118464591F9061002D10B2DD7
:10B1200012D147E0DFF83082464503D10E2D08BF2B
:10B13000362144E0DFF82482464503D0DFF8208240
:10B14000464505D10B2D37D00E2D08BF402136E0E6
:10B15000DFF81082464503D10E2D08BF2A212EE0CC
:10B16000DFF80482464505D1022D27D00A2D08BFFD
:10B17000542124E0DFF8F481464503D10A2D08BFAD
:10B1800050211CE0DFF8E881464503D10E2D08BFB1
:10B19000282114E0DFF8DC81464503D10B2D08BFE0
:10B1A0003E210CE0DFF8D081464508D10C2D08BFC8
:10B1B000442104E04C2102E0402100E05821CCEB86
:10B1C000010121EAE1719142A8BF1146217061702D
:10B1D000A170E1705B4A964208D05B4A964205D066
:10B1E0005A4A964202D05A4A964208D197F904C167
:10B1F000BCF1180FCCBFACF1180C4FF0000C396843
:10B20000022940F04481012D04D90A2D8CBF05226A
:10B21000042200E00322DFF83C81B218464592F98F
:10B22000062003D10B2D08BF42224FE1DFF84C81ED
:10B23000464506D1022D00F03E810A2D08BF4A2264
:10B2400044E1DFF81481464503D10B2D08BF4622A7
:10B250003CE1DFF80881464503D0DFF8048146452C
:10B2600003D10B2D08BF402230E1DFF814814645A1
:10B2700003D0DFF81081464503D10D2D08BF2E22E3
:10B2800024E1DFF80481464506D10B2D00F0C8808B
:10B290000D2D08BF402219E1DFF8B080464500F0CF
:10B2A0009780DFF8C080464503D10B2D08BF3E22B2
:10B2B0000CE1DFF8B48046451DD0DFF8B08046458C
:10B2C00006D1022D00F0F9800A2D08BF4C22FDE0C6
:10B2D000DFF8B880464506D1022D00F0F0800A2D37
:10B2E00008BF4822F2E0DFF8A880464503D0DFF827
:10B2F000A480464506D1022D00F0E3800A2D08BF48
:10B300005022E3E0DFF8908046450CD1022D00F09A
:10B31000DC800A2D00F0D980032D00F0D480092DA7
:10B3200008BF4622D2E0DFF87480464538D10A2DA6
:10B3300008BF4222CAE000BFBC108600F0108600A1
:10B3400024118600340D86005C0D86008011860075
:10B35000FC0D86004009860050C00100BC0C860030
:10B36000D00C8600700D86007C098600900986004E
:10B37000840D8600ECC00100C4C20100B0C201000F
:10B38000E40C86000C0D860010C80100CC09860074
:10B39000A4098600B8098600F40986001809860009
:10B3A000DFF8B884464505D1A5F10C06012E98BFFB
:10B3B0003C228BE0DFF8A884464503D10B2D88BFE3
:10B3C000402283E0DFF89C84464505D10C2D7CD0DB
:10B3D0000D2D08BF382279E0DFF88C84464505D171
:10B3E000022D72D00A2D08BF3C226FE0DFF87C846A
:10B3F000464503D10B2D08BF382267E0DFF8708483
:10B40000464503D10B2D08BF32225FE0DFF864848C
:10B41000464507D10B2D03D00C2D08BF4A2255E01D
:10B42000382253E0DFF85084464505D10C2D4AD030
:10B430000D2D08BF3A2249E0DFF84084464505D18A
:10B44000A5F10B06012E98BF4A223FE0DFF83084B9
:10B45000464503D10B2D08BF3C2237E0DFF824849A
:10B46000464505D10C2D28D00D2D08BF44222DE0D6
:10B47000DFF81484464529D16E1E0D2E26D8DFF83C
:10B480000C8418F80660002E18BF32461EE0332DDB
:10B4900008D93D2D08D9632D08D9942D8CBF0422DD
:10B4A000032204E0002202E0012200E00222B6189A
:10B4B00096F906200AE04A2208E04C2206E04822DB
:10B4C00004E0502202E0462200E04022CCEB0202DF
:10B4D00022EAE2728242A8BF0246022903D1217801
:10B4E0008A42A8BF0A4622716271A271E271227279
:10B4F0006272A272E272A446214600200026013048
:10B5000081F834600A7381F83C6001310828F5D174
:10B51000187F97F8042110F0010001D050B204E028
:10B5200052B2182AC8BFA2F118003A68022A01D103
:10B530006E1E0FE0332D08D93D2D08D9632D08D993
:10B54000942D8CBF0426032604E0002602E0012689
:10B5500000E002269A579E1996F90E10964EB342B5
:10B5600005D1A5F16406022E98BF3E2106E0934E58
:10B57000B34203D1642D08BF382208E0904EB34295
:10B5800005D1A5F16406022E98BF3E2102E08D4E42
:10B59000B3420ED08C4EB3420BD08C4EB34208D087
:10B5A0008B4EB34205D08B4EB34202D08A4EB3428B
:10B5B00017D1A5F16806242E13D8844A93420ED0E1
:10B5C000834A93420BD0844A934208D07E4A9342E6
:10B5D00011D0804A93420ED04A21442201E04A21F0
:10B5E00042227E4EB3420BD1A5F16806202E05D92A
:10B5F0008C2D20D10FE044210A4601E04021442255
:10B60000774EB3420CD1642D08D0A5F168060C2EFC
:10B6100040F258852EE036210A4601E034214022CE
:10B62000704EB34207D1A5F16406102E98BF422197
:10B6300098BF52221EE06C4EB3421BD1A5F16406A6
:10B64000082E98BF3021A5F16E0698BF3422162E21
:10B6500098BF4621A5F18606022E05D98C2D08BF7C
:10B66000482108BF362200E03E21A5F195060F2EA5
:10B6700098BF44225D4EB342B34612D1A5F16E0687
:10B68000162EA5F1860698BF442198BF3A22022EB5
:10B6900005D98C2D08BF482108BF362201E03E2184
:10B6A0003A22534EB34202D0524EB34204D1A5F1D6
:10B6B0008406082E98BF2C224F4EB34202D1262D6D
:10B6C00008BF2C21121A081A22EAE27220EAE0705E
:10B6D000214600270E7901370131CE740026082F4C
:10B6E00081F84360F6D1214601360A7781F84C0093
:10B6F0000131082EF8D1414FBB4200F0F48040499F
:10B700008B4200F0F0803F498B4200F0EC803E49D4
:10B710008B4200F0E8803D498B4200F0E4803C49D8
:10B720008B4200F0B5803B498B4200F0DC803A4907
:10B730008B4200F0D88039498B4200F0D4803849E0
:10B740008B4200F0D08037498B4200F0CC803649E4
:10B750008B4200F0C88035498B4200F0C4803449E8
:10B760008B4200F0C08033498B4200F0BC803249EC
:10B770008B4200F0B88031498B4200F0B4803049F0
:10B780008B4200F0B0802F498B4200F0AC802E49F4
:10B790008B4200F0A8802D498B4200F0A4802C49F8
:10B7A0008B4200F0A0802B498B4200F09C802A49FC
:10B7B0008B4240F0D18096E0B50886006FC701004B
:10B7C000D2088600DC0586002E0586004B05860023
:10B7D000680586008505860033068600F905860023
:10B7E0006D0686008A068600A2058600BF058600D3
:10B7F0002C078600F404860040C601007E0A8600FD
:10B800009B0A8600B80A8600F20A8600BD0B8600F5
:10B81000980E860064C001009BC40100BBC00100FB
:10B8200090C2010031C3010014C30100630F860000
:10B8300014108600B50E860051C101006EC10100D2
:10B840001CC2010039C20100E2C10100FFC10100B8
:10B8500056C2010073C20100880C8600840D860068
:10B86000980D86003811860068098600ECC001003A
:10B87000D8C0010020C10100C4C2010028C50100D8
:10B88000D8C20100ECC2010024C80100F80C02007B
:10B89000032D0DD02A1F042A0CD9092D00F016847F
:10B8A000A5F10C02012A94BF2C22402200201DE0A9
:10B8B0003C2000E04020974A934240F00884032D4A
:10B8C0000DD02A1F042A0CD9092D00F00284A5F1FD
:10B8D0000C02012A94BF2C224022002011E03620C5
:10B8E000F5E3402002468C498B4202D08B498B42C3
:10B8F00007D1EA1E082A02D90020402201E0402098
:10B90000024687498B421ED1A5F124010C290FD98B
:10B91000A5F1340108290ED9A5F1640102290DD938
:10B92000A5F1680120290CD98C2D08BF32220AE02C
:10B930003020382207E04420024604E03E20342232
:10B9400001E04A2044222146002601360A7581F88A
:10B9500044000131082EF8D121464FF0000800269E
:10B9600008F1010881F8246081F854600131B8F1D0
:10B97000080FF4D12146013681F82C2081F85C00B3
:10B980000131082EF7D1BB4284F8640007D0654925
:10B990008B4217D064498B4240F0AA8025E0012DEC
:10B9A00050D0022D49D0032D55D0291F04293CD950
:10B9B000092D3ED00A2D40D000210B2D0E460F46FA
:10B9C00073D142E0012D3DD0022D4ED0032D3ED04B
:10B9D000291F04293FD9092D42D00A2D45D0002125
:10B9E0000B2D0E460F4660D144E0012D44D0022DB0
:10B9F00055D0E91E05290ED8032D42D0042D44D080
:10BA0000082D0CBF38213A210CBF362638260CBF32
:10BA1000322734273CE0092D3CD00A2D3FD00021AD
:10BA20000B2D0E460F4640D13EE03E213C263827E6
:10BA300014E036213426302710E000210E460F4650
:10BA4000402232E000210E460F4638222DE03821F8
:10BA50003626322702E03A21382634274C2224E0C9
:10BA60003621342630274A221FE000210E460F4699
:10BA70003E221AE0362218E000210E460F462C2204
:10BA800013E02E212C26282702E0382136263227E3
:10BA900044220AE030212E262A27422205E00021F6
:10BAA0000E460F463C2200E02A22A1464FF0000835
:10BAB000B8F1040F8CBFB246BA4608F10108B8F1DC
:10BAC000080F89F81C2089F84CA009F10109EFD171
:10BAD0009246A0460027032F8CBF8946B146013706
:10BAE000082F88F82CA088F85C9008F10108F2D1A2
:10BAF0000E498B4206D00E498B421DD00D498B4218
:10BB00007AD125E0032D32D0092D30D0291F042908
:10BB100031D928E0EF0E8600630F860014108600EE
:10BB2000DC0586009B0A8600F20A8600D50A86009C
:10BB3000A00B8600DA0B8600032D1ED0042D24D026
:10BB4000691F02291DD9082D1FD0092D0BD120E016
:10BB5000032D22D0042D23D0691F022924D9082DBA
:10BB600026D0092D27D000210E460F4626E02E2193
:10BB70002C26282722E036211BE048214626422792
:10BB80001CE0522150264C2718E04C214A2646271B
:10BB900014E0442142263E2710E0322130260CE0FA
:10BBA00034213226302709E03A213626322705E0B3
:10BBB00038213426F6E7362132262E27A1464FF0CB
:10BBC0000008B8F1040F8CBFB246BA4608F101086C
:10BBD000B8F1080F89F84CA009F10109F1D1A0468C
:10BBE0000027032F8CBF8946B1460137082F88F8FC
:10BBF0005C9008F10108F4D191498B422ED1032DBC
:10BC00000DD0291F042905D9092D08D000210E4681
:10BC1000884608E03E213C264FF0380803E03A21F0
:10BC200038264FF03408A1460027042F8CBFB246B7
:10BC3000C2460137082F89F84CA009F10109F4D157
:10BC4000A0460027032F8CBF8946B1460137082F35
:10BC500088F85C9008F10108F4D12DE079498B4215
:10BC600027D1A5F124020C2A0ED9A5F134020C2A01
:10BC70000DD9A5F16402282A0CD9A5F19502102A44
:10BC80000BD9002002460AE03420382207E0342095
:10BC90003A2204E040203C2201E04820462221468E
:10BCA000002601360A7581F844000131082EF8D1CA
:10BCB00005E065498B4252D064498B4275D0644996
:10BCC0008B4272D063498B426FD063498B426CD0F8
:10BCD00062498B4269D062498B4266D061498B428E
:10BCE00063D061498B4260D060498B425DD060492E
:10BCF0008B425AD05F498B4257D05F498B4254D018
:10BD00005E498B4251D05E498B424ED05D498B4299
:10BD10004BD05D498B4248D05C498B4245D05C4951
:10BD20008B4242D05B498B423FD05B498B423CD037
:10BD30005A498B4239D05A498B4236D059498B42A5
:10BD400033D059498B4230D058498B422DD0584975
:10BD50008B422AD057498B4240F0B8801DE0A5F1B4
:10BD60002402082A59D9A5F12E02022A63D9A5F185
:10BD70003402082A54D9A5F13E02022A53D9A5F16A
:10BD80006402082A52D9A5F16E021E2A50D9A5F1E3
:10BD90009502102A4FD9002040E0A5F124010C297A
:10BDA00098BF342098BF382287E03B498B4203D1AB
:10BDB000642D08BF382280E039498B4203D1242DFD
:10BDC00008BF382279E037498B4203D18C2D08BF58
:10BDD0003A2272E035498B4205D1642D2ED08C2D4C
:10BDE00008BF482269E022498B4205D1A5F195019F
:10BDF000102998BF3C2260E01F498B425DD1A5F11C
:10BE000024010C2958D9A5F134010C2954D9A5F1E4
:10BE10006401282998BF3C224FE0382002464CE0BC
:10BE20004020382249E03820342246E0382003E020
:10BE30004020322241E0402044223EE048223CE0C3
:10BE40004E0C860011058600F90586005DC60100CE
:10BE50007AC60100BDC7010035C701007EC40100DC
:10BE600027C40100C5C1010008C5010000C10100CF
:10BE70000AC4010081C00100A0C7010061C4010023
:10BE800097C6010044C4010033C00100D0C30100C3
:10BE90006FC701009EC00100F0C701008BC1010007
:10BEA000A8C1010052C70100EDC301004EC301004B
:10BEB0006BC30100160686003C222146002601368F
:10BEC0000A7581F844000131082EF8D1834A934263
:10BED0000BD0834A934208D0824A934205D0824ACB
:10BEE000934202D0814A934271D1A5F12402082ADB
:10BEF0000AD87E4A934203D034225B4501D150E0F8
:10BF00003A224FF0380B58E0A5F12E02022A09D848
:10BF10005B4514BF4222402214BF4FF0380B4FF054
:10BF2000340B4AE0A5F13402082A3CD9A5F13E02BF
:10BF3000022A06D85B4514BF34222C224FF03A0B5C
:10BF40003BE0A5F16402082A07D83E225B4514BFF6
:10BF50004FF0440B4FF03A0B2FE0A5F16E021E2A72
:10BF60001AD8A5F18602022A08D8604A934200F046
:10BF7000A5805B450CBF3C224822A0E08C2D14D14B
:10BF80005A4A93424FF0480211D05B450CBF4FF024
:10BF90003C0B4FF0440B10E0A5F19502102A09D993
:10BFA0000022934609E0442205E0482287E04FF052
:10BFB0003C0B02E04A224FF0460B214600200130A4
:10BFC00081F814B081F8442001310828F7D1484A9B
:10BFD000934205D0474A934202D0224600231EE0F6
:10BFE000A5F124030C2B0DD9A5F134030C2B0BD98F
:10BFF000A5F16403282B07D9953D102D94BF40254A
:10C00000002502E0382500E04025234600220132C9
:10C010001D7583F844500133082AF8D1DDE7E11893
:10C0200091F83C0018B992F84C0081F83C003BB9FB
:10C0300094F83D301BB992F84C3084F83D30012320
:10C0400001330132072BEAD92346002293F844102A
:10C0500019B993F84C1083F8441001320133082ABF
:10C06000F4D122460023E11891F8340018B992F86F
:10C07000440081F834003BB994F835301BB992F88C
:10C08000443084F83530012301330132072BEAD9DB
:10C0900000239CF824201AB99CF81C208CF824203A
:10C0A0009CF854201AB99CF84C208CF85420013389
:10C0B000082B0CF1010CECD1BDE8F88F44224FF0B5
:10C0C000440B7AE73C214022FFF7B5BA38204022E2
:10C0D00009E43420402209E4BDE8F88F4B058600CE
:10C0E000680586008505860033068600A205860061
:10C0F000A7068600500686002DE9F0414C691669B6
:10C100002368958A002B184601DAE81830D4626853
:10C110008318AB422CD88B6802F10807E719301856
:10C120006BB909E0E51895F808C0C55CFE5C0CEA3F
:10C130000505AE421CD101339342F3DB11E0012B24
:10C1400016D1AD1A76190FE0E51895F80880C55C90
:10C1500017F803C008EA0505AC4504D10133934242
:10C16000F2DB012005E00130B04201D80023F6E700
:10C1700000200B7B0BB180F00100BDE8F08103686B
:10C1800070B504465868A36A0D46164623B9902137
:10C19000FAF39EF5A06280B1A06A01230360AB8A26
:10C1A00080222969C26083604660934238BF1A4684
:10C1B0001030BDE87040F5F3DFB670BD68468369A6
:10C1C000416920300BB5203803695A4651460EB4F8
:10C1D0004A46414606B4C36882684168FEB40368B3
:10C1E000C269EFF303810EB48269EFF3058106B4EF
:10C1F000034801680029FED06846884714B000BD96
:10C20000A4C200000A49084202D062B6C9430840ED
:10C210000849084202D061B6C943084006490840AF
:10C22000002803D005490A6802430A6070470000ED
:10C230000000008000000040FFFF000000E100E07F
:10C240000A49084202D072B6C94308400849084268
:10C2500002D071B6C943084006490840002804D0FE
:10C2600005490A68C04302400A6070470000008028
:10C2700000000040FFFF000080E100E00249096883
:10C280009022885870470000B0C200000249096837
:10C290009C22885070470000B0C20000DDBAADBBE0
:10C2A000000000000000000000000000000000008E
:10C2B000000000000000000000000000000000007E
:10C2C000024A11681060081C70470000A4C20000F8
:10C2D000024A11681060081C70470000A8C20000E4
:10C2E00003490860034801680029FED08847FEE73B
:10C2F0009CC20000A8C200006348644900220A50A2
:10C300000168634A0A40634F0F403F4232D1002325
:10C3100098469A46604A0A401821CA405F494358E5
:10C320005F4C1C405F4DAC4204D180465E4D4519C8
:10C33000A9460EE05D4DAC420BD182465A4D4519DF
:10C34000AB460F241D1C2340594C25402D0A2B437E
:10C350009C460023984501D09A4504D1554BC018FE
:10C36000013ADCD105E05046004202D0404600428E
:10C3700029D1FEE7FC2141580A680F2313400F2BF7
:10C38000F1D0012B01D00431F6E708314A4B1340BC
:10C390004A4CA34206D100F0BBF8804600F0C4F836
:10C3A0008146E9E7464CA342E6D10B1F1B68454C8A
:10C3B00023401824E3409C4600F0AAF8824600F08F
:10C3C000B3F88346D8E74049212242502E4A3F49DC
:10C3D0008958FF23194219D051683D4B194215D095
:10C3E00011683C4B1940D36A10E0A3420ED0C046FE
:10C3F0000CE039498958194208D038498958194000
:10C400009942FAD12B4B11691942FCD049463F425F
:10C4100004D19823CB581024E34001E0304BCB5893
:10C420001C242340002B01D000F08CF840462D49FD
:10C43000086048462C49086050462C490860604610
:10C440002B4908602B490F602B4D2C490D60043D92
:10C45000AD46009DEC431023DD41AC4201D081B0DC
:10C4600009E0240CA400264D2C606B461B1B254DB7
:10C470002B60043B9D4624482449002204C081428D
:10C48000FCD80FF089F9FEE7000000181406000040
:10C49000F8FF0000000000F00000000FFC0F00009B
:10C4A000F08F0000A0820000000F0000E08000007C
:10C4B000007000000010000000FF0F00002A0800BC
:10C4C000000E0800000000FFE0010000040600006C
:10C4D00000003800FFFF0000180600000C060000F6
:10C4E00008040000B0C20000B4C20000B8C20000DE
:10C4F000BCC20000ACC2000000C00300D4FF0100B9
:10C50000DCFF0100D8FF010090080200060D0200C8
:10C5100008680F2204310240052AF9D1014A10406F
:10C52000F746000000F0FFFF08680F2204310240C8
:10C53000052AF9D180221042F6D0014A1040F74670
:10C5400000F0FFFFFEE7000010B50021282204469E
:10C55000F5F376F50A4B23600A4B63600A4BA36040
:10C560000A4BE3600A4B23610A4B63610A4BA361E8
:10C570000A4BE3610A4B23620A4B636210BD00BFA2
:10C5800000000000A3FE0100A4FE010090080200CC
:10C5900090080200060D0200080D0200BCAF020068
:10C5A000BCAF0200BC3603002DE9F04196B00AA8EA
:10C5B000FFF7CAFF0A9B0B9F0D9CFF1A0C9B0F9A5B
:10C5C000E41A5F4D0E9B3E19C3EB02082B685D48D1
:10C5D000F61803F07FF904F57E7307339B0A46448F
:10C5E0008DE8080108F57E7808F1070807F57E72E6
:10C5F0004FEA98230732029305233946920A0393A0
:10C600005148234603F066F9504C514B276819688E
:10C610002868CB1B03F57E750735AD0A8DE8A000B1
:10C6200007F57E750735039000F57E7001F57E7283
:10C63000AD0A0730800A07320295464D920A0490EF
:10C64000454803F047F9236829684448C91806F5A6
:10C65000BE5301F57E723F339B0A0732920A009364
:10C6600006F5A05303F036F93D4B3E48196803F038
:10C6700031F93D4B264619683C4B0A682F469A42D1
:10C6800003D03B4803F026F924E014910B4604E064
:10C6900014683648131D844203D11A4615AB9A42DA
:10C6A000F6D3344814AB0068C1EB030CC51A841AE6
:10C6B000C1EB020E8DE801102F481492CDF808C08E
:10C6C000CDF80CE0CDF810E0059506950794089498
:10C6D00003F000F9294C206870B3B0F80680F6F337
:10C6E0003FF2236808F1FF385C89024608FB04F535
:10C6F000443408FB04F405F57E7307339B128DE880
:10C70000180004F57E7307339B12029341462B46B3
:10C710001B4803F0DFF833683A68591B9B181B1B52
:10C7200003F57E7001F57E720730800A07320090B3
:10C73000920A144803F0CEF816B0BDE8F08100BFAD
:10C74000CC260000E11F8600F01F8600882600002E
:10C75000C8260000A42600002E2086007220860035
:10C7600090260000AC208600E40802004B415453A0
:10C77000C6208600E8080200E9208600BC260000EA
:10C78000662186009221860008B57146044803F0B0
:10C79000A1F840F63900BDE80840FFF7A1BD00BF91
:10C7A0008E1F86002DE9F04703688EB0022B0446E9
:10C7B00018D1564A002112685161554A1068C104C7
:10C7C00024D5544920F480500B60D169524B40F479
:10C7D000005019609C6804249C6010604F4803F06E
:10C7E00079F890E00C2B11D1494D2A6891040DD5B0
:10C7F00022F4005242F4006268602A604848E16C0A
:10C8000003F068F82B681A057DD57BE0103B0F2BF1
:10C8100002D8F9F3DFF576E03D4E4248F16903F0C6
:10C8200059F8A36C22460093636C3F480193A368B8
:10C8300000270293E368B94603932168E36C03F091
:10C8400049F83A4B656C1B6804F11001C5EB030A0B
:10C85000E36937480093236A4FEA9A0A0193636AAF
:10C86000B8460293A36A03930EC903F033F8A36B8F
:10C8700004F12C010093E36B2E480193236C029387
:10C880000EC903F027F8EB682B48009395E80E00DB
:10C8900003F020F8EB6905F1100100930EC9274859
:10C8A00003F018F804A8FFF74FFE254803F012F82C
:10C8B0001CE07A59D30713D5FF2A11D9059B93425F
:10C8C00008D2204B1B0D1B059A4209D303F5801398
:10C8D0009A4205D81C48394602F0FCFF09F10109CB
:10C8E0000437B9F10F0F08F1010801D8D045E0D1A4
:10C8F000336840F2033043F4806386E81800FFF7A2
:10C90000EFFC00E0FEE70EB0BDE8F0876009020032
:10C91000EC080200241000E0201000E014C901001F
:10C9200018C9010024C9010031C90100D4FF010068
:10C9300065C9010098C90100C7C90100E5C9010026
:10C94000FC1C86009D66800002CA010070B51A4C6E
:10C950008AB06846FFF7F8FD2178C9B90698079DA7
:10C960002D1A06D02A46F5F36BF306982946F9F3FB
:10C9700057F4124B00221A7001232370104B1968D0
:10C98000C1B10B78B3B10F4B1868F6F34DF111E05C
:10C990000D4E317871B90898099D2D1A06D02A4696
:10C9A000F5F34EF308982946F9F33AF4002323707F
:10C9B000012333700AB070BD280902002A09020061
:10C9C000BC26000010090200290902000C4B1B685C
:10C9D000D3F81406D3F8142690420A4A18BFD3F8A5
:10C9E0001406094B11681B68401A984205D3B0FB26
:10C9F000F3F003FB0013136070470020704700BF83
:10CA00009C260000E4260000C825000070B50446FE
:10CA1000FEF370F32046FEF3ADF205462046FEF32A
:10CA20002DF20022064640F62A012046FEF3E6F3E8
:10CA30000122AA4083691A4201D1013500E0002594
:10CA400020463146FEF3ECF3284670BD2DE9F04157
:10CA500004460E46FEF34EF32046FEF30FF200228C
:10CA6000054640F62A012046FEF3C8F382690746D0
:10CA7000436946B14FF4004042F0004843F000469D
:10CA8000FFF7C0FB07E04FF4004022F0004823F01E
:10CA90000046FFF7D5FB20462946C7F818807E617F
:10CAA000BDE8F041FEF3BCB3FFF7B0BF10B50446DC
:10CAB000FEF320F301462046BDE8104000F048B9DF
:10CAC0002DE9F0410E465021044615469846FAF3EA
:10CAD000FFF0074610B300215022F5F3B1F240F207
:10CAE0003C737B634FF47A73FB631C233B640C231E
:10CAF0007B6404230020C7F80C803E607D60BC602E
:10CB0000BB640849F5F338F7C0B287F84C00013828
:10CB1000C0B2012802D9022387F84C303846BDE85C
:10CB2000F08100BF3E29860000487047FCDB010011
:10CB30000048704780DC01000048704700A60E00E6
:10CB400038B5D2F80056044605F07C05AD08FFF76D
:10CB5000EBFF03E08378AB4207D00C3010B10388C1
:10CB6000002BF7D12046FFF7E3FF03884FF47A70DC
:10CB7000584338BD10B51446FFF7DEFF0123C4F853
:10CB80006036D4F86436DBB2B0FBF3F34FF47A705E
:10CB9000584310BD2DE9FF4714460022029203922C
:10CBA000026AC4F820360C2A06468946D4F828269C
:10CBB00006DD4FEA12484FEA88584FEA985803E0DA
:10CBC0004FEA12285FFA88F8012515FA03F30027C7
:10CBD0003046494622460097F9F380F00546012287
:10CBE00012FA07F32B4207D00092304649462246FC
:10CBF000F9F374F025EA000501371F2FEFD1304615
:10CC000002A903AAF9F394F0029B002725EA030A7C
:10CC10003D460123AB4013EA0A0F08D0304649468F
:10CC20002246EBB2FFF7B6FF874238BF0746013511
:10CC30001F2DEED108F10200C01904B0BDE8F08745
:10CC400073B5054614461E4600914FF4CB62002191
:10CC50004FF0FF33FEF31AF12846002140F25C62E8
:10CC600023460096FEF312F17CBD002238B50C4637
:10CC7000134604210546FFF7E3FF012C20F0F07373
:10CC800008BF43F0F073284604214FF0FF32FFF74E
:10CC9000D7FF012C05D149F64040BDE83840F9F3F3
:10CCA0005BB538BD2DE9F04104468846FEF3E6F059
:10CCB000002106462046FEF3B3F20746204600F068
:10CCC00012F9414605463A4618232046FFF762FF0F
:10CCD0000B2302305843074B3146EB18B3FBF5F5F5
:10CCE00045432046FEF39CF20A23B5FBF3F5A8B2B8
:10CCF000BDE8F0813F420F0070B504460E46FEF3DA
:10CD0000BDF0002105462046FEF38AF23146024678
:10CD10002046FFF715FF294606462046FEF380F21F
:10CD2000304670BD70B504460E46FEF3A7F00021F4
:10CD300005462046FEF374F2314602462046FFF7D0
:10CD400019FF294606462046FEF36AF2304670BDBA
:10CD5000FFF7E8BF2DE9F041164C054627682FBBC9
:10CD6000FEF38CF0394606462846FEF359F2D0F819
:10CD70001486D0F814360746984518BFD0F81486A4
:10CD800042F21070F9F3E8F4D7F81436D7F8142605
:10CD90002846934218BFD7F814363146C8EB03082B
:10CDA000642303FB08F32360FEF33AF22068BDE836
:10CDB000F08100BF70090200F8B51F460446154611
:10CDC000FEF35CF0002106462046FEF329F2022322
:10CDD000C0F8583657B1D0F85C3605F03F0223F45E
:10CDE000FC4343EA4223C0F85C3604E0D0F85C56CA
:10CDF0006D0A05F03F0520463146FEF311F2284644
:10CE0000F8BD0121FFF731BF0021FFF72EBF08B1A8
:10CE1000F9F362B270470000F8B5084C0546276880
:10CE200008E028463E68FEF365F139467A68F9F372
:10CE30005FF73746002FF4D12760F8BD6C2700005C
:10CE4000002343667047F7B50022012113460546CB
:10CE5000F8F3F6F700240746214628222346284601
:10CE60000094FEF313F0012106463B4628464FF09E
:10CE7000FF32F8F3E5F72846214628224FF0FF332A
:10CE80000096FEF303F0FEBD70B5456E044665B135
:10CE9000D0F8C830343350F82320C36D9A4203D100
:10CEA000006EA847054600E000252046616DFFF7AB
:10CEB00039FFA36E064653B1D4F8C820343254F873
:10CEC0002210E26D914202D1206E294698473046E9
:10CED00070BD10B50446FEF30DF101462046BDE8D5
:10CEE0001040FFF709BF10B50446FEF303F10146F9
:10CEF0002046BDE81040FFF72DBF704770B5456E66
:10CF0000044665B1D0F8C830343350F82320C36DDF
:10CF10009A4203D1006EA847054600E0002520464E
:10CF2000616DFFF7BFFEA36E064653B1D4F8C8206B
:10CF3000343254F82210E26D914202D1206E29461B
:10CF40009847304670BD70B50446FEF34FF1002897
:10CF50003CD0A368B3F5026F09D040F604029342B7
:10CF600007D1E5680C2D94BF0025012502E00125BD
:10CF700000E00025EDB24DB920464FF400612A468D
:10CF8000D4F8C860FEF33AF130B970BDD4F884002B
:10CF900010F540501AD00026D0F8303123F00403A9
:10CFA000C0F8303143F00103C0F830311B0903F001
:10CFB0000703032B03D020460021FEF3B1F12DB966
:10CFC00020463146BDE87040FEF32AB170BD43698A
:10CFD0002DE9F743222B05460E4640F3A680FEF3CB
:10CFE00005F1002800F09F80072E00F29E80AB68BC
:10CFF000B3F5026F0BD040F6040293420AD1EB68FE
:10D000000C2B94BF4FF000084FF0010804E04FF0E4
:10D01000010801E04FF000085FFA88F8B8F1000F4E
:10D020000AD128464FF400614246D5F8C890FEF375
:10D03000E5F0044638B979E0D5F8844014F5405459
:10D0400074D04FF00009032E03D028460121FEF3CF
:10D0500067F1D4F8303123F00403C4F830310123F0
:10D060009E42C4F8303104D9042E0CBF0D2309238D
:10D0700000E00D23C4F83031D4F83031012E23F014
:10D080000103C4F8303101D9042E36D1FF27002125
:10D090004FF4E2723B4628460097FDF3F7F6222351
:10D0A000009300214FF4EE723B462846FDF3EEF666
:10D0B0002823009300214FF4E6723B462846FDF3F7
:10D0C000E5F68123009300214FF4E8723B462846A1
:10D0D000FDF3DCF60123009300214FF4A4724FF01E
:10D0E000FF332846FDF3D2F6284600214FF4A672FE
:10D0F0004FF6FF730097FDF3C9F6D4F8303123F0F3
:10D10000700343EA0616C4F83061D4F8303123F0D6
:10D110000803C4F83031B8F1000F07D1284649465A
:10D12000FEF37EF002E0044600E000242046BDE865
:10D13000FE8300207047FFF767BEFFF762BE2DE950
:10D14000F04104460D461646FDF39CF7074618B914
:10D1500020460121FDF3D4F7204613F0D5FD80468B
:10D1600090B1CEB100232B80002606F1820140460B
:10D17000F4F3E0F5C3B2B3402A8801361343052E19
:10D180002B80F2D1002501E06FF01D0537B9204654
:10D190003946FDF3B5F701E06FF019052846BDE803
:10D1A000F08107B5002302A921F8023D0122FFF713
:10D1B000C6FFBDF806000EBDD0F86C32994205D10D
:10D1C0008879D0F1010038BF0020704700207047F7
:10D1D00003682DE9F0411F680446BE680D4690467D
:10D1E0003046216902F03ADAB8F1000F0AD03B6804
:10D1F0001B7E3BB1216930462A460123BDE8F04140
:10D2000002F0E499BDE8F0812DE9F3411F4603687F
:10D21000044601910092089DD3F8008009B10D29C0
:10D220003EDD616820460022FFF7D2FFE16800265C
:10D23000666031B1236822891B685868F9F358F594
:10D24000E660009B13B1B3F5967F26DB4046294686
:10D25000FFF7B2FF20B3019951B123681B685868EA
:10D26000F9F336F5E060F0B13946019AF4F384F64B
:10D2700001A90422656104F10800F4F37DF6201D84
:10D2800069460422F4F378F6009870B1204661688C
:10D290000122FFF79DFF002007E06FF01C0004E073
:10D2A0006FF0010001E06FF01A00BDE8FC812DE98C
:10D2B000F04786B00368109CDDF844A0164602F0E3
:10D2C000010200920546224618685346139F15F046
:10D2D000FBDF8046002840F09D80022E4CD0032EBC
:10D2E0001AD0012E40F08B802146042204A8F4F3CA
:10D2F00043F60222211D05A8F4F33EF655F8100B63
:10D300003946BDF81480049E32F074D8414600902E
:10D3100032462846A31D2BE0022221460DF11600BD
:10D32000F4F32AF6211D042204A8F4F325F60222C0
:10D3300005A804F10801F4F31FF6BDF81630012B1F
:10D3400060D1A37A6A6893425FDA39464FF01809D0
:10D35000286809FB0359BDF81480049E32F04AD8AE
:10D3600009F11009009041464846324604F10B038A
:10D37000FFF74AFF80464DE00E9B6A681B689342A8
:10D38000039342DA002B40DB012306A9ADF81630E7
:10D390000B2321F8043DA01C3246F4F3EDF50DF10A
:10D3A00018090DF1160132462046F4F3E5F559F857
:10D3B0000C1D1827013107FB0151324604F108000A
:10D3C000F4F3DAF50122494604F10A00F4F3D4F546
:10D3D0000399042207FB0151201D1431F4F3CCF50D
:10D3E000039B01335F43EA5BEB1902F10B018A45B2
:10D3F0000ED304F10B005968F4F3BEF50AE06FF0A8
:10D40000160807E06FF0240804E06FF0010801E05F
:10D410006FF00D08404606B0BDE8F08737B50368E9
:10D4200005461B6801A9D3F8000547F053DE08E064
:10D4300023699A792AB9227E920702D56A699342B2
:10D440000CD001A847F04EDE04460028F0D1284653
:10D4500069680122FFF7BCFE204600E001203EBDC6
:10D46000F7B5036807461D6895F87022002A34D086
:10D470000489466974B9FFF7D1FF00282DD04FF019
:10D48000FF330093284606F1BC01224623461AF0DA
:10D49000E7DD22E0998968686118F9F371F43B6867
:10D4A000044618B99A6801329A6016E09B89A28AEC
:10D4B0000069F968C018D31AA3823A892061F4F38D
:10D4C0005BF5E38DB26843F0400328462146E385CF
:10D4D00003B0BDE8F0401AF0659E03B0F0BD38B56A
:10D4E000054600240BE0182000FB04501030416872
:10D4F00021B1036913B10122FFF76AFE01346B68A1
:10D500009C42F0DB002038BDF8B5002407460646F3
:10D51000254608E03B68316A986802F09FD800B958
:10D520000135013418367B689C42F3DB2846F8BD90
:10D5300010B58A6B002309E0C81890F83C00064C2F
:10D5400000F07F002056002804DB01339342F3D122
:10D55000002010BD012010BD401B860002292DE9CE
:10D56000F84F05460C4616469B4614BF4FF0FF3950
:10D570004FF0000914BF002701274FF0000828E0F2
:10D58000022C14BF4FF0FF330023994511D0022C19
:10D59000C9EB070208D1042E08D0062E06D0082EAB
:10D5A00014BF0423002302E0042300E000239A4276
:10D5B0000EDD47F42C5A1FFA8AFAD5F85C01514661
:10D5C00038F0ECDE20B12BF818A0B94608F10108BC
:10D5D0000137022C0CBF0E2300239F4202DCB8F15E
:10D5E0001F0FCDD90A9BC3F80080BDE8F88F2DE945
:10D5F000F74F1D460C9B0192D0F80080467B0C46ED
:10D6000000930027EFE0072200212046F4F318F5ED
:10D61000009B022E33F8022B5FFA82F9009384F804
:10D62000009008D1042D08D0062D06D0082D14BF77
:10D630000223002302E0022300E00023A6F1020AF5
:10D64000DAF10002C3EB090342EB0A02934210DB5A
:10D65000022E08D1042D08D0062D06D0082D14BFA7
:10D660000223002302E0022300E00023C3EB0909A8
:10D6700011E0A6F1020CDCF1000949EB0C0907E00E
:10D68000D8F85C01494638F047DE20B909F10109B4
:10D6900023789945F4D9022E94F800A008D1042DDE
:10D6A00008D0062D06D0082D14BF0223002302E067
:10D6B000022300E000235344022E0CBF0E2200225E
:10D6C00093420FDC022E08D1042D08D0062D06D07F
:10D6D000082D14BF0223002302E0022300E00023F0
:10D6E0009A4411E0022E0CBF4FF00E0A4FF0000AD0
:10D6F00007E0D8F85C01514638F00EDE20B90AF197
:10D70000FF3A23789A45F4D24FF0000B64E00BF116
:10D71000020253F82210B1F806C0488E1CF0200C0B
:10D72000C3B20DD000F44072B2F5807F02D19A1CD2
:10D73000023B06E0B2F5007F02D19A1E023300E000
:10D740001A464B4501D3534503D94A4542D3524566
:10D7500040D8BCF1000F16D04B4514D3534512D816
:10D7600000F44070B0F5807F05D12079FF280AD001
:10D770000130207107E0B0F5007F04D16079FF2807
:10D7800001D001306071C88880060BD54A4509D3A5
:10D79000524507D89A4205D0A379FF2B1AD00133FE
:10D7A000A37117E023780E2B0FD84046FFF7C0FE79
:10D7B00028B1E378FF2B0DD00133E3700AE0A378A2
:10D7C000FF2B07D00133A37004E06378FF2B01D057
:10D7D000013363700BF1010BD8F818351A689345C3
:10D7E00095D3013707340D9B9F4204DA019A1368E1
:10D7F0009F42FFF608AF019B1F60BDE8FE8F2DE939
:10D80000F04703F4407804461D46D8B2A8F50073EB
:10D81000D3F1000848EB0308A0F1020C861CB8F114
:10D82000000F01D0334601E06346B446002737E0DD
:10D830000E78A0F105094E4530DB00F105094E4593
:10D840002CDC91F80290B9F1000F13D191F803A0EC
:10D85000BAF1000F0ED191F804A0BAF1000F09D16E
:10D8600091F805A0BAF1000F04D191F806A0BAF121
:10D87000000F13D09E4206D18E793EBBB8F1000F47
:10D880000AD00E7909E0664520D1B9F1000F1DD10B
:10D89000CE78DEB90E79CEB94E79BEB901370731EF
:10D8A0009742C5DBD4F8FC341B7863B107E020460F
:10D8B000002127F0A1D8204627F094D803E0204685
:10D8C000012127F099D82846BDE8F08743F4306558
:10D8D000ADB20E2BCCBF4FF480534FF400531D4319
:10D8E000D4F8FC341B78002BEDD0E0E72DE9F043B1
:10D8F0000568DDB0296B0646477B09895A930024E9
:10D9000000E004214FF0000C5A9B604609E00CF146
:10D91000070C02EB0C0818F8078CB8F1050F03D8B8
:10D9200001309842F3DB00E00446082900F2AD80A4
:10D9300001A050F821F000BF67D900008BDA000089
:10D940005DD900008BDA000001DA00008BDA0000FC
:10D950008BDA00008BDA000003D9000000254FF6B7
:10D96000FF70294614E04FF6FF7000210D4633E0AA
:10D970000E1996FBF3F703FB176602EBC607BE1BF7
:10D98000B77827B9F77887423CBF357838460131F8
:10D990009942EDDB002DE8D045F430600E2D8CBFB0
:10D9A0004FF480554FF4005528436FE02E1996FB35
:10D9B000F3F703FB1767FE00F71BD61996F80190E3
:10D9C00096F8028096F803C009EB08066644864282
:10D9D000BCBFB0B2D15D01359D42E7DB31B994FBEC
:10D9E000F3F103FB1144E3001C1B115D0E298CBFF6
:10D9F0004FF480504FF40050014341F4306045E053
:10DA0000022F42D100235B935BAB0093284639463B
:10DA10003A463AABFFF7A2FDD5F8180738B3D5F868
:10DA200020E7BEF1000F22D05B99002313E0002213
:10DA30000DF5947C30F8138032F80CC0C44506D143
:10DA40000DF5B87909EB410828F888CC013102328C
:10DA5000402AEDD101337345E9DB20230D485A9369
:10DA60005B9101F037FF3AAB00935B9B03E020230F
:10DA70004AAA5A930092019302A95AAA3046022355
:10DA8000FFF7B5FD02AA02213CE700205DB0BDE82A
:10DA9000F08300BF04DD010070B50546BCB004682A
:10DAA0000E4609B108292CD12023D4F818273B931E
:10DAB000236B28461B890092D4F8202703A90192E2
:10DAC0003BAAFFF794FD6B7B022B12D1D4F8FC34F8
:10DAD0001B7873B1D4F83437B3F8A43303F440623D
:10DAE000B2F5406F05D1204603A93B9AFFF787FEA8
:10DAF00005E02846002103AA3B9BFFF7F7FEA4F8A8
:10DB000016076B6813B1A86831469847D4F8181700
:10DB1000D4F81C276068F9F3EBF00023C4F8183739
:10DB2000606829461022F9F3E3F03CB070BD0000B4
:10DB30002DE9F0470D464FF0000840219AB0044609
:10DB4000C0F82087C0F81C1740681F46229EF9F3D2
:10DB5000BFF00346C4F8180700287DD02A6862B9D0
:10DB60002022C4F82027226B04F5E46112892046A4
:10DB700000913146FFF7F2FC25E0202A6FD8A94634
:10DB80001EE059F8043FD4F85C011FFA83FA5146AD
:10DB900038F004DC002862D0B8F1000F05D019F885
:10DBA000043C5FFA8AF29A4259D9D4F82037D4F863
:10DBB000182708F1010822F813A00133C4F8203710
:10DBC0002B689845DDD3D4F82037002B47D0606808
:10DBD0001021F9F37DF00546002843D0259B4FF036
:10DBE000000883609DF88C30467311AE8373242245
:10DBF000C0F80480046080F80C8041463046F4F39D
:10DC00001FF24FF0FF330293039304930593D4F86C
:10DC10001837C8EB07020693D4F82037574207930A
:10DC2000194B47EB02070A9303230C93204602216A
:10DC3000164A012300960197CDF82080CDF8248064
:10DC40000B95CDF83480CDF8388019F055D90646BB
:10DC5000A8B9249B6B6012E06FF0150604E06FF02A
:10DC6000010601E06FF01A06D4F8181739B16068A0
:10DC7000D4F81C27F9F33CF00023C4F818373046D9
:10DC80001AB0BDE8F08700BF99DA00002C9E85002D
:10DC900010B590F8143788B00446002B3ED0D0F869
:10DCA00068319B79002B64D180F8143703681B7EA0
:10DCB000002B5ED0B0F81637002B5AD0036B1869D2
:10DCC00003F076FCB4F81617884252D020461BF0B9
:10DCD00067D8204601F0A8FD2046B4F816171AF0C0
:10DCE000A5DE236893F82F306BB1D4F86C32204650
:10DCF000D3F8D412383115F051DD0146C4F8AC0622
:10DD000020460EF0E9DD20461DF000D92046002116
:10DD10001DF006DB204614F073D92AE003681B7E51
:10DD20003BB3D0F868319B791BBBD0F8000507A93D
:10DD300047F0D0D902E01B7E99071AD407A847F014
:10DD4000D1D903460028F6D103E0012384F8143723
:10DD50000FE0226B08A9126841F80C0D0092032213
:10DD600001920290039001222046FFF7E1FE002875
:10DD7000EBD008B010BD0020704700207047002095
:10DD80007047012380F87A30704770B590E818002A
:10DD90000D4658680C21F8F39BF7064630B1002178
:10DDA0000C22F4F34DF12E51002070BD6FF01A00DB
:10DDB00070BD0000F8B5836806465C6803680F59BB
:10DDC0000D4658684FF48471F8F382F778600028A4
:10DDD0002DD02B59002158684FF48472F4F330F1A0
:10DDE0003368C42158682F59F8F372F7B860F0B15E
:10DDF0002B5900219868C422F4F322F12B592849A9
:10DE00009F68336832463B609868002301F054DC19
:10DE1000B86660B12B5923499F68336832469868C9
:10DE2000002301F049DCC7F8C000002833D12B598A
:10DE30009B680BB3996E39B13368986801F020DCA8
:10DE40002B5900229B689A662B599B68D3F8C01007
:10DE500041B13368986801F013DC2B5900229B68AC
:10DE6000C3F8C02032682B5950689968C422F8F36F
:10DE70003FF72B5900229A602B59596869B13368D2
:10DE80004FF484725868F8F333F72B5900225A6024
:10DE90006FF01A00F8BD0020F8BD6FF01A00F8BD51
:10DEA00091ED0000C9E60000014638B551F8DE5B8F
:10DEB00004461022284614F02DDC284604F1EE0119
:10DEC0001022BDE8384014F0259C0000F0B51F4B2F
:10DED000A5B00468054620AA03F108071868596828
:10DEE000164603C60833BB423246F7D118681B7981
:10DEF00030603371204618A9102214F00BDC1CA9E5
:10DF00001022204614F006DC20A8F4F329F16A68F8
:10DF10002024C232009206220346019204AE21461A
:10DF200020AA05F17E0718A802960394FAF30CF0D4
:10DF3000314622463846F4F31FF005F19E0039467B
:10DF40002246F4F319F025B0F0BD00BF16DD010044
:10DF500038B500F17E05044620212846F5F380F50A
:10DF6000284604F19E012022F3F3EAF720B9204667
:10DF7000BDE83840FFF798BF38BD0000F0B52E4B24
:10DF8000DFB004460E4659AA03F110071868596815
:10DF9000154603C50833BB422A46F7D118682860E6
:10DFA000B36DD90746D49A0706D403F00403022BB5
:10DFB00002D0002B3ED001E0202300E0102305AD6D
:10DFC000A4F87C3006F1C2012846062204F1BE0600
:10DFD000F3F3D2F704F17E0120223046F3F3CCF7BD
:10DFE0002046FFF7B5FF31462022A81DF3F3C4F702
:10DFF00059A8F4F3B5F026220192B4F87C20034628
:10E000000095039245AD202159AA04F1DE00029546
:10E01000F9F39AF72946B4F87C2004F15A00F3F397
:10E02000ABF704F1FE0000210822F4F309F02046CA
:10E03000FFF7A7FE5FB0F0BD23DD01007FB54368A9
:10E0400004AC9B6844F8082D00930D460068B72186
:10E0500022460823F8F724FD064630B92846214613
:10E060000822F3F389F7304601E04FF0FF3004B0A7
:10E0700070BD00002DE9F04700F1FE050E46924606
:10E08000B2F80080294690F87B200446FFF7D6FFBF
:10E0900020B1284600210822F3F3D2F706F1120737
:10E0A00008F158003818DD23C37194F87C3000F172
:10E0B00007090633037203220930154908F10608DF
:10E0C000F3F35AF71FFA88F8012389F8053008F1AD
:10E0D0005803FF1894F87A3004F15A0103F003034F
:10E0E000FB71B4F87C2007F10900F3F345F7B4F8AD
:10E0F0007C3006F14F000233984429460822F3F39E
:10E100003BF7AAF80080B4F87C000830BDE8F0873F
:10E11000AFB801002DE9F74F99460368B0F87C408D
:10E1200005468B46586820219246F8F3D1F50746FC
:10E13000002874D02B684FF480715868F8F3C8F544
:10E140008046002861D02B684FF481715868F8F33D
:10E15000BFF50646002870D0BAF1010F03D0BAF11E
:10E16000020F66D123E005F18E0110223846F3F349
:10E1700003F70BF19C01102207F11000F3F3FCF6FA
:10E1800005F15A0122464846F3F3F6F638462021B7
:10E190003246FAF3DFF1404632464FF48071FAF32B
:10E1A00009F2484621463246FAF304F229E0B5F86E
:10E1B0007C300F2B08D82819C4F110025A300021E6
:10E1C000F3F33EF710240FE014F007020CD02819E7
:10E1D0005A300021C2F10802F3F332F74FF6F87318
:10E1E000234003F10804A4B210200BF19C01224645
:10E1F00005F15A03CDF80090F1F3A2F7C8B908343D
:10E20000A4B20C9B1C80012418E0044606462B682F
:10E21000394658682022F8F36BF516B90AE004462F
:10E2200008E02B68314658684FF48172F8F360F5C6
:10E2300000E000242046BDE8FE8F04462B684146DE
:10E2400058684FF48072F8F353F5E0E72DE9F04F8A
:10E250009FB005460E460692D0F800A01F46002B40
:10E2600000F0C5818368022A5B68FB58D3F80480FC
:10E270009B68079338D0042A00F00081002A40F000
:10E28000B38107F11A0250466968712349F012D828
:10E290000746002800F0AB8104694FF4BE4304F147
:10E2A000120B238206995F225846F3F3C9F646F013
:10E2B00088031A0AE2742375B8F8183008F11C09AB
:10E2C0001A0AA375494662755046202214F022DAD4
:10E2D000494604F11F002022F3F34EF60B23C8F841
:10E2E0000030DDF8189087E1B8F80231B3F5007F0F
:10E2F00002D141F472760AE0802B04D141F49E569B
:10E3000046F0080603E0042B08BF41F4E4766A688F
:10E31000B8F804B0926DADF876B002F00209B9F128
:10E32000000F0CBF4FF004094FF002090BF1710B05
:10E33000802B1FFA8BFB30D116F480532ED02C8A01
:10E3400014F001041BD12846FFF7AEFD284669688A
:10E35000FFF714FE95F87A20B5F87C308DE80402BA
:10E36000012203925046696805F15A0202944BF06B
:10E370003BD82B8A85F87B0043F001032B82BDF844
:10E380007630B5F87C2013F0070302D102F11003B8
:10E3900001E01832D31A9BB200E000239B4407F13E
:10E3A0001A02504669681FFA8BF348F083DF07466C
:10E3B000002800F01C8104695F2304F1120B002186
:10E3C0005F2223825846F3F33BF6330AE374267543
:10E3D000B8F8183008F11C011A0AA375627504F127
:10E3E0001F002022F3F3C8F5B8F8042004F17100EF
:10E3F000D8F80810F3F3C0F5BDF876301A0A42EAEF
:10E400000323A4F86F30B8F80231802B27D1F3042E
:10E4100025D50DF1760228462146FFF72BFEBDF8E3
:10E42000763004F13F001A0A42EA0323A4F86F3061
:10E43000A37B022B04D100211022F3F301F604E0A8
:10E4400005F18E011022F3F397F55846314608F195
:10E450009C020023F5F35CF2002800F0CC8094F8D5
:10E460006F2094F8703043EA0223228A9B189BB2F3
:10E470001A0A42EA032323820C2376E090F87A30CA
:10E48000B0F87C901B0103F0300341EA030646F428
:10E490006076B6B20023B00754BF09F1710909F1E3
:10E4A00079091FFA89F9ADF8763007F11A0250465A
:10E4B00069684B4648F0FEDE0746002800F097806A
:10E4C00004695F2304F1120B0021A9F112022382D7
:10E4D0005846F3F3B5F5330AE3742675B5F87C3086
:10E4E00005F1BE011A0AA375627504F11F0020220E
:10E4F000F3F342F504F13F0905F18E0C6146102259
:10E500004846CDF814C0F3F337F5082205F1FE01B3
:10E5100004F14F00F3F330F50DF176030093284634
:10E5200004F17103414606F00302FFF7F3FDA37BFC
:10E530004846022BDDF814C004D100211022F3F369
:10E540007FF503E061461022F3F316F5BDF876304F
:10E550001A0A42EA0322A4F86F20228A9B189BB26F
:10E560001A0A42EA032323820F23C8F800304FF02F
:10E57000010941E0204606F0030108F18C0209ABD5
:10E58000F5F384F2002831D00BF14D0009A91022D7
:10E59000F3F3F2F4B8F80231B3F5007F03D17B6AEC
:10E5A00043F080737B62DAF8003093F895304BB11A
:10E5B000069B0BB1022B05D17B6A23F4403343F455
:10E5C00080337B626B6839469A68504619F0EADD01
:10E5D000079BDAF80800D3F8C0104FF47A720023D2
:10E5E00000F0F4DF012702E0002700E0074638468C
:10E5F0001FB0BDE8F08F81460323E373B8F8023102
:10E600005846802B14BFFE23022300F8053B08F177
:10E610005C010822F3F3B0F4B9F1000FBAD0A9E716
:10E62000D0F8483170B55C680646E1420D4640D0EE
:10E630000B59002B3DD0596859B14BF007D82B59D5
:10E640004FF4847259687068F8F352F32B59002222
:10E650005A602B599B68002B2BD0996E61B1B06822
:10E6600000F0FCDF2B59B0689B68996E01F008D868
:10E670002B5900229B689A662B599B68D3F8C010CF
:10E6800071B1B06800F0EADF2B59B0689B68D3F82D
:10E69000C01000F0F5DF2B5900229B68C3F8C020A2
:10E6A0002B59C42299687068F8F322F32B59002281
:10E6B0009A6070BDC16810B5044621B10068FFF7CB
:10E6C000AFFF0023E36010BD70B5C5680446002DA0
:10E6D00052D083685B68EB585B68002B4CD01E8A75
:10E6E0001A68042E14BF012602260C2A1CD00F2AF9
:10E6F0002AD00B2A40D193F80421511C022A83F816
:10E70000041108D9C16821B140681A310F224AF0BA
:10E7100041DF20461FE003F15C000821F5F3A0F182
:10E7200020463146002222E093F80421511C022A9F
:10E7300083F804110FD803F15C000821F5F390F180
:10E7400020463146022212E093F80421511C022A8D
:10E7500083F8041103D9BDE87040FFF7ABBF03F1A4
:10E760005C000821F5F37CF12046314604222B465B
:10E77000BDE87040FFF76ABD70BD70B50646006821
:10E780000C46FFF74DFF31680023CA18D2F84C221F
:10E7900032B1526922B1D068A04201D10020D060CC
:10E7A0000433202BF1D17568631943B1615931B13C
:10E7B00033680C225868F8F39BF20023635170BD54
:10E7C00037B50C461546014670B16BB18268526888
:10E7D0009B580A8B986852B1C38853B91A312346A3
:10E7E00000954AF099DD05E04FF0FF3002E0104659
:10E7F00000E000203EBD2DE9F04F026889B00546DB
:10E80000884606929946002B00F0328183685B6847
:10E8100059F803305C68D3F808A0002C00F02A8176
:10E82000BAF1000F00F02881238A042B14BF0123C2
:10E8300002230793B4F80231802B05D0B3F5007F93
:10E8400002D0042B40F01A8104F15C0B0120082354
:10E8500008F117015A4698F8137098F81460F4F309
:10E86000F1F6834500F00C81236846EA07260C2B5D
:10E8700063D00F2B00F0E3800B2B40F0018106F4F6
:10E88000DC73B3F5847F40F0FB8004F13C07202269
:10E8900008F11F013846F3F36FF309F11A030693E9
:10E8A0000AF148030093BAF8063004F18C0CCDF855
:10E8B00008C00193A38A69680393C231069804F1E2
:10E8C0001C023B46CDF814C0F4F322F716F4807F07
:10E8D000DDF814C008D0404606F003016246F4F3A8
:10E8E00077F7002800F0CC8098F86F2098F8703007
:10E8F00053EA022308D0E2889A4205D108F1710058
:10E90000E168F3F31DF328B16868069911224AF013
:10E9100041DEB5E084F804012B68DAF8C01098688D
:10E9200000F09CDE58460821F5F39AF02846079936
:10E9300002224B46FFF78AFCA2E006F4D873B3F537
:10E94000807F40F09D80F10509D5404606F0030127
:10E9500004F18C02F4F33CF7002800F091800023CE
:10E9600084F804312B68DAF8C010986800F076DE7D
:10E97000228A09F11A06238B06988DE844006968FB
:10E9800004F1AC024AF0A0DDB4F80231802B02D1D0
:10E990001023236034E0042B32D12F8A0D2317F08B
:10E9A0000107236022D12846FFF77EFA28466968CE
:10E9B000FFF7E4FA95F87A20B5F87C30012A14BF05
:10E9C0000122022285F87A200092228A069801927A
:10E9D00001220392696805F15A0202974AF004DDA8
:10E9E0002B8A85F87B0043F001032B8258460821CF
:10E9F000F5F336F02846079904224B46FFF726FC2C
:10EA0000B4F80231B3F5007F05D1069A3146D2F849
:10EA1000440101F031FFB4F80231802B01D0042B06
:10EA200008D16B6806989B687921009332460623CB
:10EA3000F8F736F8B4F80231802B21D114E0F20552
:10EA400007D5404606F0030104F18C02F4F3C0F64A
:10EA5000B0B1002384F804312B68DAF8C01098684C
:10EA600000F0FCDD102323602846FFF723FE07E0BB
:10EA7000184606E0204604E0504602E0002000E090
:10EA8000012009B0BDE8F08F2DE9F3470B9E054644
:10EA900090469A468946002941D0002E41D083688D
:10EAA00000685B68F3585C689F6821464AF0CEDDD9
:10EAB0000923236099F800302868302B6B682146C1
:10EAC000B3F862304A460CBF03F0800303F004033E
:10EAD000A4F802310A9BCDF800A0019343464AF006
:10EAE000D5DDF8B16B69012B01D1F888D0B14FF0B9
:10EAF000000884F804812B68D7F8C010986800F0EB
:10EB0000ADDD218A0A2323602846042914BF012190
:10EB1000022142463346FFF799FB012002E00846F6
:10EB200000E03046BDE8FC8770B505460E464068FB
:10EB30004FF48471F8F3CCF0044648B100214FF44F
:10EB40008472F3F37DF2D5F8483184E86000A36065
:10EB5000204670BD014628B103684FF4847258689E
:10EB6000F8F3C6B0704738B50446002834D0616861
:10EB7000006839F055D9238A002523F00103238248
:10EB80002946202284F87A5084F87B50A4F87C50DF
:10EB900004F15A00F3F354F22946202204F17E00D6
:10EBA000F3F34EF22946202204F19E00F3F348F2DB
:10EBB0002946082204F1FE00F3F342F229462022FE
:10EBC00004F1DE00F3F33CF204F1BE0029462022FA
:10EBD000BDE83840F3F334B238BD70B50D46B4B07B
:10EBE0000446002836D0002934D0038A4A8823F00E
:10EBF00002031B041B0C12F0010F03820A881AD0B7
:10EC0000A2F108039BB2382B24D8402A18D1002344
:10EC100003A8043100934AF07FDB064680B904F173
:10EC20001A0015A92022F3F3A7F1238A304643F0F6
:10EC30000203238210E0202A0CD143F00203038256
:10EC4000291D2A8804F11A00F3F396F12D8800207B
:10EC5000258301E06FF0010034B070BDF0B5069F70
:10EC60001446079E1A46059B50B1012907D1416100
:10EC7000214605970696BDE8F040FFF705BF002046
:10EC8000F0BD10B588B1CC7B032C0BD14469012CAD
:10EC900008D18C7C022C01D0FE2C05D1FFF7ABFDF6
:10ECA000012010BD002010BD002010BD2DE9F04155
:10ECB00046681746D6F8D432D0F800805A8EADF5A3
:10ECC000067D02F47042A2F580556A4242EB0502CD
:10ECD0000446404646F06CDD4FF4007385930546CC
:10ECE000002851D047B1E368002B4DD1204629467A
:10ECF000FFF760F8002847D1A36820465B68EB580F
:10ED00009F68FFF7E3F8B6F86230AB8703B1E560C0
:10ED1000238A980708D5202207F1480004F11A0138
:10ED2000F3F32AF12022FA80FB88202B1BD185AB3C
:10ED30000093404650212A6905AB01F073F808ABF7
:10ED40000093859B20460C3B0193E36801210293CD
:10ED5000D5F8E820D5F8EC30FFF780FFA0B92046C1
:10ED6000FFF7A8FC10E063687069B3F86230B3F590
:10ED7000007F03D106F1BC01062202E0727E06F19B
:10ED80001A012B46FFF71CFD0DF5067DBDE8F0814D
:10ED90002DE9F047C66805460768002E33D0836822
:10EDA0005B68F3589C68002C2DD004F16C09484630
:10EDB0004FF48071F8F3E8F7804600281BD104F186
:10EDC000480120224846F9F31FF02023E3806B68B6
:10EDD00006F11A01B3F86230B3F5007F05D1D7F818
:10EDE0004401BDE8F04701F046BD28464246BDE873
:10EDF000F047FFF75BBF0022B868A16E1346BDE87D
:10EE0000F04700F0E39BBDE8F0877FB591F89430C0
:10EE100005460C4643B3D0F8000503A946F05AD97D
:10EE200010E0337E9B070DD53369A3420AD101233D
:10EE30004FF0020E8DE80840284621463246002356
:10EE400046F060DA03A846F04DD906460028E8D11E
:10EE50003C23C4F88C30F7F3D5F30123C4F89000B9
:10EE600084F8946084F884307FBD704710B5C3F88F
:10EE7000A010082019461C4633F0F2DC84F8A400E8
:10EE800010BD38B5057D0446A5B1437D8BB9C0687A
:10EE9000A16900F0E3DBD0F1010538BF00250123B3
:10EEA0006375E3690BB1A068984700236375237508
:10EEB00000E00025284638BD00230B614B810B7212
:10EEC0000B73084606221946F3F3BAB02DE9F7434F
:10EED0009DF8289006460C4615469846B9F1000F55
:10EEE0003AD1CF68002F37D03B69002B34D03B7A22
:10EEF0000B2B23D1FB794345D1F8703109D1EBB10C
:10EF000009699A7938F01AD8C4F87091C4F87491E4
:10EF100014E0002B2FD0DA7942452ED10268916A95
:10EF2000D4F87421914207D921699A7938F006D82A
:10EF3000C4F87091C4F87491D4F87071FB794345AA
:10EF40001ED095F948208DE8080131680E4B4968BC
:10EF50000E4800F0BFFC12E0D6F86C329D4203D0A0
:10EF6000AB790BB94FEA5808B8F1030F07D805EB96
:10EF700088056F6F04E01F4602E04F4600E000275F
:10EF80003846BDE8FE8300BFDFDD0100B1DD0100D2
:10EF90000068F9F7AABB10B50468B4B051B10171AB
:10EFA000C922002101A8F3F34BF0236B01A91869D2
:10EFB00002F024FD34B010BD4FF0FF3070474FF029
:10EFC000FF3070472DE9F7430A9F0B9E0C4605461C
:10EFD00090469946009701963FF04EDD4B462846F5
:10EFE00021464246009701963FF034DE2146012239
:10EFF00028463FF017DEB4F83435D90606D5284642
:10F00000214603B0BDE8F0433DF0469C03B0BDE8A7
:10F01000F083406B7047F8B504460E46174690F8EB
:10F020005651FEF38FF560B10FE0736ADB0606D42C
:10F0300094F8573143F0020384F8573103E0383F26
:10F040003836372FF1D884F85651F8BDF8B5044654
:10F050000E46174690F85651FEF3D8F560B10FE012
:10F06000F388DA0606D494F8573143F0010384F8A4
:10F07000573103E0083F0836072FF1D884F856517E
:10F08000F8BD2DE9F041A2B00446884690F85561DC
:10F0900090F8567190F8545188226846F2F36CF754
:10F0A00020464146FEF3B6F7002832D1009B84F893
:10F0B00056719D4284F8545129D01BB994F85721B8
:10F0C00072B111E0022B04D194F8572112F0010F14
:10F0D00005E0012B06D194F8572112F0020F01D15F
:10F0E000FE2212E085B90BE0012D02D112F0010FD2
:10F0F00003E0022D03D112F0020F05D107E035B96C
:10F1000094F85521B24202D2002284F8562184F8A4
:10F11000543122B0BDE8F08110B50446FFF310F081
:10F12000002384F85731A4F85831C4F85C3184F8CE
:10F13000563110BD38B504460D46FFF36FF000BBE5
:10F14000A36DDDB1EBB9D4F854210E4B13407BB164
:10F1500094F85431022B04D194F8573113F0010F75
:10F1600005E0012B06D194F8573113F0020F01D1BD
:10F17000FE2300E0002384F8563138BD0BB184F83B
:10F18000560138BDFF0000FFF0B591B0ADF10406A7
:10F1900004460546B646002309E00769013397F89F
:10F1A00007C04EF804CFD7F834C087F807C0B4F9C9
:10F1B00010700430BB42F0DB2046FFF331F1002336
:10F1C00004E02A6956F8041F0133D171B4F9102004
:10F1D00004359342F5DB11B0F0BD38B51546044651
:10F1E000FFF3B4F12B680BB10223A36538BD0E29E0
:10F1F00073B505460BD00F2910D1114601A8042282
:10F20000F2F3BAF628460199F3F7AFFE08E0B0F83A
:10F210005831002003F00103136001E0FFF3DAF13D
:10F220007CBDF8B504460F46866EFFF37BF60546B7
:10F2300080B9042207F1140104F5AE70F2F39CF6D4
:10F24000D4F85C314FF47A725343711CC4F85C31CA
:10F2500008BFA6662846F8BD836E013301D0FEF3D1
:10F2600033B57047F8B50C2904460D46174690F89B
:10F2700053610DD100210122FFF3D2F0204600217D
:10F280000122FFF389F0002384F8CE3084F8CD30DA
:10F29000A36E2946581C08BF84F8563120463A46CA
:10F2A000FFF3DEF1B4F86C3003F0C003C02B16D1CD
:10F2B000D4F85C319BB194F85331B3420FD9E36871
:10F2C000A168986800F0CAD9E368A1689868D4F882
:10F2D0005C21012300F07AD94FF0FF33A366F8BD1B
:10F2E0002DE9F84304468946FFF3A6F6F7F38AF1C1
:10F2F00094F854318046012B1DD82646002516E08F
:10F300007769BB79022B10D1B4F86C30DB050CD5D2
:10F31000204649464246F3F793FD30B90423BB71BA
:10F3200094F8CD30013B84F8CD3001350436B4F982
:10F3300010309D42E4DBBDE8F88370470020704741
:10F3400070470020704770470020704770470020CA
:10F3500070477047704770477047704770477047F5
:10F3600070474FF0FF307047704700207047002013
:10F3700070477047704770470020704770472DE90D
:10F38000FF410B9E0C46B6F862500A9F15F00F0F16
:10F39000DDF8308014D040F237153D4085B100973C
:10F3A0000196CDF808800BF019DF98F9343033B1AD
:10F3B0006378022B03D9023B6370841E00E004468D
:10F3C000204604B0BDE8F081F0B5069D0F46B5F8C3
:10F3D0006240059E14F4747F07D040F23714344025
:10F3E0001CB1BDE8F0400BF02D9D3846F0BD00008B
:10F3F0002DE9F04F8FB00B4693461D99002205462C
:10F400001A9EDDF86CA009920A920593DDF86090CF
:10F41000199F2FF0EFDF059B0BF00102D0F8D88287
:10F4200004460092194628683246534613F04CDFD2
:10F43000002840F0B581032F0CD9042209A84946C1
:10F44000F2F39AF5072F05D90AA809F1040104225D
:10F45000F2F392F5BBF1130F00F28581DFE81BF0A8
:10F4600014001800830183014500220086009100EA
:10F47000A200A800B60083018301B9007A017F01D0
:10F4800083018301F7000B0128460AF057DC8DE069
:10F49000284609990AF07CDC00280CBF6FF01C0795
:10F4A00000277CE1A479002C40F06081D8F82C1072
:10F4B00041B16868D8F83020F7F31AF4C8F82C4046
:10F4C000C8F83040002F00F06A8168683946F7F3C9
:10F4D000FFF3C8F82C00002800F04B81C8F830700A
:10F4E00049463A46F2F348F537E1A379002B00F09C
:10F4F0004381484604F1BC010622F2F321F5074698
:10F50000C0B9A26DB4F862308DE81400D4F8D422EA
:10F510003146029228465246FFF731FF321A014621
:10F52000A06DB4F8623052448DE811002846FFF710
:10F530004BFF34E12846494646F030D9002800F018
:10F540001E81D0F8E840002C00F01981D0F8EC3092
:10F550009A45C0F21F816278304621460232F2F3AA
:10F560000BF563780027F618F77018E1B4F95E30F0
:10F570002BB9B4F95C30003318BF0123ECE002234F
:10F58000EAE0099B022B04D10023A4F85C3001239C
:10F5900005E0003318BF0123A4F85C300023A4F871
:10F5A0005E30DAE0D5F83407FAF72EF83060D4E0B0
:10F5B000D5F83407099CFAF72DF8844200F3E2806D
:10F5C000D5F834070999FAF722F8C6E0B5F8BE383D
:10F5D000C2E02B6893F8A030002B38D07249062285
:10F5E00007A8F2F3C9F4314604220CA8F2F3C4F4DC
:10F5F000311D04220DA8F2F3BFF407A806F108019B
:10F600000622F2F3B9F40D9B53B9D5F8682191792C
:10F6100081B95269012A0DD02A6892F83F204AB96F
:10F6200007AA00921036284621460C9A019617F038
:10F6300051DE71E02B681B7E002B00F0A68028466F
:10F64000214607AA06F1100317F030DE64E0032F0D
:10F6500040F2A0800999002904DB28460BAA2FF06C
:10F660000DDE04460CB1237976E00B9B1E3340F08F
:10F670008F8034608CE0BAF1070F40F38B800A9ED4
:10F68000032E05D0A6F102014E4246EB010600E032
:10F6900000260999002921DB28460BAA2FF0EEDD70
:10F6A0000446D8B90B9B1E331AD10A9B002B17DDD9
:10F6B0002246234686F001062846099900962FF037
:10F6C00077DA044670B1284621462FF05BDF074603
:10F6D00050B1284621462FF0AFDE05E0002703E0B9
:10F6E000074601E06FF01A070A9B032B57D0002F43
:10F6F00055D1002B27DD022B02D02279002A4ED1D2
:10F700002A68126F920748D1A27992B1022B05D0D4
:10F71000284621462FF068DD074640E063791BB19B
:10F72000284621462FF0ACDB284621462FF084DE08
:10F7300035E0637E284600920192214604F11A02C8
:10F740002AF016D92BE063794BB3284621462FF0D7
:10F7500097DB24E095F8C334336000271FE0099B52
:10F7600085F8C334F9E76FF0160718E06FF0060765
:10F7700015E06FF01A0712E06FF005070FE06FF069
:10F780001D070CE06FF01C0709E06FF0030706E0AF
:10F79000274604E06FF00D0701E06FF008073846D8
:10F7A0000FB0BDE8F08F00BF2C9E850070B50546F8
:10F7B0000E461CF071DD0446C0B13146284640F2C9
:10F7C0006C521CF07BDE064620B9284621461CF010
:10F7D000D7DD0AE0214640F26552F2F3CDF3284628
:10F7E000214640F26552F7F383F23446204670BD5D
:10F7F00030B5054C8568A54203D0BDE83040F2F332
:10F8000021B7002030BD00BF080000208B7910B563
:10F81000044C0BB1012323702FF0B2DB00232370C3
:10F8200010BD00BFE40C0200054B0269197829B134
:10F83000D2F8D02012B100221A7070471AF0309D11
:10F84000E40C020038B50546F3F71BFA012801461F
:10F8500007DD044C012328462370FAF3ABF500239F
:10F86000237038BDDC0C020010B5074C2378012B47
:10F8700009D0064B1B78012B05D001232370FAF326
:10F880000BF70023237010BDF00C0200DC0C02000B
:10F8900010B50446F9F332F7002384F8173284F8E0
:10F8A000183210BD10B590F8163204465BB1084B03
:10F8B0001B6843B1D0F88011D0F884210223C068BE
:10F8C0004A40FBF38BF32046BDE81040F9F3C6B580
:10F8D000900802000FB430B5114AADF5037D96458E
:10F8E00015D0104A964512D087AB684640F20121E8
:10F8F000869A8193F2F3DAF40025044604E01DF8B9
:10F900000500F7F31DF10135A542F8DB00E0002406
:10F9100020460DF5037DBDE8304004B0704700BFC0
:10F92000DB628200FB5482002DE9F0478CB0149F0B
:10F930000E469846394600230446154608932FF094
:10F9400059DD8146D0F8DCA265B1B8F1030F09D9C1
:10F950002946042208A8F2F30FF308A82946042236
:10F96000F2F30AF35F2E20DC5E2E80F2C581352E85
:10F9700079D00EDC162E00F07D8103DC152E40F0D0
:10F9800035826BE11C2E00F08A812F2E40F02E82F2
:10F9900033E1372E00F0CD80C0F2AC80382E00F07D
:10F9A000EF80392E40F0228209E1D72E00F0BF818E
:10F9B0000DDCA52E00F0468103DC9F2E40F0168260
:10F9C00073E1C42E16D0C52E40F0108230E0B6F59B
:10F9D0009F7F00F0C58103DCD82E40F00782AEE1A6
:10F9E00040F23F139E4200F0CA81B6F5A07F40F07E
:10F9F000FD81CFE1A348FFF76DFF0123B8F1070FA9
:10FA0000C8BF69682046D8BF00218DF82F30099102
:10FA100013F046DC0746002840F0F0810899CA0739
:10FA200000F1D581204689B216F09ADB2860E5E125
:10FA30000123B8F1070FC8BF69682046D8BF00216D
:10FA40008DF82F30099113F02BDC0746002840F089
:10FA5000D581089AD30700F1BA8191B22046120CE1
:10FA60001CF0B8DBCAE123681B7E002B00F0C181CB
:10FA7000B8F1050F40F2C081B8F10D0F0BD9204647
:10FA800005F10801A8F1080203F0C4DA07460028CE
:10FA900040F0B48109E0294604A80622F2F36CF292
:10FAA0000023069304AD4FF00E0899F80660B6B92E
:10FAB000DAF8901031B160689AF89420F7F318F1F1
:10FAC000CAF890608AF8948060684146F7F300F1C4
:10FAD000CAF8900018B129464246F2F34DF2484662
:10FAE00029462BF0F3DADAF89070002F0CBF0746A6
:10FAF000002783E10023009320462946424609ABB4
:10FB0000F3F7B1FD0746002840F07881099A032AEF
:10FB100000F06381236B19688A4207D05B68D3F1D8
:10FB2000010338BF00230E3354F82330D3F8F030EC
:10FB300069E10023009320462946424609ABF3F7CA
:10FB400092FD0746002840F05981089A02F16403AB
:10FB5000672B00F23F81099B032B04D0216B0968BE
:10FB60008B4240F04B81002A04DB2046216B2BF0B6
:10FB7000F1DB0246236BC3F8FC20C3F8F0203DE123
:10FB80000023009320462946424609ABF3F76BFD5C
:10FB90000746002840F03281099A032A00F01D81AF
:10FBA000236B19688A4207D05B68D3F1010338BF21
:10FBB00000230E3354F82330D3F8F43023E100232C
:10FBC000009320462946424609ABF3F74CFD074611
:10FBD000002840F01381089B642B00F2FE80099AF4
:10FBE000032A04D0216B09688A4240F00781226B06
:10FBF000C2F80031C2F8F43000E12368089D93F8A0
:10FC00003F30002B40F0EC80D4F86801837913B1C9
:10FC1000042144F0CDDC003594F8723218BF012580
:10FC200084F8505784F85955002B40F0B18004F502
:10FC3000AA61D4F85C010DB10E3100E00A3136F052
:10FC400091DA9AE001230022029320460E491346DE
:10FC50008DE82001039713F0A3DB8EE0B9F95E3045
:10FC60002BB9B9F95C30003318BF012300E002233F
:10FC70002B608DE0089B022B08D10023A9F85C3093
:10FC8000012309E015DE01001C738600003318BF54
:10FC90000123A9F85C300023A9F85E3078E02368DE
:10FCA00001211869FBF302F372E0A8F104080623AE
:10FCB000B8FBF3F32B60D4F8000500230AA90893DE
:10FCC00045F008DA11E03B7E98070ED508982A68BF
:10FCD000431C9A420893C0F08F80062202FB00501A
:10FCE00007F11A010430F2F347F10AA845F0FAD9F6
:10FCF00007460028E7D185E0B8F1070FC8BF69685B
:10FD00002046D8BF002113F0CBDA0746002875D172
:10FD10003E493F48FFF7DEFD236B0DF12F020092B5
:10FD20001869314642462B4602F037FC25E0D4F8EC
:10FD300068319F79002F56D194F8163763E0D4F8D4
:10FD400068319B79002B4ED1226B204612682946E0
:10FD500000920122019202930393FDF7E9FE0CE069
:10FD600099F80630002B41D199F81130002B3DD085
:10FD7000D9F80C0029460BF07BFC07463EE02368CF
:10FD80001B7E002B35D020462946424612F0C2DCAD
:10FD9000002733E0B8F1430F2ED91E4C2946032229
:10FDA0002046F2F3E9F0EB78291DE37014221A489B
:10FDB000F2F3E2F005F118011D221848F2F3DCF02D
:10FDC00005F135010E221648F2F3D6F0E0E76FF0A8
:10FDD000140713E06FF01C0710E06FF002070DE04E
:10FDE0006FF01B070AE06FF00F0707E06FF01607D0
:10FDF00004E06FF0030701E06FF00D0738460CB028
:10FE0000BDE8F087089B2B60F8E700BFA1DE01008A
:10FE100021DE01005801020024C8010088C301004E
:10FE2000F80C02002DE9FF470C9C0546D2F8D4627D
:10FE300017469846D4F800A000940CF0D9D82A6848
:10FE400092F84630980739D0D7F8CC30D90435D459
:10FE500096F93410002931D1526B7AB313F00209AC
:10FE60002CD102A8164903222768F2F385F0022359
:10FE70008DF80B3001238DF80D3095F8FA31474499
:10FE80008DF80C9033B196F96A30002B03DA95F8AF
:10FE90000A9700E09946D044B84502AB28BFC7EBAB
:10FEA0000801009338BF002138460723DD228DF872
:10FEB0000E901CF06BD9236809332360BDE8FF87DF
:10FEC000B3B801002DE9F0419046D0F8D82206469B
:10FED00052680D46012A0368D0F8DC4206D0A1F131
:10FEE000040EDEF1000747EB0E0700E000271A685A
:10FEF000616AD269126D914238BF62624DB9D4F81D
:10FF0000901031B1586894F89420F6F3F1F6C4F8E3
:10FF1000905030462946424626F05ADC0FB1002365
:10FF20006362BDE8F08170B506460D461FF072DCD5
:10FF3000294604463046F9F769F9204670BD0000AD
:10FF400010B588B00A9C00940B9C01940C9C029400
:10FF50000D9C03940E9C04940F9C0594109C069495
:10FF6000119C0794F4F3BCF4044B04210446D3F829
:10FF70008C300A469847204608B010BDE0A68500A0
:10FF800038B590F8A131044663B903681B6F4BB1D3
:10FF9000D0F81C58F6F336F3D4F82038EB1A1B18B7
:10FFA000C4F81C382046BDE8384015F07D9E2DE988
:10FFB000F04104461BF066DA236B1B68022B47D125
:10FFC00020692CF0EFD900283AD0236893F842201A
:10FFD000002A3DD0D4F868219179002938D193F8CE
:10FFE0003F30002B34D0D4F86C32B4F82806D3F864
:10FFF000D422528E90422BD1D4F8F82742F20E70C0
:020000040811E1
:100000001588013DADB285421AD8D27820462AB172
:10001000D3F8E0321B695B42934200DC01211FF000
:1000200055D8D4F8F8371B7993B1D4F86C22D2F8AC
:10003000E022126952429A420ADD2046002105E080
:10004000204601211FF042D8204601211FF024D86C
:100050000026A319D3F84C52ADB1D5F88C7097B9DE
:10006000AB7983B1AB6D9B070DD595F8843053B157
:10007000F6F3C8F2D5F8901029F07ED918B1C5F87A
:10008000887085F884700436202EE2D1236B1B68BB
:10009000022B6DD120692CF085D9002868D0D4F8C6
:1000A00068319B79002B63D1236893F83F30002B94
:1000B0005ED0D4F86C32B4F82826D3F8D4325B8EF4
:1000C0009A4255D12046922116F04AD8400085B276
:1000D000002D4DD005F118073946204616F040D8BE
:1000E00005F11A010646204616F03AD839468046F0
:1000F000204616F035D88642ECD1D4F8F83746EAD7
:1001000008469A689E6096428CBFC2EB06020022A7
:100110003AB15A7901325A71D4F8F83700229A71FB
:1001200005E0997901319971D4F8F8375A71D4F80A
:10013000F8576B79052B0ED9EB68CBB9236B18698F
:1001400002F05CFD236BE86018694FF4E151BDE8F3
:10015000F04102F056BDAB79012B09D9E96839B1FC
:10016000236B186902F04DFDD4F8F8370022DA60ED
:10017000BDE8F0812DE9F04F87B09A4604460F465E
:100180001646DDF84080119D9DF84890F9F795F8E6
:10019000D4F8B02383460592F6F3CCF100F57E73D4
:1001A0000733B3F5A05F024602D22448244917E082
:1001B00058460BF0B7DED4F8C033984215D303236A
:1001C000009300230193029303935846172106F1ED
:1001D0000A02012313F06CDC1A481949D4F8C02331
:1001E00007B0BDE8F04FFFF775BB059A92F84630AF
:1001F000980715D0BA6D40F23713134083B19BF8BE
:100200006937D9070CD56B68DA0309D52B6C012B3C
:1002100006D10022584629461346009212F0E6DC29
:100220002046394632465346CDF840801195CDF8E8
:10023000489007B0BDE8F04F23F0229A47DE010056
:10024000F0DD010065DE01000C2A70B504460D46A4
:10025000164654D8324B934051D5D0F8B4364BB1F2
:10026000D3F8D83233B15B68012B48D0032B46D08A
:10027000022B44D0204616F0B9DD00283FD1D4F837
:1002800068315B69012B3AD045B1AB7933B1AB6DC5
:100290009A0703D5D5F88830002B37D1D4F8180841
:1002A000FFF362F128B1D4F86801092144F080D944
:1002B00017E0D4F86801082E837901D00C2E01D103
:1002C0007BB128E0002B24D0D4F82835022B03D0B2
:1002D00094F8F437DB071ED5092144F069D90020D2
:1002E00070BD082E1AD1204629460222002326F08E
:1002F000ABD9002814BF4FF0FF30002070BD20465E
:1003000029463246BDE870402AF0529D6FF0190030
:1003100070BD184670BD6FF0180070BD002070BD34
:100320000000A81238B501220C46D1F84C1505463C
:100330002FF00EDD28462146BDE838402EF0DC982F
:1003400010B50C462EF09CD918B994F8F53284F803
:10035000F43210BD03681A68536B23B192F844302D
:100360000BB131F0739F18467047036A30B5002B0C
:100370002BD003680C691B688D8A93F895303BB1CC
:10038000CB8A03F08003002B0CBF1E230C2300E05C
:100390000C2303F10B02954217D3E218E35C547867
:1003A0001B021B199BB2B3F5006F0ED193781B098A
:1003B000042B0AD1D37A012B07D1436A013343625C
:1003C000C3680133C360002030BDBDE8304040F059
:1003D000BF9C38B103682BB121B993F80B270AB140
:1003E00083F80B1718F0BA9EB0F854380BB11AF016
:1003F00053987047F8F714BFFEF75EBD38B5054651
:10040000D0F8B40058B103784BB1F2F743FA044680
:1004100030B9D5F8B4000121F2F300F400E0012472
:100420002846F4F3C1F634B9D5F8B4002146BDE846
:100430003840F2F3F3B338BD2DE9F04F87B00393A2
:10044000119B159F0493149B8A461646DDF840B015
:10045000129DDDF84C80059327B1B96811B10120D8
:10046000F2F73EFF0446002835D0036806F001028B
:100470000092186851462A46434612F025DF81460D
:1004800000282AD1112E02D0132E11D109E02846BE
:10049000F2F362F2002820D104F5B8702946062252
:1004A00003E004F5B67029460422F1F365F514E083
:1004B000049B20461193059B51461493039B32469F
:1004C000CDF840B01295CDF84C80159707B0BDE837
:1004D000F04FFCF335B76FF01609484607B0BDE89A
:1004E000F08F000038B5D0F868410CB1A56800E085
:1004F0002546044C2560FCF3FFF7411C01D1002385
:10050000236038BDD40C0200034A136813B10021E4
:1005100011601846704700BFD40C02002DE9F0416D
:10052000164602680C4612681F4692F8952005464A
:100530000969A38A12B1E28A100607D5152B05DDD9
:1005400008480E310622F1F3FBF438B12846214663
:1005500032463B46BDE8F041FDF370B24FF0FF304C
:10056000BDE8F081B7B8010070B504461D46FFF341
:1005700031F1064640B1636893F8AB3023B1E06FC8
:100580002946F2F735FCB060304670BD38B5436897
:10059000044693F8AB300D4613B18868F2F747FC78
:1005A00020462946BDE83840FFF3F0B12DE9F34776
:1005B00007460E4692461D46002B59D0012957D1B9
:1005C0004FF4C0730193FAF395F54FF440718046F0
:1005D000F6F37EF30446002852D000214FF4407217
:1005E000F1F32EF538463146224601ABF1F3BEF366
:1005F0001E3037D1202222710422019B6271D02249
:10060000A27102224FEA4309E2714A236222237057
:1006100022720B23A92263706272FF2304EB09028A
:10062000A370E37002F8023C02F8013C05F10C03F0
:1006300099450EDD2A46514604F10A00F1F39CF477
:100640003846314622464FEA690310F08FFB0546D3
:1006500001E06FF00E05404621464FF44072F6F37C
:1006600047F30FE0404621464FF44072F6F340F363
:100670002B46384631465246F0F3A4F4054601E0D5
:100680004FF0FF352846BDE8FC872DE9FF41804645
:100690001E469F6B156946F013D80446C8B93B7ACD
:1006A000022B16D1AB79A3B1B6F868308BB1AA6D25
:1006B00040F23713134063B195F884304BB995F984
:1006C0004820316F8DE8810002901123404645F0AB
:1006D000CFDB204604B0BDE8F081F8B5D0F8B043D8
:1006E000D0F8AC7321F026DA94F82F300646FBB12F
:1006F00000257B19D3F84C42BCB1A379ABB1237967
:100700009BB1A36D9B0710D594F884306BB1F5F3C2
:1007100079F7D4F8901028F02FDE30B10023C4F818
:100720008830C4F88C3084F884300435202DE0D132
:100730003046F8BDF0B585B00A9F0E4600970B9F76
:100740001D4601970C9F044602970D9F039728F0C2
:1007500005DFB3795BB12946204645F039D901461A
:1007600028B1204605B0BDE8F04045F0299805B015
:10077000F0BD00002DE9F3411F46036804461B7ECF
:100780000D461646002B4AD090F87532002B46D104
:10079000D1F800804046FEF73CFC03690246997997
:1007A000B1B1817EC80713D5D3F8CC1049050FD459
:1007B000B4F8261601F47041A1F58050414241EB96
:1007C0000001103153F8213013B193F8DF3033BBFF
:1007D0005168002923DB164B0B401BB1B8F81630CB
:1007E00003F0070349061AD512492046CB5C02A93B
:1007F00041F8043D3B600AF043D901300FD0019B22
:100800003A689A420BD00C4A3B60D25CB8F816307A
:1008100002F0070223F007031343A8F8163020461E
:10082000294632463B4614F0BFDBBDE8FC8100BFE1
:1008300040000180C4D2850014FF010000207047F1
:10084000704700207047704700207047704770471E
:1008500070477047002070470020704700207047A5
:100860007047002070477047704700207047002095
:10087000704770477047704770470020704700000E
:10088000C26938B5120504460D46036914D50268DD
:10089000D2F88C108A6B01328A634FF47A71B2FB02
:1008A000F1F001FB102119B90648D96BFFF712F8D6
:1008B000E36923F40063E36120462946BDE838403C
:1008C0002DF0809A1CC00100F8B504460F4616466C
:1008D0001D46F8F7F7F82046394632462B461DF0FC
:1008E00083D92046BDE8F840F7F7F8BF08B511F006
:1008F0007DDF38B1436A190304D4026812B143F4AE
:100900000023436208BD70B50368044693F8423083
:100910000E46154623B1D0F840010122F8F710FB2E
:10092000204631462A46BDE8704025F08F9A73B5BF
:1009300002F5457400EB440440F62A16A588A6800B
:10094000069E009603F0E4DEA5807CBD70B50C46E3
:1009500016464D6C18F042DB20B9B30202D5636C29
:100960006564A36470BD70B5056804462B680E46C7
:1009700093F830304BB12B6B186900F019FE738E71
:1009800098421CBFD5F84025538620463146BDE825
:10099000704029F033980000074B1B783BB1074BA0
:1009A0001B68984203D2064B53F820300BB935F040
:1009B000E5981846704700BF7C0202006001020003
:1009C0006401020000207047074B1B783BB1074BC6
:1009D0001B68984203D2064B53F820300BB934F011
:1009E000D59C1846704700BF7C02020078020200C6
:1009F000540002002C4B2DE9F04105460C46D3F87B
:100A0000008000260BE0294F284607EBC607394631
:100A1000F1F384F310B9FB789C4243D0013646458C
:100A2000F1D1234B0026D3F800800FE0214F284658
:100A300007EBC6073946F1F371F330B9FB789C42F6
:100A400003D11D4B01221A7010E001364645EDD14D
:100A50000CBB1A4B2646D3F800800BE0184F2846F3
:100A600007EBC6073946F1F359F310B9381DBDE855
:100A7000F08101364645F1D1124B134FD3F8008077
:100A8000002606E039462846F1F348F3043740B122
:100A900001364645F6D128462146BDE8F04134F0FE
:100AA0009D9B0A48BDE8F081D80C020008DE0100D9
:100AB00074020200580102007C020200E80C0200ED
:100AC000B4DE0100EC0C0200A1DE0100CA028600C7
:100AD00010B5034C216034F0ABDF0023236010BD60
:100AE000F40C020038B50D46002408E008492846F9
:100AF00001EBC4010422F1F323F230B10134054BC0
:100B00001B689C42F2D3002038BD012038BD00BFD5
:100B1000B4DE0100E80C02002DE9F047234B8EB053
:100B20001D68234B07468846D3F80090002D39D026
:100B3000036BA96818696A46002400F06BFD26461D
:100B40002CE01C4B03EBC40AAB68012B04D19AF8D0
:100B50000500FFF737FF03E09AF80400FFF71CFFDA
:100B600007A935F041D9002307AA995C1DF8032095
:100B700011420FD03846514634F018DB40B1B8F17D
:100B8000000F05D008EB860051460422F1F310F364
:100B9000013602E001331C2BE6D101344C45D0D1A3
:100BA000304600E028460EB0BDE8F087F40C0200A5
:100BB000E80C0200B4DE0100F8B507460E4600243A
:100BC0000EE00A4B0C2505FB043538462946F1F3A7
:100BD000A5F220B92B799E4201D1A868F8BD013455
:100BE000034B1B689C42ECD30020F8BDF0DD0100F4
:100BF000E00C02000129034610D0D0F8BC20082ADE
:100C0000D0F8B02008BF41F40071A2F8D813B2F8B0
:100C1000DA03002280B2A3F8202670474FF6FF7057
:100C20007047D0F8B030A3F8D813A3F8DA23704790
:100C3000D0F8B030002130B5A3F8D8130124B3F8B0
:100C4000DA230225A3F8D843B3F8DA43A3F8D8533C
:100C5000B3F8DA33A4B2A0F820169BB2C2F30311A2
:100C600041EA027244EA032042EA003030BDD0F883
:100C7000B0300022A3F8FC13A0F82026B3F8FE033E
:100C800080B27047D0F8B03041EA0242C3F8FC238A
:100C90007047002380F8E33000F58052FF2300F511
:100CA0008A5082F83A3080F830307047FFF7C0BF82
:100CB00000207047B0F8DA3003F47043B3F5805F7A
:100CC00009D1032A17DDA2F16503032B13D9A2F181
:100CD000C9030F2B0FD9132A0DDCA2F13403642BA7
:100CE00009D9A2F1A9031F2B07D9D13A072A94BF2A
:100CF0000020012070470020704700207047B0F8A6
:100D0000DA3003F47042B2F5005F06D1DBB2C018EE
:100D100000F59A502F30007900E0002040B2704773
:100D20000B7810B580F82C364B7880F82D368B7800
:100D300080F82E36CB7880F82F360023CA18147925
:100D4000C2180133082B82F83046F7D110BD22B10A
:100D500000F5805300229A609A8100F5825001606C
:100D6000012070476FF016007047F8B500F59056F7
:100D700096F83E3004468B420D46174603D0D0F815
:100D8000883003B1984704F59254278086F83E5086
:100D9000F8BD0020704710B590F8E93094B043F0EA
:100DA000010380F8E93004460021302201A8F1F364
:100DB00047F1002110220DA8F1F342F10021042295
:100DC00013A8F1F33DF111A800210822F1F338F145
:100DD00094F8E930002023F0010384F8E93014B0DE
:100DE00010BD002109F03BBBC36970B5DC681B6D09
:100DF0000546DB070E4607D52046FAF359F018B131
:100E0000EB699B6998000FD4EB691A6DD10739D54E
:100E10005A6D120636D4D868FAF3E8F1002831D0BA
:100E2000EB699B699B002DD5D5F8F830980729D43C
:100E30006369E6B106F47042B2F5005F17D1222B68
:100E40001149CCBF0C230023F2B2D8BF0F2120469A
:100E50009A400123FAF334F063690C49222B2046AF
:100E6000D8BF7021CCBF4FF40072102205E00649B4
:100E70002046222BD8BF0F2100220123BDE870405D
:100E8000FAF31EB070BD00BF00F05555000E555569
:100E900008B51429D0F8A82002D015290ED109E0F0
:100EA00092F91A2002A941F8042F18460422F1F3FE
:100EB00063F001E0039B9376002008BD6FF01600FD
:100EC00008BD10B590F81A360C462BB102312246F7
:100ED00009F01CFFA378637010BD012109F01CBB51
:100EE00010B500230446E21801337F21652B82F8F8
:100EF0009116F8D12046FFF7F0FF2046BDE81040DC
:100F0000FFF76FBF044B1B78012B02D1002000704C
:100F1000704715F0B5BF00BF28090200044B1B78CD
:100F2000012B02D100200070704715F0D1BF00BF27
:100F30002809020010B51446FFF7F0FF28B1002180
:100F40000A46BDE81040F1F303B4204610BD00226C
:100F5000FFF7F0BF2DE9F04105460C4617461E4647
:100F6000FFF7DCFF38B1284621463A463346BDE854
:100F7000F04115F0EDBF3046BDE8F0810023FFF7EA
:100F8000E9BFC36918693FF0C99BC36918693FF09D
:100F9000BB9B70B505460C461646FFF72BFE214657
:100FA00000EA06022846BDE87040FFF73ABE70B579
:100FB00005460C461646FFF71DFE40EA060221468E
:100FC000284692B2BDE87040FFF72BBEF8B5054643
:100FD0000C4616461F46FFF70DFE20EA06023E406D
:100FE00032432846214692B2BDE8F840FFF719BEC9
:100FF000F8B51F46069B15461980079E0C46FFF75D
:10100000F9FD089B30801C8033882F4023EA0503BC
:1010100043EA0705099B1D80F8BDD0F8B030A3F85E
:10102000FC13B3F8FE130A40A3F8FE230023A0F834
:1010300020367047D0F8B030A3F8FC13B3F8FE1395
:1010400089B20A43A3F8FE230023A0F82036704794
:1010500010B5D0F8B0401340A4F8FC13B4F8FE1358
:1010600089B221EA02021A430023A4F8FE23A0F861
:10107000203610BD70B50B4605462DE01C46561EA9
:1010800034F8022B910402F44042890CB2F5804FEF
:1010900012D001DC3AB11DE0B2F5004F11D0B2F52B
:1010A000404F17D112E01C465A88284634F8043FB6
:1010B000FFF7CEFF013E0DE028465A88FFF7E2FD1C
:1010C00008E028465A88FFF7A8FF03E028465A8818
:1010D000FFF7B0FFA31C721E002ACFDC70BDF8B56D
:1010E0001F46069B15461980079E0C46FFF7BFFD5D
:1010F000089B30801C8033882F4023EA050343EA95
:101100000705099B1D80F8BD29B140F23B414FF610
:10111000F872FFF782BF02490422FFF7ABBF00BF9E
:101120007CDF010058B1B0F8DE00B0F5006F05D0EB
:10113000B0F5406F0CBF8020002070474020704702
:10114000012380F8E130704780F82416704790F949
:1011500024067047704710B1C36903B159777047CF
:1011600010B1C36903B11977704790F8E33010B537
:101170000446002B5FD16422A0F89C28A0F89E288A
:101180004FF44872A0F8A4286422A0F8A628A0F87A
:10119000A828A0F8AA28A0F8AC28A0F8AE28A0F8A3
:1011A000B028A0F8B228A0F8B4280A22A0F836285F
:1011B000A0F85428A0F83A28A0F85C28A0F838280D
:1011C000A0F85628A0F83C28A0F85E28A0F82A2805
:1011D000A0F82828A0F82C28A0F82E281422A0F87F
:1011E0003228A0F834280A22A0F89027A0F89227E5
:1011F0005022A0F894270A22C0F8A038A0F830386E
:10120000A0F8AC37A0F8AE37A0F84A28A0F84828D4
:10121000C0F85838C0F86038436AA0F84C28A0F8E5
:101220004E281422A0F85028A0F8522803B198475D
:10123000012384F8E33010BD08B500F59653996A90
:1012400041B1C36918693FF087DAD0F1010038BFB6
:10125000002008BD084608BD2DE9F84F0C46D1F81E
:1012600010A0D1F800809B468968E368002743EA14
:10127000812311469AB20546BDF828903E46FFF7F5
:1012800001FD1BE0BAF1200F0BD158F807202846CA
:101290005946120CFFF7F6FC2846494638F8072055
:1012A00008E0BAF1100F0CBF38F8162018F8062025
:1012B00028464946FFF7E6FC0136043763689E423C
:1012C000E0D3BDE8F88F2DE9F74F0C460193D1F834
:1012D00010800E68E36889684FF0000A43EA8123B2
:1012E00011469AB20546BDF83070D146FFF7CAFCE8
:1012F00022E0B8F1200F284639460DD1FFF7B7FCA0
:101300000199834646F80A002846FFF7B0FC4BEAED
:10131000004046F80A000BE0B8F1100F04D1FFF7C7
:10132000A6FC26F8190003E0FFF7A1FC06F8090067
:1013300009F101090AF1040A63689945D9D3BDE8A6
:10134000FE8F7FB50293089B03910593099B019241
:10135000049301A90A9B984707B000BD7FB502938B
:10136000089B03910593099B0192049301A90A9B91
:10137000984707B000BD0000F0B53F4B8BB0D0F8E8
:10138000B04007460D466A4603F1100E18685968CA
:10139000164603C6083373453246F7D11868374BF3
:1013A000306005AA03F1100E18685968164603C686
:1013B000083373453246F7D1186830600DB16B467B
:1013C00000E005ABFA690021106914223FF0BAD998
:1013D0000023A4F86835002D4FF48073A4F8C037BB
:1013E0000CBF40234123A4F80C3541F60223A4F896
:1013F00014354FF00003A4F80835A4F80A35A4F812
:101400004C354FF01403A4F86A3540F62603A4F8CF
:1014100068354FF00003A4F800354FF0D003A4F86E
:1014200002350CBFFA261E26B4F80235002502E06C
:101430000A20F5F391F1B54209DAB4F80E35013519
:101440001B06F5D403E00A20F5F386F100E00B2536
:10145000013D08D0B4F80E355805F4D503E00A2054
:10146000F5F37AF100E00B25013D03D0B4F8903696
:10147000D905F4D40BB0F0BDBEB80100D2B801005C
:10148000D0F8F8300AB10B4301E023EA0103C0F8B9
:10149000F830704710B5D0F8F83021B143F01003A0
:1014A000C0F8F83010BD23F01003D207C0F8F830B0
:1014B0000BD500F58E535C6BC3691A6A9B6E9A421A
:1014C00088BFC3EB0201C4F8901010BDC36910B50A
:1014D0005821044647F67F7218693FF029D9E3691D
:1014E0005A21186947F67F723FF022D9E3697021CB
:1014F000186947F67F723FF01BD9E36972211869BA
:1015000047F67F72BDE810403FF0129938B5D0F829
:10151000B0300446D3F82031C3690D461A6DD007A8
:1015200007D5D868F9F3C4F418B1E3699B69990049
:101530000ED4E3691A6DD20715D55A6D100612D470
:10154000D868F9F353F670B1E3699B6999000AD53D
:1015500020461DB92946FFF747FC14E0B4F8DA101D
:10156000FFF742FC00E075B1062220460A49FFF76A
:1015700081FDD4F8A83093F82C30012B0AD12046F5
:101580000649042202E0064920460E22BDE8384002
:10159000FFF770BD38BD00BF70DF01009AE50100A4
:1015A000A2E50100A0F8DE107047A0F8DA1070473D
:1015B000B0F8DA00704740F6C31398420AD941F2F6
:1015C000C843984208D941F2446398428CBF032033
:1015D00002207047002070470120704770470000CC
:1015E00010B50023064A990032F82340844202D104
:1015F0005218508810BD01330E2BF3D1002010BDBE
:1016000038DF010008B5C8B2FFF7EAFFBDE80840BF
:10161000FFF7D1BF70B506460D46104614460021AF
:101620001C22F0F30DF5002206F592510E4B097ABB
:10163000D35A19B1942B01D9A52B11D9022D02D15E
:101640000E2B04D90CE0012D0AD10E2B08D9D90894
:10165000012003F0070310FA03F3605C03436354B3
:101660000432382AE0D170BD38DF010030B500F512
:101670009250047A00220F4BD35A43F430600E2B61
:101680008CBF4FF480554FF4005528431CB1942B68
:1016900001D9A52B08D9022902D10E2B04D830BDBF
:1016A000012901D10E2B03D80432382AE3D1FF20BF
:1016B00030BD00BF38DF010010B590F8B2320B60CA
:1016C00090F82B364BB190F82A3690F8F8465BB27A
:1016D00014B15B4243F080430B6012B190F8F736CF
:1016E0001370002010BD30B500F5805595F83B50C3
:1016F000039CAD000E29157006D8002CA8BF001958
:1017000090F81E211A7030BD7F221A70A1F12202BA
:1017100034EA240428BF04241E2A03D8021992F8AC
:1017200083211A70A1F16402282A03D8021992F8C1
:10173000E8211A709539102903D8001990F84D2224
:101740001A7030BD2DE9FF470024074688469146B0
:101750009A46FF25264641460DF10F020DF10E0374
:1017600038460094FFF7BFFF07F598539B799DF823
:101770000E2059B28A42C6BFC3EB0203DBB200237C
:101780000134B34228BF1E46AB4238BF1D46142C5D
:101790008DF80E30DFD189F800608AF80050BDE87E
:1017A000FF87704790F8290670472DE9F04FB0F891
:1017B000DA30C26903F47043B3F5805F14BF0225C9
:1017C0000125A5B0526C059540F23951D0F8A850CA
:1017D0008A420446079503D040F28B518A4205D1D4
:1017E000A3F580514B4243EB010300E00023DBB241
:1017F000002165220AA80893F0F322F4B4F8DA5025
:1018000005F44073B3F5407F0495EEB20BD0B3F509
:10181000007F03D1DD2E05D8023604E0022E01D967
:10182000023E00E0002620460599FFF759FB2046BE
:10183000FFF765FA0025B0460990A34603954FF0DF
:10184000FF0AA9462646E8B20690049920462A4691
:10185000FFF730FA00285FD096F8B27294F8AC30F7
:101860000DF1280C05F80C7063B120464146059A2D
:10187000069BCDF808C0FFF78CFADDF808C03818D1
:1018800005F80C0041460DF18F020DF18E03204644
:101890000095FFF728FF9DF88E3096F82C269A4287
:1018A00028BF1A4604F598539B7959B28A42C8BF9B
:1018B000C3EB02020AABE95CCCBFD2B200228DF8C6
:1018C0008E208A4228BF0A4694F8E010EA54642920
:1018D00004D84A43642092FBF0F2EA540AABE85C75
:1018E0009DF88F1096F89126884228BF01460998E6
:1018F0008A4294BFC0EB0200C0EB0100C1B2039A60
:10190000E954069B514538BF8A46494588BF1A4667
:101910000392494528BF894601350136142D92D1DD
:10192000652204F5A2600021F0F38AF3039D0022F2
:1019300094F81A0684F8189684F829A684F82AA63A
:1019400084F8F82684F8195623460AA9515C83F8CE
:10195000751508B1089D15B1C1EB090101E0CAEB8D
:101960000101013283F810150133142AEDD100234F
:101970005A46079D92F91015B5F9E603013341184F
:10198000DBB282F810150132042BF2D1E36A0BB1FD
:101990002046984725B0BDE8F08F7F2938B504462A
:1019A00026D80023E2180133652B82F8B212F9D150
:1019B0000023E26984F8F736107FF0B1D4F8F8100C
:1019C000890717D4D4F8B030D3F8203103F00103DD
:1019D00083F0010513B110693EF0DCDE2046FFF70D
:1019E000E4FE4DB9E36918693EF0C0DE284638BD13
:1019F000052038BD184638BD002038BD70B500F54B
:101A00002C760D4604460422B01CF0F3B5F2291DD5
:101A10000822B01DF0F3B0F204F52E7005F10C01B0
:101A200008220630F0F3A8F204F5387005F134010D
:101A300008220630F0F3A0F204F53A7005F13C01FB
:101A400008220630F0F398F204F5307005F1140125
:101A500008220630F0F390F204F5327005F11C0113
:101A600008220630F0F388F204F5347005F1240101
:101A700008220630F0F380F204F5367005F12C01EF
:101A800008220630F0F378F204F53C7005F14401C9
:101A900008220630F0F370F204F53E7005F14C01B7
:101AA00008220630F0F368F204F5407005F15401A5
:101AB00008220630F0F360F204F54270063005F1BA
:101AC0005C010822F0F358F295F8643084F816337C
:101AD000D4F8B030D3F8205115F0010509D12046D3
:101AE000FFF763FE5DB1E3691869BDE870403EF041
:101AF0003D9EE369012518693EF04CDEEFE770BDBD
:101B000080F8E0107047C3699961704780F8D5107C
:101B10004176704770B504460D46FFF701F922463D
:101B200021460023E818067D16B181F8386602E0E8
:101B3000007981F8380601330131082BF2D10023F6
:101B4000E91891F8440010B182F8480602E00979DA
:101B500082F8481601330132082BF1D1E369186984
:101B60003EF018DE2046FFF720FEE3691869BDE865
:101B700070403EF0FB9D80F8D91070477047000020
:101B8000F0B5C16985B04B7F0446002B6AD090F850
:101B90001A36002B4AD008693F2228213EF0C8DDC2
:101BA000E3692421186910223EF0C2DDE36994F84C
:101BB00029261869262112013EF0BADDE369322197
:101BC0001869B4F8FC263EF0B3DD26460025264A07
:101BD00002AB1068516803C3E369186902AB595D31
:101BE0003EF07EDDE36996F914250746B91D1869B4
:101BF00092B23EF09DDD96F91425E36902EBD272B4
:101C000052105242186907F10E0192B201353EF0AE
:101C10008FDD0136082DDAD1E3690322009280229C
:101C20001869012113463EF04FDD1BE003460422F4
:101C300093F91405C51D48BF00F10E0525F00705F1
:101C4000013283F8145501330C2AF1D194F914258B
:101C500008690732D2104E2192B205B0BDE8F040BB
:101C60003EF0669D05B0F0BDE6B8010090F81A069A
:101C7000704700F582531B793BB180F81A1680F843
:101C80001B1600F5905080F83C10704701232DE999
:101C9000F0430B730B68914643F008020A60B0F9F9
:101CA000FA2685B0013204BF43F009030B6090F8B7
:101CB0001A3605460C461BB10B6843F002030B6055
:101CC0002F4626464FF0000897F8B2322846B377E1
:101CD00049460DF10F030DF10E02CDF80080FFF71C
:101CE00002FD9DF80F3008F1010886F8B03197F831
:101CF0007535013786F879320136B8F1140FE3D122
:101D000095F81A3633B3EB691B7F1BB32846FFF7F0
:101D100038F995F818362846A37595F81836E375FE
:101D200095F81936A37695F81936E37608F0E4FFAE
:101D3000236810B143F0030301E023F003032846B6
:101D4000236004F10D0104F1150208F0DFFF2846BD
:101D5000FFF71BF905B0BDE8F08390F8D83013B158
:101D6000002380F8D83000207047C369012093F821
:101D700081300B70704773B5C3694FF0030283F86D
:101D80008110C369012900920D464FF001024FF006
:101D90000001044618698CBF13460B463EF094DCE4
:101DA000E3695A7F002A31D0D4F8B020D2F820213C
:101DB00002F0010282F0010612B118693EF0EADC7D
:101DC0000222012D20464FF482610DD91346FFF700
:101DD0003FF9A5F1020E0122DEF1000320464FF487
:101DE000826143EB0E0307E00023FFF731F9204641
:101DF0004FF4826101222B46FFF72AF936B9E369D5
:101E0000186902B0BDE870403EF0B09C02B070BDF1
:101E100038B590F8E2300446002B69D1012280F8F1
:101E2000E220D0F8B020A0F8DA10D2F8202100F596
:101E300082521360D0F8F8309A0706D490F8A02E9A
:101E40001AB943F02003C0F8F830256A002D4FD0AE
:101E500001212046FFF758F9B4F8DA10B4F8DE3063
:101E600001F44061994203D0E36918693EF00EDC49
:101E7000012104F5965383F82D102046FFF746FB09
:101E80002046A847002384F8E1302046FFF778FE7B
:101E9000E369204693F88110FFF76DFFE36993F83B
:101EA0008020012AB4F8DA2002F4704209D1B2F598
:101EB000005F01D19A6F09E0DA6F012A88BF002222
:101EC00004E0B2F5005F0CBF1A6F5A6FDA66D96E84
:101ED00020460022FEF73BFF002384F8E230E3694E
:101EE000922118693EF006DC04F5925440006080AF
:101EF00038BD10B590F8E930002B2AD0DB0719D592
:101F0000D0F8F0308B420FD1C369D3F88C401B1945
:101F100083F88220C369D3F88C40072C01D00134A8
:101F200000E00024C3F88C4090F8E93023F001036E
:101F300080F8E93090F8E93013F0020F09D023F06F
:101F4000020380F8E930C3691869BDE810403EF02B
:101F5000179C10BD0B4690F8E910B1B9012B02D0C7
:101F6000022B04D101E0C0F8F02080F8E930C36909
:101F70001B6AC0F8EC3000F5805393F8253023B18C
:101F800011466FF05E02FFF7B4BF704710B504460C
:101F9000FFF70EFB0221C2B22046BDE81040FFF75A
:101FA000D9BF08F038BF0023C1691A46C81890F994
:101FB00082000133082B0244F8D1002AB8BF07324F
:101FC000D20850B27047012106F06CBB704713B5C0
:101FD000044608F0C8FEE269136A0133136294F8FC
:101FE000E810002972D004F59C50418819B1A4F87A
:101FF0008618A4F88818C18819B1A4F88018A4F824
:102000007C1804F59C51898819B1A4F87A18A4F8B1
:102010007E18126EB3FBF2F102FB113323B9204696
:10202000B4F8DA10FEF7E0FED4F8F83013F00E0F33
:1020300005D12046012194F8DA20FFF78BFF94F8B0
:10204000E9304BB1E3691A6AD4F8EC30D31A052BA6
:1020500002D9002384F8E93004F582539A682AB142
:10206000E369196A1B6E8A1A9A420CD3D4F8F830C5
:10207000980708D42046FEF71BFE20B1E26904F55C
:102080008253126A9A60D4F8F83019071ED1D4F836
:102090008C300BB120469847E36918693EF0E4DACA
:1020A00068B1E36901A918690DF107023EF0E6DAAB
:1020B00020469DF80710BDF80420FEF756FED4F820
:1020C000F8301A0702D1204608F0A5FE00201CBDFA
:1020D00000F598531B7D0BB104F0DABF7047002365
:1020E000C169C9180133082B81F88220F8D1002377
:1020F000C269A421D2180133082B82F88210F7D1CB
:10210000C3690022C3F88C20DA6E032A07D100F5D8
:1021100080529169C90702D51B6A0833136100F523
:102120008A53303300224FF6A471013223F8021F84
:10213000102A1984F7D100F58E50002380F8323030
:102140007047000049F675334B6000230B604FF475
:1021500034029842ACBF01234FF0FF3302FB03026D
:102160002DE9F0414FF0B47492FBF4F004FB10221F
:10217000214800FB0323002B05DBDA130132B52ACB
:102180000DDD1B1808E05A42D213013252105242A0
:102190005A3204DA03F534034FF0FF3400E001242F
:1021A0000020024605464E68AB420F68DFF84CC07F
:1021B00046FA02F809DDB8441741F61B4E605CF898
:1021C0000060C1F80080AD1909E0C8EB07081741AD
:1021D000F6194E605CF80060C1F80080AD1B01325A
:1021E0000430122ADFD14B6863434B600B685C43B9
:1021F0000C60BDE8F08100BF00004CFF84DF0100EF
:1022000038B500F58E530546996B08E00B684FF41E
:102210003D72A363EB699868F4F36AF5A16B05F569
:102220008E540029F2D105F5925510354FF6CE7334
:10223000A1636563A5F89430C5F8901038BD00F52A
:102240008E5310B55C6B00F59653996A19B1C3694A
:1022500018693EF081DA00236370A37010BD08B5E1
:1022600033B900F5905090F827101846116008BD5A
:1022700029B1012903D0022901D0032907D100F592
:10228000905383F82710FFF7DAFF002008BD6FF0A6
:102290001C0008BD80EAE073A3EBE073002001E0BE
:1022A0000130C0B253FA00F2002AF9DC704710B5D1
:1022B0000023024618464FF0804119410C18944201
:1022C0004FEA50009CBFC4EB020208430233202BAC
:1022D000F1D1904238BF013010BDC36983F890102E
:1022E000C36983F89120C36983F89210C36983F8A6
:1022F00093207047C36983F89210704700F5985394
:1023000093F9360093F935309842B4BF012002208A
:102310007047000000487047BEE5010010B50C464C
:10232000002108F09CF82070012010BD704708467D
:1023300070470020704700F58E50806B03E0C38823
:102340008B4202D000680028F9D17047B0F8DA104B
:10235000FFF7F1BF70B504460D46FFF7ECFF05F43B
:102360007043B3F5805FE369EAB208BF42F480725C
:102370000646A02118693EF0DBD9A36A04F58E5108
:1023800016B106F5177202E004F5925210324A6354
:1023900013B120462946984736B304F58E535A6B3D
:1023A000537873B1E36904F59656B16A18693EF043
:1023B000D3D9E36900221869B16A13463EF04AD9BD
:1023C00012E004F5905393F827306BB1032B0BD038
:1023D000E369D2F89020196A9B6E8A1A9A4203D355
:1023E00020460221FFF7B2FF20462946BDE8704093
:1023F000FEF7FABCE02910B5044613DC41F4306363
:102400009BB20E29CCBF4FF480514FF400511943B9
:10241000FFF7A0FF0123204684F8D83008F00BFF17
:10242000002010BD6FF0120010BD70B50D460446BF
:10243000D0F8B060FFF791FC1DBB04F596560A2159
:102440002046F28EFEF71EFC204640F24B412A4603
:10245000FEF718FC2046294606F04AF8E369F5869F
:102460001B6D13F0020351D0328FD4F8B0304FF40B
:102470007A70A3F89C24B28FA3F89E24F4F36CF135
:1024800045E0E3691B6D9B071ED5D4F8B02004F529
:102490009653B2F89C14B2F89E2489B292B2996312
:1024A000DA63B6F89C344FF47A7023F400731B049B
:1024B0001B0CA6F89C34B6F89E349BB243F4007310
:1024C000A6F89E34F4F348F1294620460122FFF78E
:1024D00091FF0546D8B904F59656F38E5BB90A21EB
:1024E0002046FEF7C4FB40F24B41F0864FF6FF72E8
:1024F0002046FEF7C7FB2046012105F0F9FF2046E4
:102500000A214FF49472FEF795FD00E01D4628461F
:1025100070BD38B505460C46FFF71FFC28463CB990
:1025200006F0D0FD28464FF4404104F09BFE0FE03A
:1025300021460022FFF75EFF044648B9284621469F
:102540007022234606F01AFD28465E2105F048FA5F
:10255000204638BDF8B505460C46FFF7FEFB284679
:10256000214634B905F5965506F064F82646AC8642
:1025700011E00122FFF73EFF064660B905F59657C8
:10258000BB8E23B928460A21FEF771FBB886284680
:10259000214606F04FF83046F8BDF7B5089E0446D0
:1025A0000D461F463BB1032A05D968461946042249
:1025B000EFF3E2F401E000230093A82D00F0058181
:1025C00017DC5C2D00F0B98009DC3C2D00F0AA80FE
:1025D0004A2D00F09C801B2D40F0F48027E05E2DFA
:1025E0002ED0C0F2B3805F2D3BD0872D40F0EA8023
:1025F00018E0C32D76D006DCAA2D46D07EDBC22D96
:1026000040F0E080E1E0D42D00F0B78003DCD32D72
:1026100040F0D880A4E0A5F59A75033D012D00F2A5
:10262000D180E3E02046FFF7BEFC3860DEE0E369DE
:102630001D7F002D40F0D4802046FEF72AFBD6E017
:1026400001233370E3695B7F002B00F0C1802046DB
:10265000FEF797FC2046BDF80010FEF708FB386037
:102660000FE001233370E3695B7F002B00F0B08043
:102670002046FEF786FC009A204691B2120CFEF727
:1026800001FB2046FEF781FCB0E0E3695A7F002A97
:1026900000F09E8018693EF07DD82046FEF771FC60
:1026A00000233B60D4F8BC20082A13D10DF10702A7
:1026B00020460DF106018DF806308DF8073008F040
:1026C00025FB9DF906209DF9073092B29BB243EAA3
:1026D00002233B602046FEF758FCE36918693EF090
:1026E00045D883E0E3691B7F002B74D03B88032B24
:1026F00034BF6FF00C056FF0010578E0E3691B7FD4
:10270000002B14BF6FF00C056FF003056FE0E36959
:102710001B7F002B64D1236B002B5FD020460099D8
:1027200098471BE0E3691B7F002B59D12046009995
:102730007A68BB68FFF779FE10E0E3691B7F002B26
:102740004ED120460099FFF7E4FE07E0E3691B7FC6
:10275000002B45D120460099FFF7FCFE054646E0D8
:10276000E36904F58054DA6E3A60A56915F0010555
:102770003DD042F080023A6038E0009B042B32D812
:10278000E269D16E994231D0157FD366002D2ED0EB
:1027900010693DF0FFDF009B23B12046002101229C
:1027A000FEF7D5FAE3690122D96E2046FEF7CFFA8B
:1027B000E369002818690CBF6FF0020500253DF0A1
:1027C000D5DF14E06FF0160511E06FF00C050EE098
:1027D0006FF00A050BE06FF0030508E01D4606E008
:1027E0006FF0040503E06FF01C0500E000252846AB
:1027F000FEBDC3699B699B0007D5D0F8B0300322AA
:10280000A3F8B426FF22A3F8B82670472DE9F041BB
:10281000984688B0002307930E9B0446032B0D4671
:102820000F9E119F04D907A841460422EFF3A4F399
:10283000079940F285200B1C18BF012385421A46D8
:1028400000F0188135D840F25B20854200F082808C
:1028500011D8532D09D8522D80F04681502D00F00B
:102860004381512D40F0428183E040F25A239D4242
:1028700040F03C816BE040F27B239D4200F0B98048
:1028800009D840F26A239D4256D040F27A239D42F5
:1028900040F02C8176E0B5F5207F00F0E080B5F5C2
:1028A000217F00F0EC8040F27E239D4240F01E81AB
:1028B000D0E040F2D6239D4200F016811ED840F2AF
:1028C00093239D424DD00AD840F286239D4200F0CA
:1028D000DF8040F291239D4240F008813DE0B5F554
:1028E000277F00F0DB8040F29D239D4200F0DA80DC
:1028F00040F295239D4240F0F98036E040F2DD231E
:102900009D4200F0ED8009D840F2DA239D4200F0AC
:10291000CF80B5F5377F40F0E980D6E0B5F53D7F53
:1029200007D0C0F0E380A5F53E73063B012B00F213
:10293000DD806FF01605EDE02046FEF722FB204615
:102940003146FEF7BEFA2046FEF71FFBCCE094F8B6
:10295000E830A1E084F8E830C6E004F59C546180DA
:10296000C2E004F59C54A180BEE004F59C54E180D3
:10297000BAE001230E932046334608B0BDE8F0418B
:10298000FEF7F0B9E3691A7F002A00F0BE80D4F8A0
:10299000B020D2F8202102F0010282F0010712B12A
:1029A00018693DF0F7DE2046FFF723FF2046FEF7CB
:1029B000E8FA04F59050457A8179C279037A009556
:1029C000857A0195C57A029590F82100002503903B
:1029D00020460495FEF7DFF930602046FEF7D5FA71
:1029E000002F40F09780E3693D4618693DF0BEDE58
:1029F00090E00A1602F00F02012A00F289800D15FC
:102A000005F00305012D00F28380881500F0030016
:102A100003287DD00E1406F00F06012E78D80F1271
:102A2000FFB2A7F10A03DBB2052B71D8CBB2012BA1
:102A300001D9032B6CD104F590540E2F28BF0E271B
:102A4000090FA771E37126726572A072E27284F8B1
:102A5000211049E008A9012341F8043D07E0B4F83A
:102A6000DA102046FEF7CEFD08A941F8040D3046E5
:102A70003A4632E004F5805484F83B1034E004F523
:102A8000805494F83B3008A941F8043D304623E0D7
:102A9000D4F8F830C3F30013336025E02046324603
:102AA000002302E0204632460123FFF7D8FB1BE05B
:102AB0002046012108F06BF9002508A941F8045DC2
:102AC00030460422EFF358F224E02046002107AA02
:102AD00008F07BFA304607A90422EFF34DF203E039
:102AE0002046002208F071FA002513E001910292BD
:102AF00029462046424633460097FEF7C9F910F1B1
:102B0000170F0CBF0546002504E06FF0030501E038
:102B10006FF01C05284608B0BDE8F081D0F8F83009
:102B200013F0060F0CBF002001207047F8B50D46CA
:102B3000B0F8DA10044616461F46FEF763FD40B9AA
:102B4000B4F9FC303360B4F9FE303B60B4F90031C5
:102B50002B60F8BDD0F8A800704700002DE9F041C7
:102B6000C36905465B690C460A2BCF888E8806D957
:102B7000488A10F4807002D10123CB7731E02846D7
:102B8000FFF7E8FFB4F808801B4BFFB24FEA982824
:102B90007F2F13F90830C8BFA7F58077FF1816F408
:102BA000006F05F59A5314BF93F91B3093F91A304F
:102BB00090F95F10FF18E28A79187F2902F4FF620A
:102BC000C8BFA1F58071D21042F430630E2ACCBF89
:102BD0004FF480524FF40052284649B21A43FFF78F
:102BE000A6FB0146B20B207749B2284602F001024B
:102BF000BDE8F04107F0B4BCFE020200C369986E64
:102C00007047C3699966704710B50C890399029B98
:102C1000029104990391059904910699059100691F
:102C200011462246BDE810402AF0C09AB0FBF1F3ED
:102C300010B501F0010401FB130004EB510108E0A1
:102C40005B00884204D3401A013304EB400000E0EB
:102C50004000013AD2B2FF2AF2D1884228BF0133A4
:102C6000184610BDD0F8A83001225A867047B0F837
:102C7000DA10D0F8A820CBB201F47041B1F5005FB2
:102C800003D1D31893F8E73487E0702B5DD01CD8BC
:102C9000382B48D00CD82C2B3CD004D8242B33D044
:102CA000282B79D133E0302B37D0342B74D137E057
:102CB000642B41D004D83C2B38D0402B6CD138E069
:102CC000682B3CD06C2B67D13CE0882B4FD00CD8C4
:102CD0007C2B43D004D8742B3AD0782B5CD13AE0CB
:102CE000802B3ED0842B57D13EE0992B48D004D87E
:102CF0008C2B3FD0952B4FD13FE0A12B46D0A52B5D
:102D000047D09D2B48D13EE092F8F63445E092F84A
:102D1000F73442E092F8F8343FE092F8F9343CE0BE
:102D200092F8FA3439E092F8FB3436E092F8FC3449
:102D300033E092F8FD3430E092F8FE342DE092F862
:102D4000FF342AE092F8003527E092F8013524E0BC
:102D500092F8023521E092F803351EE092F804352E
:102D60001BE092F8053518E092F8063515E092F868
:102D7000073512E092F808350FE092F809350CE0BB
:102D800092F80A3509E092F80B3506E092F80C3516
:102D900003E092F80D3500E00023D2F8E41490F837
:102DA0002A268A1AD31858B270470846704749B283
:102DB000481C401049100831C0F1080041EA0010D9
:102DC00080B27047B0F8DA20D0F8A83002F4704230
:102DD000B2F5005F06D193F83C0543B2013303D04E
:102DE000C0B27047002070470020704738B50446D5
:102DF000D0F8A850FFF7E6FF10B995F8460540B1A6
:102E0000B4F8DA0000F47040A0F50053584240EBEB
:102E1000030038BD30B5D0F8A8008FB000230025DE
:102E200001AC1D550133322BF9D1531C90F8E93315
:102E300006D111B1B0F93E2503E0B0F9402511E00B
:102E400081B1A02B4FF000038DF804301DBF8DF829
:102E500005308DF806308DF807308DF806308DF886
:102E6000083031E0A02B4FF0000315D001218DF880
:102E700018108DF81910FE218DF81C108DF81D10FA
:102E8000FF218DF81A308DF81B308DF81E308DF82B
:102E90001F108DF8223017E002218DF81810FC2148
:102EA0008DF819308DF81A308DF81B308DF81C1004
:102EB0008DF82230FE2104238DF81D108DF81E1090
:102EC0008DF81F108DF830300EAB9A1812F9340CB3
:102ED0000FB030BD10B5C16900F581520B6A1268A0
:102EE000D0F8A840934201D39B1A01E0D243D318F3
:102EF00094F8BC4290F8DA20944205D1886E83425F
:102F000034BF0020012010BD012010BD7047D0F853
:102F1000A83093F80604002808BF1020704700006E
:102F20001023164A30B51946042449B24910C9B2D3
:102F300002424DB203D0CB18DBB2AA4002E0EA4015
:102F40005B1ADBB2013CF0D1024201D1013BDBB2A2
:102F500003EB43015BB2C9B2032B0A460CDD033B12
:102F6000D8400D2801D9CA1C06E00A2801D98A1CBC
:102F700002E0082888BF4A1C50B230BD0000FFFFA5
:102F8000D0F8A830002283F8902383F8912383F8A7
:102F9000922383F8932383F894237047704708B5EE
:102FA00040F2A441FDF763FE00F4404008BD70B557
:102FB0000C4640F239410646FDF759FE00F46070B8
:102FC000C011E08040F2B5413046FDF750FE40F2BE
:102FD000FB4105463046FDF74AFEEBB2C0B22D0A72
:102FE00023806580A08070BD08B540F2FB41FDF7ED
:102FF0003EFE00F4FE40000A08BD2DE9F8430D46F0
:1030000040F2B76104469146FDF731FE40F2B661E9
:1030100080462046FDF72BFE40F2B561074620466C
:10302000FDF725FE40F2B461064620460024FDF778
:103030001EFE2146234650FA04F212F0010202D18C
:103040000131C9B200E001220133DBB2102B12D0F2
:103050000134002AEFD001220DE0A3F1100456FA4A
:1030600004F4E40702D40131C9B200E001220133C3
:10307000DBB21F2B0FD8002AEFD001220BE0A3F107
:10308000200457FA04F4E40702D40131C9B200E085
:1030900001220133DBB22F2B0FD8002AEFD00122FF
:1030A0000BE0A3F1300448FA04F4E40702D4013140
:1030B000C9B200E001220133DBB23F2B04D94FF04B
:1030C0000F0C00233F2402E0002AEAD0F7E748FA79
:1030D0000CF212F0010202D1013CE4B200E0012244
:1030E0000133DBB2102B14D00CF1FF3C002AEED0E0
:1030F00001220EE0C3F11F0C47FA0CFC1CF0010F7B
:1031000002D1013CE4B200E001220133DBB21F2B0B
:1031100010D8002AEED001220CE0C3F12F0756FA96
:1031200007F717F0010F02D1013CE4B200E00122E1
:103130000133DBB22F2B10D8002AEED001220CE095
:10314000C3F13F0650FA06F616F0010F02D1013C1A
:10315000E4B200E001220133DBB23F2B01D8002AA8
:10316000EED02C7089F80010BDE8F88338B540F235
:103170002341D0F8A8400546FDF779FDC0B2A4F878
:1031800064034FF4AA612846FDF771FD8005800DA8
:10319000A4F8680340F234412846FDF768FDC0B248
:1031A0007F28A4F86603C4BFA0F58070A4F8660366
:1031B00040F232412846FDF75AFDC0B27F28C4BF15
:1031C000A0F5807080B284F8BC0338BD2DE9F843C7
:1031D000B0F8DA20044602F47042B2F5805FD0F80D
:1031E000A83007D1B3F8920503B2013355D080B2AD
:1031F000BDE8F883B3F890351AB2013202D098B224
:10320000BDE8F88340F2A541FDF731FD40F2A5414C
:1032100081462046FDF72BFD40F20D4180462046B9
:10322000FDF725FD40F20D4107462046FDF71FFD45
:1032300040F2A24106462046FDF719FD40F2A241A8
:1032400005462046FDF713FD08F4E04801234FEA48
:10325000283803FA08F806F4E06600F4E060361255
:10326000001213FA06F613FA00F05FFA89F91FFA52
:1032700088F8C144FFB24F44B6B2EDB280B2BF1974
:10328000281807EB40002830984080B2B0F5C86F8E
:1032900038BF4FF4C860BDE8F8834FF4C870BDE88C
:1032A000F88370B50D4640F239410446FDF7DFFC66
:1032B00040F67F43034043EAC513204640F23941BC
:1032C00040F6FF729BB2BDE87040FDF7C1BE70B51D
:1032D0000C1C18BF012405468022E3014FF49661BF
:1032E000FDF7B6FE2846A3034FF496614FF48042E3
:1032F000FDF7AEFE284640F23B414022A301BDE867
:103300007040FDF7A5BE70B50C460546FFF76CFE94
:1033100062882388064643EA0223284640F2B541E4
:103320004FF6FF729BB2FDF793FE3602A388B6B24A
:103330002846334340F2FB4147F6FF72FDF788FE13
:1033400062882388284643EA022340F2FC414FF674
:10335000FF729BB2FDF77CFEA388284647F6FF72FA
:10336000334340F2FD41FDF773FE2846E188FFF745
:1033700098FF28460121BDE87040FFF7A8BF70B54F
:103380000C1C18BF0124054623024FF496614FF42C
:103390008072FDF75DFE0122284640F24C41234633
:1033A000FDF756FE230328464FF496614FF48052F2
:1033B000FDF74EFE630328464FF496614FF400522A
:1033C000FDF746FE2022630128464FF49661FDF783
:1033D0003FFE6302284640F2AE414FF40072FDF713
:1033E00037FEB5F8DA3003F47043B3F5005F10D15F
:1033F0002846A3024FF496614FF48062FDF728FE41
:10340000284640F2E5410822E300BDE87040FDF7A0
:103410001FBE70BD090270B58CB2234640F2FB415D
:103420004FF4FE420546FDF713FE284640F2FD41EB
:103430004FF4FE422346BDE87040FDF709BE70B56B
:103440000E4604461546334640F2456140F2FF32CF
:10345000FDF7FEFD20462B4640F2466140F2FF326A
:10346000FDF7F6FD2046334640F2476140F2FF3259
:10347000FDF7EEFD20462B464FF4C96140F2FF32C6
:10348000FDF7E6FD2046334640F2496140F2FF3247
:10349000FDF7DEFD204640F24A6140F2FF322B4646
:1034A000BDE87040FDF7D4BD01490C22FDF7E2BD37
:1034B000DCEA01002DE9F0471F46BDF82C50BDF8AD
:1034C0002430BDF820E089469046BDF8281005F06C
:1034D000030203F00F0342EA032343EA0E334FEAE9
:1034E000811E5FFA8EFE43EA0E0301F0030143EAF8
:1034F000011343EA820340F2B6414FF6FF729BB2DA
:103500000446BDF83060FDF7A3FD0F2207EA020371
:10351000EF02204640F2B741BFB2FDF799FD3603F6
:103520003B46204640F2B1414FF46052FDF790FD1A
:10353000B6B2062220462149FDF79CFD204640F206
:10354000AE414FF470423346FDF782FD4FEA482307
:10355000204640F2B1414FF4007203F47E43FDF780
:1035600077FD0122D9F1010338BF0023204640F244
:103570004D41FDF76DFDB4F8DA3003F47043B3F557
:10358000005F11D1204640F2B1414FF4C0523B469A
:10359000FDF75EFDED004FF6F873204640F2E64180
:1035A00018222B40FDF754FD204640F2AE414FF467
:1035B00070423346BDE8F047FDF74ABD10EF010009
:1035C00010B5044686B031B90F490E2206B0BDE8E9
:1035D0001040FDF74FBD09220C49FDF74BFD0021BE
:1035E00003220623009302920423039220460A46F4
:1035F00004910193FFF75EFF2046012106B0BDE86C
:103600001040FFF7BCBE00BF08E8010002E901005E
:10361000D0F8A830D3F8741529B1C3694FF42072DB
:103620009868F3F365B37047F8B5D0F8A83006464C
:10363000D3F87C55D3F8787500240DE01423634348
:10364000E9180A694968F0694A438068E958D2086C
:10365000F3F34EF30134E4B2BC42EFD3F8BD38B516
:10366000D0F8A8400546D4F87C3573B10121FFF7A6
:10367000DBFFEA69D4F87835906814225A43D4F80D
:103680007C15BDE83840F3F333B338BD00F59853EB
:10369000196910B5044629B1C36942F60852986801
:1036A000F3F326F32046FFF7B3FF2046FFF7D7FFDB
:1036B000E369D4F8A810986840F2CC52BDE81040F5
:1036C000F3F316B310B54FF480520446002340F2D2
:1036D000C961FDF7BDFCD4F8A830B3F8C224D2B15B
:1036E00093F8E9332046A02B40F2896101D12322CF
:1036F00000E03022FDF7C6FAD4F8A830B3F8C2349F
:10370000022B0ED14FF48052204640F2C96113467D
:10371000FDF79EFC05E0204640F289612322FDF77B
:10372000B1FA204604222749FDF7A4FC20460022D6
:1037300040F27961FDF7A6FA204608222249FDF7FA
:1037400099FCD4F8A8302046B3F8C2244FF4D961CC
:10375000FDF798FA204606221C49FDF78BFCD4F8A9
:10376000A8304FF48072B3F8C23420461A41013AAF
:103770004FF4D06192B2FDF785FAD4F8A8304FF437
:10378000A072B3F8C23420461A41013A92B240F214
:103790008161FDF777FAD4F8A8302046B3F8C23437
:1037A00040F27F61013B9BB2012B9ABF084AD25C79
:1037B0003422FDF767FA074920460E22BDE8104083
:1037C000FDF758BC44EF01004CEF01005CEF010035
:1037D000ACEA010028EF010070B540F23C4104461C
:1037E000FDF745FA40F23B4106462046FDF73FFA19
:1037F00046F00102054640F23C41204692B2FDF7F8
:1038000041FA45F00102204640F23B4192B2FDF7F9
:1038100039FA4FF6FE722046324040F23C41FDF745
:1038200031FA4FF6FE7220462A4040F23B41FDF746
:1038300029FA2046324640F23C41FDF723FA204661
:1038400040F23B412A46BDE87040FDF71BBA80229A
:1038500038B50D46134640F2D1610446FDF7F8FB3A
:103860000DB1012D05D120464FF4DA610F22FDF78D
:1038700009FA2046BDE83840FFF7AEBF2DE9F04118
:103880000D46B0F8DA10044601F47041B1F5005F5E
:1038900014BFA52189211F461646FDF7ABF9B4F8E0
:1038A000DA1000F00F0801F47041B1F5005F14BFA9
:1038B000A52189212046FDF79DF900F0F000A8EB35
:1038C000101885F80080B4F8DA10204601F4704131
:1038D000B1F5005F14BFA6218A21FDF78BF9B4F87A
:1038E000DA1000F00F0501F47041B1F5005F14BF6C
:1038F000A6218A212046FDF77DF900F0F000A5EB16
:1039000010153570B4F8DA10204601F47041B1F5A5
:10391000005F14BFA7218B21FDF76CF9B4F8DA1012
:1039200000F00F0501F47041B1F5005F14BFA7214D
:103930008B212046FDF75EF900F0F000A5EB101595
:103940003D70B4F8DA10204601F47041B1F5005F23
:1039500014BFA8218C21FDF74DF9B4F8DA1000F05E
:103960000F0501F470412046B1F5005F14BFA82196
:103970008C21FDF73FF9069B00F0F000A5EB101538
:103980001D70BDE8F081000010B5D0F8A8300446E5
:1039900093F8E933A02B03D111490422FDF76AFB08
:1039A00020464FF48E710022FDF73BF920460D4969
:1039B0001822FDF75FFB04F59853DB890BB19BB22E
:1039C00000E00C232046FF2240F23461FDF740FB6B
:1039D000054920460922BDE81040FDF74BBB00BF5A
:1039E00070EF010078EF0100A8EF0100B0F8DA10E5
:1039F00010B501F470410446B1F5005F14BFA52174
:103A000089218822FDF70DF9B4F8DA10204601F477
:103A10007041B1F5005F14BFA6218A218822FDF70D
:103A200000F9B4F8DA10204601F47041B1F5005FF6
:103A300014BFA7218B218822FDF7F3F8B4F8DA1020
:103A4000204601F47041B1F5005F14BFA8218C211C
:103A50008822BDE81040FDF7E4B8000070B50546C7
:103A60000E460024074B325B195B28460234FDF7F3
:103A7000D8F8182CF6D1044928462246BDE87040F3
:103A8000FDF7F8BA56EE01003AEA010070B50422DB
:103A90000D4607490646FDF7EDFA0024054B2A5B63
:103AA000195B30460234FDF7BCF8302CF6D170BDFE
:103AB000FAE80100D8EB01002DE9F04104461F4669
:103AC0001546B0F8DA80FFF772F908F47048B8F5D7
:103AD000005F14BF4FF0A5084FF089080246414629
:103AE00020469DF81860FDF79CF829462046FFF710
:103AF0005EF9B4F8DA80024608F47048B8F5005F61
:103B000014BF4FF0A6084FF08A0820464146FDF743
:103B100088F839462046FFF74AF9B4F8DA500246E9
:103B200005F47045B5F5005F14BFA7258B25204629
:103B30002946FDF776F831462046FFF738F9B4F804
:103B4000DA50024605F47045B5F5005F14BFA825AC
:103B50008C2520462946BDE8F041FDF762B80000FB
:103B6000012970B504460D4616D106222949FDF7F4
:103B700081FA20463A212A462B46FDF727FA0822E9
:103B8000204613464FF48D71FDF720FA20467F2121
:103B90000022FDF746F832E079B91F490622FDF709
:103BA00069FA20463A2101222B46FDF70FFA082236
:103BB00020464FF48D7113461FE002291FD1B0F843
:103BC000DA307D2103F47043B3F5005F01D10322A5
:103BD00000E02A46FDF725F8204628210F22012380
:103BE000FDF7F4F98022134620464FF48971FDF762
:103BF000EDF92046052107220223FDF7E7F92046CB
:103C000040F237614FF440420023BDE87040FDF7B9
:103C10001FBA00BF12EE01001EEE01002DE9F14FA8
:103C2000D0F8A830044693F80A9093F80CA0DD7AF7
:103C3000DE7C49F400791A7D49EA051993F816B03B
:103C40000FFA8AF593F8178049EA053546F40076AD
:103C5000ADB246EA0216234909224BF4007B5F7D90
:103C60004BEA081B93F81880FDF704FA20462B4610
:103C700040F2DB4147F2FF32FDF7EAF920462B46DE
:103C800040F2DC4147F2FF32FDF7E2F946EA07363F
:103C900020462B4640F20A4147F2FF32FDF7D8F9A1
:103CA0004BEA08382046B3B240F20B4147F2FF32EC
:103CB000FDF7CEF920461FFA88F340F20C4147F297
:103CC000FF32FDF7C5F92022204682211346FDF779
:103CD0007DF9012220467C21134601B0BDE8F04F5A
:103CE000FDF774B9CAE7010070B506220D464549D3
:103CF0000446FDF7BFF90026434B2046995BFCF7CD
:103D000079FFA8530236182EF6D10721012220464A
:103D1000FCF787FF1022FF2113462046FDF756F9D6
:103D200004221346204640F21F11FDF74FF90C22E2
:103D300020463649FDF79EF901223A2113462046D6
:103D4000FDF744F904223A2113462046FDF73EF9D7
:103D50000822134620464FF48D71FDF737F90822EB
:103D6000052113462046FDF731F90122134620466E
:103D70004FF48D71FDF72AF9122220462449FDF7F0
:103D800079F92022822113462046FDF71FF9B4F865
:103D9000DA3003F47043B3F5005F09D1D4F8A830EA
:103DA0009E7ADA7A46F4007646EA02161D7B01E036
:103DB00000252E460122204613464FF49B61FDF755
:103DC00047F92046B3004FF49B6140F6FC72FDF7C3
:103DD0003FF90222204613464FF49B61FDF738F964
:103DE0002B0320464FF49B614FF4E04203F47043F1
:103DF000FDF72EF9074920460622BDE87040FDF781
:103E000039B900BF1CF0010056EE0100B2E8010014
:103E1000CAE80100EEE8010038B5D0F8A850044621
:103E2000FF22B5F8663340F23441FDF711F9B5F8D9
:103E300064332046FF2240F22341FDF709F9204672
:103E4000B5F868234FF4AA61FCF71CFF204604492B
:103E50000422FDF70FF91420BDE83840F2F37CB4DA
:103E6000D0EB01002DE9F047C369D0F8A8401B6DE5
:103E70000F4640F2234103F48058054694F844A3CA
:103E8000FCF7F5FE40F2344106462846FCF7EFFE0B
:103E90003846FFF745F894F84423B8F1000F0CBFFB
:103EA0004FF009084FF0060894F84833B4F86473EB
:103EB000002A00F08C80FF1AF6B23F18BF1B4FFAA1
:103EC00087F9B9F1000F1EDAEB6928461B6D03F480
:103ED0008053002B14BF03220822C9F100030CBF3A
:103EE0000B2104219A42A8BF1A46B4F8683301FB9B
:103EF00002324FF4AA6192B2FCF7C4FE19F1030F2B
:103F000006DAF21C05E0B9F1030F01DDF21E00E054
:103F10003246B4F8643312B219B2C81C824202DDD0
:103F200003339BB203E08A42B8BF0A4693B2BAF1A8
:103F3000000F12D01AB2B2420FD0284640F22341ED
:103F4000FF22FDF785F8284623490422FDF792F861
:103F50001420F2F301F4002600E00126B4F86623F1
:103F60007FB211B2C8EB01007F428742BBB2BCBF37
:103F7000C8EB02039BB218B209318842C8BF02F1F4
:103F80000903B5F8DA20C8BF9BB202F47042B2F55B
:103F9000005F0CBF94F94B8394F94C8343449BB26C
:103FA000BAF1000F05D0284640F23441FF22FDF758
:103FB0004FF8284640F22341FCF759FE94F8BC33F1
:103FC00084F8BD0384F8BE0384F8BF3300E0012603
:103FD0003046BDE8F08700BF24E801002DE9F0413C
:103FE00004460F469046354906221E46069DFDF7BB
:103FF00041F8204640F282414FF6FF723B46FDF702
:1040000027F8204640F28141FF224346FDF720F881
:104010003EB9204640F281414FF480723346FDF7AD
:1040200017F8204626490322FDF724F8BDF81C3076
:104030000A275F43002605E0BE4236DC6420F2F327
:104040008BF30136204640F28141FCF710FE8305D8
:10405000F2D440F283412046FCF709FE40F284414D
:1040600006462046FCF703FE40EA0640286040F280
:1040700085412046FCF7FBFD40F28641064620467E
:10408000FCF7F5FD40EA0640686040F287412046B3
:10409000FCF7EDFD4FF4916106462046FCF7E7FD85
:1040A00040EA0640A860012500E0002520460549B9
:1040B0000622FCF7DFFF2846BDE8F08108EC01008E
:1040C0006EEE010092E8010070B540F24A410546EB
:1040D000FCF7CDFD40F0440086B24FF6BF74284691
:1040E0003246344040F24A41FCF7CCFD2246284695
:1040F00040F24A41FCF7C6FD0420F2F32DF34FF6DF
:10410000BB72284640F24A412240BDE87040FCF7AD
:10411000B9BD38B5054641F2893404E06420F2F3B4
:104120001BF3013C07D0284640F25141FCF79FFDAC
:1041300010F4404FF2D1284640F25141FCF797FD70
:1041400010F4404F14BF0020012038BD40F24C4114
:104150004FF6FC72FCF761BF38B5C36904460D46E3
:1041600018698E213CF0C6DAE369411918694900E3
:10417000BDE838403CF0BE9A2DE9F0410C462721BD
:1041800005461746FFF7E8FF10F001061DBF4FF682
:10419000F07606404FF6F0784FF0010828212846C7
:1041A000FFF7DAFF00EA0800B0420AD0013C631CC6
:1041B000002B02DD1420F2F3CFF2002CEEDC002005
:1041C00000E0012007B13C60BDE8F081C36970B533
:1041D00004460D4618698E2116463CF08BDAE369D9
:1041E0004119186949003246BDE870403CF0A09A78
:1041F00070B50446D0F8A8500E4689B340F2DA6193
:1042000042F20802FCF716FF204640F2A6510522B2
:10421000FCF738FD204640F2A251C322FCF732FDE4
:10422000204640F2A5510722FCF72CFD204640F223
:1042300083514FF44872FCF725FD204640F284512B
:104240000022FCF71FFD204640F285514FF400721A
:10425000FCF718FD204640F286510022FCF712FDC3
:1042600020462721FFF778FF1EB140F00106B6B2C5
:1042700002E04FF6FE76064095F894330522ED18DD
:1042800095F8953320465A432621042A98BF0522E3
:10429000FFF79CFF1036B6B2204627213246BDE814
:1042A0007040FFF793BF70B5D0F8A8300D460021DD
:1042B00083F846130446FFF79BFF15B12046FFF72E
:1042C000ABFD03222046134640F67A01FCF7C0FE00
:1042D000204640F2DA6142F208020023BDE8704055
:1042E000FCF7B6BE10B500210446FFF7DCFF204600
:1042F000BDE81040FEF744BE70B50122044640F60A
:104300000501D0F8A850FCF795FE204607220523AA
:1043100040F22F41FCF79CFE20463021F8234FF459
:10432000FF62FCF795FE0623204630210722FCF7AA
:104330008FFE204640F2144141F61062FCF7A2FCC9
:10434000204640F215414FF4C862FCF79BFC4FF445
:104350007743204640F2DF414FF47F42FCF778FE7E
:104360002046FFF7B1FE204627220C49FCF782FECB
:104370002046FF22B5F8C63540F23241FCF768FE10
:10438000B5F8C8354FF47F421B02204640F2324157
:104390001340BDE87040FCF75BBE00BF74EE010047
:1043A000002914BF0223002310B5002A18BF43F0D0
:1043B000010340F24D4103220446FCF749FE20462A
:1043C00040F24C410322BDE81040FCF733BE000030
:1043D0002DE9F04F0446C5B00026019115464396DD
:1043E0004296FCF7CEFDE3694FF0805118690A460A
:1043F0003CF060D90520F2F3AFF1334620464FF48C
:1044000089614FF48042FCF723FE4FF4A842204616
:1044100040F25541FCF736FC40F256412046FCF78D
:1044200026FC00F00F0005280CBF4FF4A84245F20F
:104430000142204640F25541FCF724FC00264FF093
:10444000A008B146B246374640F256412046FCF736
:104450000EFC00094FEA005B40F257412046FCF792
:1044600006FC4FEA1B5BB8F1900F4BEA003B1FDCE8
:104470007F2E1DDC4FEA8B439B0CB3F5005FC8BF5A
:10448000A3F5804303F50062B2F5805F23D802A94B
:1044900021F81A3044A901EB890252F8081CCA44D9
:1044A000CB1842F8083C8AF0400A89F0010901362D
:1044B0004FEA1B3B0BF00C0B4BEA071B18F0010FEC
:1044C0004FF6CC770BEA070702D0FBB2402B02D1A4
:1044D000B8F10108B8D1E369002218694FF08051A2
:1044E0003CF0E8D82046FCF750FD429B9B114293DC
:1044F000439B9B11802E439324D1002341A918464E
:104500000EE042EA070C02AC34F91CC00132C6EBE3
:104510000C04402A04FB0400F3D10133022B04D025
:104520009F0151F8046F0022EBE7019C286080098D
:104530002060064BA0F53A60183898428CBF0020E6
:10454000012000E0002045B0BDE8F08F48F4FF0FE7
:1045500038B504460846FEF7E3FCE369A0F19D0583
:10456000A02118693CF0C6D82AB26FF061039A42C4
:10457000B8BF1A46C1B252B22046BDE83840FDF776
:10458000B8BC2DE9F04F00F582531B79D7B0044633
:104590000D46D0F8A870002B00F07682C3696A211E
:1045A00018693CF0A7D8400086B2002E00F06C825B
:1045B0002046FEF7F4FCE369024610B9186931465B
:1045C00060E2186931463CF095D8012800F05C8221
:1045D00006F16E039BB2049306F1AA0306F1060BE3
:1045E00006F13A0A9BB21FFA8BFB1FFA8AFA05936F
:1045F000002D00F03882204640F2F941FCF737FBED
:10460000020700F1418206ADAB1C01931AAB029385
:104610000DF16A0303932046002340F2764140F2F5
:10462000FF120095FCF75BFD2B1D0093AB1D019362
:104630001BAB02930DF16E0303932046002340F25F
:10464000774140F2FF12FCF74AFD05F108030093A1
:1046500005F10A0301931CAB02930DF1720303935E
:10466000204640F2AA4148F2FF1248F27F03FCF7CD
:1046700036FD05F10C03009305F10E0301931DAB0C
:10468000162202930DF1760303932046134640F25F
:104690003B41FCF724FD05F11003009305F11203E3
:1046A00001931EAB02930DF17A0346220393204639
:1046B000002340F23C41FCF712FDB4F8DA3005F17A
:1046C000140203F47043B3F5005F05F116038DE89F
:1046D0000C001FAB029341F22B020DF17E030393FA
:1046E000204640F24C41134637D1FCF7F8FC05F167
:1046F0001803009305F11A03019320AB02930DF107
:1047000082030393204640F24D4144F22B0244F2CF
:104710000A03FCF7E4FC05F11C03009305F11E03FA
:10472000019321AB072202930DF1860303932046E8
:10473000134640F2F941FCF7D2FC05F12003009347
:1047400022AB2235029307220DF18A0303930195D0
:10475000204640F2FA41134636E0FCF7C0FC05F172
:104760001803009305F11A03019320AB02930DF196
:1047700082030393204640F24D4144F22B0244F25F
:104780002203FCF7ACFC05F11C03009305F11E03AA
:10479000019321AB072202930DF186030393204678
:1047A000134640F2F941FCF79AFC05F1200300930F
:1047B00022AB223502930DF18A0303930195204623
:1047C00040F2FA4107220023FCF789FC2EAB00934C
:1047D0000DF1BA03019342AB012202930DF58573EB
:1047E0000393204613460721FCF702FC2FAB0093EE
:1047F0000DF1BE03019343AB102202930DF58773B5
:10480000039320461346FF21FCF7F2FB30AB0093E5
:104810000DF1C203019344AB042202930DF5897399
:1048200003932046134640F21F11FCF7E1FB0FAB48
:1048300000930DF13E03019323AB40F64402029333
:104840000DF18E0303932046134640F63811FCF712
:1048500046FC10AB00930DF14203019324AB02938D
:104860000DF192030393204640F6391140F64402BD
:1048700040F60403FCF733FC31AB00930DF1C603A3
:10488000019345AB012202930DF58B7303932046F0
:1048900013463A21FCF7ACFB32AB00930DF1CA038F
:1048A000019346AB082202930DF58D7303932046C6
:1048B00013464FF48D71FCF79BFB33AB00930DF166
:1048C000CE03019347AB082202930DF58F73039338
:1048D000204613460521FCF78BFB34AB00930DF10A
:1048E000D203019348AB042202930DF59173039315
:1048F000204613463A21FCF77BFB35AB00930DF1C4
:10490000D603019349AB012202930DF593730393F0
:10491000204613464FF48D71FCF76AFB11AB0093F0
:104920000DF14603019325AB02930DF1960303931A
:10493000204640F2D74147F2CB0242F24B03FCF74C
:10494000CEFB36AB00930DF1DA0301934AAB202284
:1049500002930DF595730393204613468221FCF7CD
:1049600047FB3A7BBB7AF97A120343F4007342F0B7
:10497000030243EA011342EA830312AA00920DF1F3
:104980004A02019226AA02920DF19A02039220464F
:104990004FF49B6147F6FF729BB2FCF7A0FB00252A
:1049A000E3690DF11809186905EB0B0139F80520C9
:1049B0003BF0BEDEE3690DF16808186905EB0A01FA
:1049C00038F805203BF0B4DEE26909EB05030BF192
:1049D0000201106949195A883BF0AADEE26908EB26
:1049E00005030AF10201106949195A8804353BF0A0
:1049F0009FDE342DD4D10025E369049A0DF1B80966
:104A0000A918186939F805203BF092DEE3690DF525
:104A100084781869059B38F80520E9183BF088DE92
:104A2000049BE269991C09EB0503106949195A882E
:104A30003BF07EDE059BE269991C08EB05031069DB
:104A400049195A8804353BF073DE242DD4D1E3692B
:104A5000B11C18690D223BF06BDEE369311D18694A
:104A600009223BF065DEE36906F1E6011A6A18697E
:104A7000C7F83824B7F83C243BF05ADEE3693146E6
:104A8000186901223BF054DE57B0BDE8F08F0000FA
:104A900038B55B210446FD22FCF77BFA2046042151
:104AA0004022FCF784FA20464FF490711022FCF764
:104AB0007EFA204678218022FCF779FA204640F2DF
:104AC00029110222FCF773FA204657210122FCF734
:104AD0006EFA20465B210222FCF769FA41F2883027
:104AE000F1F33AF6144D02E00A20F1F335F65C21B9
:104AF0002046FCF77FF8800601D4013DF4D15C210B
:104B00002046FCF777F8810603D520465C21FCF7A8
:104B100071F820465B21FD22FCF73BFA2046572125
:104B2000FE22FCF736FA204640F22911FD22BDE8AC
:104B30003840FCF72EBA00BF41420F002DE9F84380
:104B400000F580539D6A884B4FF48476B5FBF3F5EE
:104B500075431A235721B5FBF3F50446FCF74AF8D1
:104B600017215FFA80F82046FCF744F81821204608
:104B7000FCF740F840F20511FB2207462046FCF7FF
:104B800008FA204604214022FCF711FA20464FF48F
:104B900090711022FCF70BFA204657210222FCF7F5
:104BA00006FA204640F205110422FCF700FA2046DE
:104BB0004FF483712A22FCF734F8ADB2204640F25C
:104BC00007116E22FCF72DF8EAB220463146FCF7B9
:104BD00028F82A0A204640F2091102F01F02FCF7C9
:104BE00020F8204640F20511FD22FCF7D2F92046BC
:104BF0004FF483710122FCF7DAF93220F1F3ACF5BE
:104C00005A4D02E00A20F1F3A7F520464FF48571D2
:104C1000FBF7F0FFC20701D4013DF3D120464FF46A
:104C20008571FBF7E7FF10F0010F204606D1FAB2BD
:104C300018210B25FCF7BBF92F460AE040F20F11B3
:104C4000FBF7D8FF00F01F051D2D01D8AF1C00E0B9
:104C50000B2719212046FBF7CDFF4FF48371FE226D
:104C600006462046FCF795F9204640F20511FB2246
:104C7000FCF78FF9204640F205110422FCF797F962
:104C8000204640F205110222FCF791F920464FF42C
:104C900083710122FCF78BF93220F1F35DF5DFF827
:104CA000CC9002E00A20F1F357F520464FF48571CD
:104CB000FBF7A0FFC30702D4B9F10109F2D12046E6
:104CC0004FF48571FBF796FF10F0010F204605D1D8
:104CD000F2B21921FBF7A5FF092605E04FF4887110
:104CE000FBF788FF00F01F062046FE224FF4837179
:104CF000FCF74FF92046FB2240F20511FCF749F979
:104D000042464FEA461848EA862848EA06082046FE
:104D10005721FBF786FF2046424640F63311FBF74A
:104D2000B1FF42464FEA8528204648EA451840F63A
:104D30003411FBF7A7FF204646EA080240F635117A
:104D4000FBF7A0FF204648EA050240F63611FBF7C4
:104D500099FF47EA4717FA05204640F63711D20D6A
:104D6000BDE8F843FBF78EBF40420F0041420F0001
:104D700070B504460E4600256B4B2046595BFBF789
:104D800039FF70530235302DF6D11822204667497D
:104D9000FCF770F93A21FB222046FCF7FAF80122D1
:104DA00020464FF48D71FCF702F93621012220468E
:104DB000FCF7FDF810224FF48D712046FCF7F7F850
:104DC0001420F1F3C9F43A2101222046FCF7EFF850
:104DD0001420F1F3C1F4B4F8DA303A2103F470434B
:104DE0000122B3F5005F204605D00023FCF7EEF862
:104DF0002046CA2104221346FCF7E8F80822204680
:104E00004FF48D71FCF7D3F825210E222046FBF7D5
:104E100008FF252101222046FCF7C9F8B4F8DA3052
:104E2000282103F470431E22B3F5805F204601D190
:104E3000082300E00C23FCF7C9F81420F1F38CF4EC
:104E4000052108222046FBF7ECFE80224FF48971F1
:104E50002046FCF7ACF81420F1F37EF4FF21102279
:104E60002046FCF7A4F8442240F21F112046FCF72C
:104E70009EF81420F1F370F40B2107222046FCF772
:104E800096F8102240F213112046FCF790F81420F7
:104E9000F1F362F4072101222046FBF7C2FE142041
:104EA000F1F35AF4022303222046FC21FCF78EF88A
:104EB000FD212046A622FBF7B4FE442240F21F113A
:104EC0002046FCF774F81420F1F346F4FF21102279
:104ED0002046FCF76CF81420F1F33EF4B4F8DA3015
:104EE000204603F47043B3F5805F02D110490822D5
:104EF00001E010490622FCF7BDF820465921CC22DA
:104F0000FBF78FFE20465C212E22FBF78AFE20460F
:104F10007821D722FBF785FE204692211522BDE895
:104F20007040FBF77EBE00BFD8EB010046E80100F1
:104F300076E8010086E801002DE9F04F002789B0EE
:104F4000894640F245610646059706970797D0F8CF
:104F5000A880FBF78CFE40F2466185053046FBF7E2
:104F600086FE3C49840506223046FCF783F830462D
:104F700039463A46FEF763FA05AB00934FF4FA73ED
:104F800001934946304620223B46FFF727F8AD0DF6
:104F9000A40D8146002847D005AB93E8080C0BEB25
:104FA0000A02012A3FD918460393FDF773F9044614
:104FB0005846FDF76FF9A4F1140212B2BA42039BEE
:104FC00006DB3AFA02F13ED0551C2AFA05F506E056
:104FD00051421AFA01F136D0D5430AFA05F524B246
:104FE000C4F11E04A340A0F10B073FB2002FC3EB96
:104FF000050502DB3AFA07FA02E07F421AFA07FADD
:1050000023D000B2C0F11F000BFA00FB95FBF1F5B5
:105010009BFBFAFA05FB15A0FDF749F9AD058405E0
:10502000AD0DA40D00E0B946304629462246FEF7F4
:1050300006FA304608490622FCF71CF8A8F8B852D0
:10504000A8F8BA4202E0894600E0D146484609B0D5
:10505000BDE8F08F00EB010014EB010038B5044609
:105060000D46A9B104221149FCF704F8D4F8A83080
:10507000204693F8E93340F64A11A02B0CBF40F2CA
:105080004F12A722FBF7FEFD204609490E2201E040
:1050900008490A22FBF7EEFFE369291C186918BFCB
:1050A0000121BDE838403BF07F9B00BF0CEB0100C5
:1050B00088EC010020EB010070B50D46062228495E
:1050C000EDB20446D0F8A860FBF7D4FF0C2D07D949
:1050D00004F58A5393F93050003518BF012500E0DC
:1050E000002596F81A35002B32D0204640F64211A2
:1050F000FBF7BDFD00B20DB10F3800E00030D4F871
:10510000F83018BF012013F0060F21D196F82C308B
:10511000AB4200D1E0B1E369D868996855B101228A
:10512000F0F36CF720460121FFF798FF012386F882
:105130002C3008E02A46F0F361F720462946FFF7B5
:105140008DFF86F82C50204606490C22FBF792FF73
:10515000054920460422BDE87040FBF78BBF00BF25
:10516000CEEC0100F8EE0100E8EE010070B50C464F
:10517000B0F8DA101546D0F8A860FCF743FA28B961
:1051800096F84C34237096F84D3401E000232370D8
:105190002B7070BD07B540F25643009340F2554264
:1051A00040F25743FCF78FF80EBDF0B514460132BC
:1051B0008BB006460D46D0F8A87002D1FDF7A7FEC9
:1051C00044B297F96675EBB2013793FBF7F7072303
:1051D0000393202305930123FFB2029306AB0193AF
:1051E000304607F5A07301A90493FFF7D3FF069B90
:1051F000C0371B0DDBB20693304607AB01A9019304
:105200000497FFF7C7FF0021069808AA09ABF3F33C
:10521000D1F0002140200DF126030DF12202F3F31D
:10522000C9F0BDF92410BDF92630994209DABDF95B
:105230002200591AF3F370F1BDF82460ADF8220092
:1052400008E0BDF92000C91AF3F366F1BDF8266045
:10525000ADF82000BDF92000BDF92210F3F366F18E
:1052600033B2032B01DD043E01E0C6F1040636B281
:10527000B540B31E012212FA03F300EB8000281898
:10528000C018013E50FA06F67443E00880B20BB035
:10529000F0BD30B5182387B003930023D0F8A840A1
:1052A000802204932023059340F27661134605463D
:1052B0000292FBF7CDFE04F19C0306A941F8143DD0
:1052C0002846FFF767FF40F271612846FBF7CFFCE5
:1052D00040F27361A4F89C022846FBF7C8FC40F238
:1052E0007461A4F89E022846FBF7C1FC40F2756188
:1052F000A4F8A2022846FBF7BAFC40F27961A4F8B0
:10530000A0022846FBF7B3FC40F27661A4F8A402A1
:105310002846FBF7ACFC40F2DA61A4F8A602284666
:10532000FBF7A5FC40F22551A4F8A8022846FBF79C
:105330009EFC94F86735A4F8AA0284F8AC324FF4C6
:105340008F612846FBF793FC4FF49A61A4F8AE02F4
:105350002846FBF78CFC40F22451A4F8B002284602
:10536000FBF785FCB4F86835C00BA4F8B43294F8A8
:105370000734A4F8B20284F8B63294F8083484F8FA
:10538000B73207B030BD30B540F2DF4189B0D0F858
:10539000A8400546FBF76BFC80B2C3B27F2BA4F894
:1053A0004C30C4BFA3F58073A4F84C30000A7F28AA
:1053B000A4F84E0006ABC4BFA0F58070A4F84E0060
:1053C000019302230293112303933B230493284662
:1053D000202301A90593FFF7DDFE069B3F2B01D992
:1053E000803B0693069B2365079B3F2B01D9803B9F
:1053F0000793079B40F2344163652846FBF737FC6F
:10540000C0B27F28C4BFA0F5807080B284F8580075
:1054100040F224412846FBF72AFC000AA4F85A006F
:1054200040F225412846FBF722FC06AB01930223FC
:1054300002930D23C0B203931C23A4F85C000493D1
:105440002846202301A90593FFF7A4FE069B2364A9
:10545000079B636409B030BD7FB50023029310231E
:1054600004930DF11603009301230193694655231C
:105470000393FFF78FFEBDF8160007B000BD2DE9BE
:10548000F047D0F8A890044699F846354BB9FFF795
:10549000E3FF40F3072645B2ADB2B6B22F46B046A1
:1054A00007E0B9F84A85B9F84C75B9F84E65B9F80E
:1054B0005055B4F8DA30204603F47043B3F5005F7A
:1054C0000CBFB9F86690B9F868904FF0FF3201212F
:1054D000FDF7A0FC01210FFA89F282462046FDF774
:1054E00099FC00211FFA80F94FF0FF322046FDF7AA
:1054F00091FCC9EB0A0A1FFA8AFACAEB08081FFADC
:1055000088F8CAEB0707FF224346BFB2C9EB000980
:1055100040F652112046FBF79BFD2046FF223B46FA
:1055200040F65311FBF794FD2046FF22434640F618
:105530005611FBF78DFD1FFA89F92046FF223B46E5
:1055400040F65711FBF784FDC9EB06032046FF2206
:1055500040F648119BB2FBF77BFDC9EB05052046E1
:1055600040F64911FF22ABB2BDE8F047FBF770BD32
:105570002DE9F04792463E4A92B0D0F8A850044632
:105580000B466E4602F1200E10685168374603C77D
:10559000083272453E46F7D1128809AE3A80354A44
:1055A00002F1200E10685168374603C70832724571
:1055B0003E46F7D1128820463A809BB1002240F641
:1055C0000F11FBF75FFB95F8E93309AFA02B14BF70
:1055D0004FF010084FF0110814BF05210321264B8E
:1055E000264A12E001224FF41161FBF74BFB95F8BC
:1055F000E933234AA02B234B6F4614BF4FF010080A
:105600004FF0110814BF0E210A2108BF1A460023CB
:1056100005E01646308801332432824506D08B429D
:105620001FFA83F9F5DB4FF6FF790BE0002507E061
:10563000204637F8021B36F8022FFBF723FB013513
:105640004545F5DB2046FDF7BDFB10B12046FFF7D1
:1056500016FF20460FFA89F9FDF726FFB9F1FF3F43
:105660000CBF4FF0FF30002012B0BDE8F08700BF44
:10567000F0B8010012B9010024030200DC070200A7
:10568000D8050200900302002DE9F043254B8BB0B2
:10569000914604460D4601AA03F12007186859688F
:1056A000164603C60833BB423246F7D11B88338007
:1056B000D4F8A83093F8E983B8F1A00F0CBF4FF0ED
:1056C00011084FF0100865B92E462F4617E001ABC0
:1056D000995B2046FBF7CBFA013729F80600023622
:1056E00001E0002637464745F1DB0AE001AB995B54
:1056F00039F806202046FBF7C5FA01370236474540
:10570000F4DB2046FDF75EFB10B12046FFF7B7FE45
:105710002DB920460BB0BDE8F043FDF7C5BE0BB078
:10572000BDE8F08312B9010030B587B005AB009336
:10573000022301930023029350230C4603936946EE
:10574000102315460493FFF725FDBDF81430238080
:10575000BDF816302B8007B030BD07B540F2564378
:10576000009340F2554240F25743FBF775FD0EBDE2
:105770002DE9F04FB0F8DA3089B003F47043B3F597
:10578000005F04468B46D0F8A85002D1B5F8C43368
:1057900004E0B3F5805F06D1B5F8C6331AB2013222
:1057A00008BF702300E07023072204922022069293
:1057B0000122002703921B0607AA02920193B84612
:1057C0003E460BEB070AF1079AF8039003D595F9CB
:1057D0006635002B50D1B4F8DA3003F47043B3F5DA
:1057E000005F00F086801BF8078008E01FFA88F849
:1057F000B5F83E341AB2B2F1FF3F18BF99469AF895
:1058000001309AF802201B0243EA0243019A204623
:10581000134343EA0803079395F9663502A9013358
:10582000B6FBF3F3C0330593FFF797FF07AB029383
:1058300095F9663520460133B6FBF3F303F5A07303
:1058400002A90593FFF7A6FC9AF80420079B12050E
:1058500023F07F4342EA097223F470031343079352
:1058600095F9663520460133B6FBF3F303F5A073D3
:1058700002A90593FFF771FF01360537802EA0D1ED
:1058800095F96635002B3ED04FEA09795E464FF414
:105890008075019A204648EA020396F8422102A93F
:1058A00043EA024396F8412105F1800743EA0223C7
:1058B00007930595FFF751FF07AB204602A9029316
:1058C0000597FFF767FC079B96F8442123F07F4379
:1058D00049EA025223F470031343204602A901351A
:1058E000079305970536FFF738FFB5F5A07FD0D1B0
:1058F00009E0B5F840840FFA88F301337FF476AFFE
:105900004FF00F0874E709B0BDE8F08FB0F8DA3057
:10591000D0F8A82003F47043B3F5005F03D1D2F8A8
:105920007415FFF725BF70472DE9F041002486B0BC
:1059300005460594D0F8A860FDF7E9FA072302931D
:105940002023049301238046019396F966351BB109
:10595000E00713D4670800E02746214628464FFA9F
:1059600088F2FFF722FC06AB43F8040D07F5107729
:105970002846694600930397FFF7EFFE0134E4B22F
:10598000802CE2D196F966357BB101230193402446
:1059900005AB009304F51073013428466946E4B260
:1059A0000393FFF7DAFE802CF2D106B0BDE8F08158
:1059B000F0B5044687B0D0F8A87000293CD0072382
:1059C0000293202304930123019305AB97F8C2624D
:1059D000009300252BE006F1C0032046694603939F
:1059E000FFF7D8FB05F1C003204669460393FFF794
:1059F000B4FE06F5A073204669460393FFF7CAFB81
:105A000005F5A073204669460393FFF7A6FE06F549
:105A10001073204669460393FFF7BCFB05F510732E
:105A2000204669460393FFF798FE0135EDB297F8DB
:105A3000C232AB42CFD20CE0B0F8DA3003F470439C
:105A4000B3F5005F02D10449FFF792FE2046FFF74D
:105A50006BFF07B0F0BD00BF04A102007FB50902D3
:105A600006AB23F8021D0093012301930023029348
:105A700057230393694610230493FFF76EFE07B084
:105A800000BD2DE9F041D0F8A8308AB083F8341079
:105A900083F8C11293F9663505460C4653B111F0EF
:105AA000010318BF08234FF48F614FF00C02FBF77E
:105AB000CFFA640807234FF02008039304F5A0737E
:105AC0000AAE04930DEB080346F8243D012728464F
:105AD0003146CDF814800297C034FFF75BFB09AB69
:105AE0002846314601930494CDF81480FFF752FB09
:105AF000099B2846DAB2ADF818201A0A1B0CDBB253
:105B0000ADF81C30089BD2B21B0F03F0070306A9A7
:105B1000ADF81A20ADF81E30FDF7F5FB08992846C0
:105B2000090DC9B2FFF79AFF28463946FDF7CFFBAA
:105B30000AB0BDE8F0810000F0B5514F8FB06E465D
:105B400004460FCF0FC697E80F0086E80F002046E7
:105B50004C490422BDF85850FBF78CFA9DF8683088
:105B600020465B0040F2A3610222FBF771FA9DF828
:105B70005C30BBB10EAB4FF4002243F8042D089308
:105B80000123099318230A9320230C9300230B93DA
:105B90004026204608A9FFF7E0FD0B9B0133013E9C
:105BA0000B93F6D1204605EB4505FDF78BFD01353E
:105BB000204640F2A161BDF86C20FBF763F8ADB25E
:105BC000204640F2A261BDF87020FBF75BF82A4640
:105BD000204640F27E61FBF755F820462A49042210
:105BE000FBF748FA013514226A43013A20464FF484
:105BF000C86192B2FBF746F80022204640F2776176
:105C0000FBF740F808230993152300250A93202366
:105C10000EA90C930DEB050341F8183D20460B959A
:105C2000FFF79BFD204640F27B61BDF86020FBF74B
:105C300029F8204640F27C61BDF86420FBF722F889
:105C40002A46204640F27D61FBF71CF82946204693
:105C5000FFF704FF20460D490422FBF70BFA0C4D19
:105C600002E00A20F0F378F5204640F27661FAF778
:105C7000FEFFC30701D5013DF3D10FB0F0BD00BF5A
:105C800034B9010054E90100AEEA0100B6EA0100AE
:105C9000A18601002DE9F043D0F8A8908BB007460B
:105CA0008846032605240F2CA8BF0F240025A3B285
:105CB0000193384601212A462B460095029503950B
:105CC0000495FDF7F7FBDB2302934FF4AF630493D6
:105CD0004FF48243059380230122079338462946D7
:105CE0002B4600950195039206950895FFF724FF32
:105CF000B8F1000F1ED140F2BA613846FAF7B7FF8B
:105D00004FF6C0758001054040F2BB613846FAF796
:105D1000AEFF83011BB29B115B432DB2AD1105FB9E
:105D20000535B5F5005F01DAA41B03E0B5F5804F3A
:105D300004DBA419013EF6B2FF2EB4D1092CD4BF66
:105D400024EAE4740924C9F8384020460BB0BDE8C1
:105D5000F083F8B5D0F8A8600746D6F87C55002443
:105D600005E029463846FFF7F8FC01341435D6F82B
:105D700078359C42F5D3F8BDF0B5C369D0F8A8409A
:105D800087B0064680219868F0F3A2F70546002800
:105D900000F08D80B4F81C34002203F4807E03F4FC
:105DA00000731FFA83FC1FFA8EFE034602F01007F1
:105DB0000020FFB202F0010123F8020BCFB1BCF1C9
:105DC000000F03D0D4F81C14C1F3802112F0080F87
:105DD000D4F8180403D000F47F00000C07E012F0A0
:105DE000200F03D000F47F40000A00E0C0B223F887
:105DF000020CBEF1000F01D0002F42D112F0040FAF
:105E000002F0020717D0D4F80C0447B133F8027C33
:105E100009B1000E0BE000F47F00000C07E033F83E
:105E2000027C19B100F47F40000A00E0C0B23843A0
:105E300023F8020C25E0900610D527B133F8027C38
:105E4000D4F8100403E033F8027CD4F8140409B148
:105E5000010E13E000F47F01090C0FE027B133F8C5
:105E6000027CD4F8100403E033F8027CD4F8140464
:105E700019B100F47F41090A00E0C1B2394323F8A7
:105E8000021C0132402A91D10F2306A9039300235B
:105E9000049341F8145D1023304602920593FFF7F6
:105EA0005CFCF369294698688022F0F321F707B07B
:105EB000F0BD30B587B005AB0093012301931823E3
:105EC000029320230493002303934FF400230546F9
:105ED0000593812406E028466946FFF73EFC039BB4
:105EE00001330393013CF6D107B030BD70B5D0F853
:105EF000A83086B093F89A55044645B12EE0314B50
:105F0000142101FB05312046FFF727FC01352E4BFC
:105F10001B689D42F3D32D4B06AD5A681B68019256
:105F2000102202920026082245F8183D20466946B4
:105F300003960492FFF711FCE3691B6B082B0DD14C
:105F4000234B20465A681B6801921222029269462E
:105F50002022039604920093FFF7FFFB1023049383
:105F60000DF116030093722308250126ADF81630B3
:105F7000204600236946039302950196FFF7EDFB47
:105F8000822320466946ADF816300396FFF7E5FBFD
:105F9000062369462046ADF816300395FFF7DDFB72
:105FA0002046FFF7B3FC2046FFF7D3FE2046FFF75D
:105FB000E3FE2046FFF7B8FC2046FFF77AFF06B065
:105FC00070BD00BF00F50100E0F00100E4F1010048
:105FD00070FE0100F0B5B0F8DA30D0F8A84003F454
:105FE0007043B3F5005F0CBF94F8403394F841332D
:105FF00087B084F8423394F84233054684F843333B
:10600000B0F8DA3003F47043B3F5005F10D194F8C0
:1060100049335AB2002A06DCC3691B6DDA0401D584
:10602000342300E0302384F8483394F85C630FE0B5
:1060300094F84A335AB2002A06DCC3691B6DDB00B0
:1060400001D5342300E0302394F85D6384F84833AD
:1060500076B2002E48DD40F2DF412846FAF707FE0F
:10606000C3B2000A80B281B2022EA8BF02267F2BE3
:10607000C8BFA3F580730AB206EB4606C8BF9BB241
:10608000F6B27F2AC8BFA0F5807177B2C8BF89B2C7
:10609000BFB2CA1BDF1B92B2FFB247EA022292B222
:1060A000284640F2DF41FAF7EDFD05AB00930223ED
:1060B0000193112302930F23039328460823694673
:1060C0000493FFF767F89DF8143028469B1B8DF862
:1060D00014309DF8153069469E1B8DF81560FFF74A
:1060E0003CFB2846FDF7F0FF94F84D130023FF22F8
:1060F00084F89A2384F8473384F89C33B1B184F848
:10610000423384F84333284640F22341B4F85033F5
:10611000FAF79EFF28464FF4AA61B4F86023FAF715
:10612000B1FD284604490422FAF7A4FF2846FDF7EA
:106130001DF807B0F0BD00BFE0EE010038B5B0F8C3
:10614000DA20044602F47042B2F5005FD0F8A830BD
:106150000AD193F9F12301322DD1B3F9F823013299
:1061600029D1B3F92C2524E0B2F5805F2CD193F925
:106170005B2501321FD193F9F32301321BD193F92F
:106180005C25013217D1B3F90024013213D1B3F9E0
:10619000302501320FD1B3F9022401320BD1B3F90A
:1061A0003425013207D1B3F90424013203D1B3F904
:1061B0003825013208D00125102283F86655204683
:1061C0004FF49A61134607E0002583F86655204690
:1061D0004FF49A6110222B46FAF73AFF4FF48F6181
:1061E00003222B462046FAF733FF2046FFF77EFEB8
:1061F0002046FDF7C9FB2046FEF77EF82046BDE8A5
:106200003840FFF7E7BE2DE9F0478AB01E460DF192
:1062100027030546D0F8A8408846009309A90DF148
:10622000260317460DF12502FDF728FB284608A98D
:106230000DF12202FFF778FA2846FFF70DF9072340
:1062400004932023069307AB0293012303934FF497
:106250005073814605934FF0000A35E013B118F0F2
:10626000010F2FD15BB20133B8FBF3F303F5A07339
:10627000284602A90593FEF78DFF079BBDF822A0D3
:106280001B0D4FEA8A5A1B054FEA9A5A4AEA030A3B
:10629000BDF8203028469B059B0D4AEA832A02A9B7
:1062A000CDF81CA0FFF759FA94F96635284601335A
:1062B000B8FBF3F303F5E07302A9CDF81C90059346
:1062C000FFF74BFA08F10108B84594F86635C5D9CF
:1062D000BBB17F2F15D14FF4C077284602A905978F
:1062E000CDF81CA0FFF739FA07F18003284602A970
:1062F0000137CDF81C900593FFF72FFAB7F5E07F33
:10630000EBD1BDF8202006F1340304EB43039A805F
:10631000BDF8222004EB46065A81A6F878909DF835
:10632000243084F87E309DF8253084F87F309DF845
:10633000263084F880309DF8273084F881300AB008
:10634000BDE8F0872DE9F041D0F8A84086B094F977
:1063500007144FF0FF3289B20646FEF726FF94F984
:1063600067350546022B08D194F90814304689B2E6
:106370004FF0FF32FEF719FF00E0002007230293E1
:106380002023049301232F1A0193304605ABB4F860
:1063900068154FF0FF320093FEF707FF0023C01986
:1063A000A4F86A3548BFA4F86A05002594F8663554
:1063B0000BB1E9071CD45BB2013395FBF3F3DBB2FD
:1063C00003F510730393B4F86835B4F96A85AB42EA
:1063D000294630464FF0FF3238BFC7EB0808FEF7BA
:1063E000E4FEC8EB0000059069463046FFF7B5F9BA
:1063F0000135EDB2802DD9D194F966357BB10123F9
:10640000019305AB0093402404F51073013430462A
:106410006946E4B20393FFF7A0F9802CF4D106B0EB
:10642000BDE8F08170B5002386B002931023049379
:1064300005AB009302230446ADF8141001930E46F9
:10644000502369461546ADF816200393FFF785F9EA
:106450002046FCF7CBFC78B3204640F6461140F2CC
:10646000FF323346FAF7F4FD204640F6471140F27A
:10647000FF322B46FAF7ECFD20464FF4156140F24F
:10648000FF323346FAF7E4FD204640F6511140F260
:10649000FF322B46FAF7DCFD204640F6541140F25D
:1064A000FF323346FAF7D4FD204640F6551140F24C
:1064B000FF322B46FAF7CCFD06B070BDF0B5294B84
:1064C0008BB0044605AD0E460FCB85E80F0004F5F2
:1064D00082531B79D4F8A8501BB195F8E034002BF7
:1064E0003ED0204620490822FAF7C4FD0723029334
:1064F0002023049304230193012705AB009385F81F
:106500006A704FF45073204669460393FFF725F9EC
:106510000023099309AB019700934FF4517520466E
:1065200069460395FFF719F9013540F25E339D4244
:10653000F5D120460D491222FAF79CFD76004FF660
:10654000FE73204640F2A94140F2FF123340FAF7B1
:106550007FFD204640F2A36110220023FAF778FD68
:106560000BB0F0BD54B901002AEA010088EA01002D
:1065700030B5182387B003932023D0F8A8400593A3
:1065800080230293002306A9049304F19C0305468B
:1065900041F8143DFFF7E1F82846B4F89C2240F298
:1065A0007161FAF76FFB2846B4F89E2240F27361DE
:1065B000FAF768FB2846B4F8A22240F27461FAF7B1
:1065C00061FB2846B4F8A02240F27561FAF75AFB45
:1065D0002846B4F8A42240F27961FAF753FB284622
:1065E000B4F8A62240F27661FAF74CFB2846B4F8DC
:1065F000A82240F2DA61FAF745FB2846B4F8AA224D
:1066000040F22551FAF73EFB2846B4F8AE224FF48B
:106610008F61FAF737FB2846B4F8B0224FF49A613D
:10662000FAF730FBB4F8B2324FF40042DB032846ED
:10663000134040F22451FAF70BFD94F8AC3228468F
:1066400084F86735B4F8B432A4F8683594F8B632F3
:1066500084F8073494F8B73284F80834FFF772FEF0
:1066600007B030BD2DE9F04FC3690E464FF08051A1
:10667000BBB00446D0F8A850174618690A463AF04D
:1066800019D80520F0F368F020464FF489614FF4E3
:1066900080420023FAF7DCFC0122204640F20A5136
:1066A0001346FAF7D5FC0DF1E60334930123359335
:1066B000112336930F2337932046082334A93893A8
:1066C000FEF768FD002E40F04A81B4F8DA3003F49A
:1066D0007043B3F5005F0CD1E36995F8BF641B6D9F
:1066E00003F48053002B0CBF08230623FF2E08BFA2
:1066F0001E469DF8E6306FF0020202FB06323AAB0E
:1067000003F8012D34932046102334A937937700E2
:10671000FFF723F84FF6FE73FE22204640F20A519F
:106720003B40FAF795FC95F8C054FF2D00F0EC8043
:10673000002D00F0CB80102D28BF1025C5F12407B7
:10674000FFB2F6B272B27BB29A4203DC002E14BFE3
:10675000374601277AB2AA4205F10106CCBF5FFA9B
:1067600086FBBB46CBEB06060D23F6B23693202301
:106770004FFA86F8389309AB03EBC80300934FFA3E
:106780008BF35B0001937300013303F0FF0302936B
:106790006B000133039305F1010A4FEA48034FEA06
:1067A0004A00591CCDF818B00796059004914FF097
:1067B000000993461E46019BAB453593CABF7BB289
:1067C000CDF8DCA03793379B009A4B445B00204602
:1067D00034A937933492FEF7DDFC029B0AE03AA815
:1067E00000EB830252F8C41C023341F0800142F8EE
:1067F000C41CDBB2039A9342F1DD002313E03AA8F4
:1068000000EB860252F8C41C00EB830242F8C41C61
:10681000049900EB810252F8C41C00EB830202339E
:1068200042F8C01CDBB2B342E9DB059A09AB3493F2
:1068300020464FEA490334A909F1250935923793D7
:10684000FEF78BFFB9F14A0FB5D10E235A462BA89C
:10685000DDF818B0369310233893AA4200EB4803B2
:106860003493C8BF7FB24FFA8BF3204634A9079EFA
:106870003593D4BFCDF8DCA03797FEF78BFC0AE048
:106880003AA901EB460333F83C2C013642F400628E
:1068900023F83C2CF6B2AE42F2D900230AE03AAA21
:1068A00002EB480131F83C1C02EB4302013322F8B1
:1068B0003C1CDBB24345F2DB2BAB34932046002378
:1068C00034A9CDF8D4A03793FEF747FF0122134631
:1068D000204640F20E51FAF7BBFB4FF47E426B02AA
:1068E0001340204640F20E51FAF7B2FB204640F228
:1068F0000F517F222B46FAF7ABFB204640F20F5197
:106900004FF47E52EB011BE0204640F20E51012273
:106910000023FAF79DFB204640F20E514FF47E42D1
:106920000023FAF795FB204640F20F517F22002307
:10693000FAF78EFB204640F20F514FF47E520023AF
:10694000FAF786FBE3694FF080511869002239F0AD
:10695000B1DE2046FDF7B8FB3BB0BDE8F08F3E4608
:10696000C7E638B540F2A4410546D0F8A840FAF78A
:106970007EF9800B80B2032812D105F582531B7972
:1069800073B1284640F27341FAF771F994F966350C
:10699000C005C00D0133584300EBD070401001E03A
:1069A00094F8C10240B238BD70B5C6B001ADD0F8A0
:1069B000A8600446002128464FF48072EBF340F3B0
:1069C000072343932023459396F86A30419543B9B2
:1069D0001E23429320464FF4507341A94493FEF77F
:1069E000BCFE402342932046802341A94493FEF7F6
:1069F000B4FE46B070BD000030B5072389B00393E4
:106A00002023059306AB0193012302930023044640
:106A1000D0F8A850049308E0204601A9FEF79DFE97
:106A2000049B01330493069B01330693069B7F2B43
:106A3000F2D94FF430730493002307E001A9FEF765
:106A40008CFE049B01330493069B01330693069B43
:106A500020467F2BF2D909225A49FAF70BFB012174
:106A60002046FDF77DF8242220465749FAF702FB1D
:106A70002046FCF7ABFB400880B2E62806DC204647
:106A8000FCF7A4FB430819339BB200E0FF23FF226D
:106A9000204640F2A541FAF7DBFA2046FFF784FFD3
:106AA000B5F8E623B5F8E433204603EB4205AD0123
:106AB0004FF6C0732B404FF49A6147F6C072FAF755
:106AC000C7FA204609224149FAF7D4FAB4F8DA3075
:106AD000204603F4704328211E22B3F5005F14BF43
:106AE00018231C23FAF772FA012220463A21134692
:106AF000FAF76CFA0822134620464FF48D71FAF724
:106B000065FA204625210C22FAF78BF8B4F8DA3022
:106B1000022203F470433A21B3F5005F08BF134625
:106B2000204618BF0023FAF751FA082213462046E0
:106B30000521FAF74BFA204606222549FAF79AFA78
:106B400047F20802204640F2D7414FF40053FAF7CB
:106B50007FFA2046FCF73AFB102305930DF11E0344
:106B6000019301230825ADF81E0002932046062359
:106B700001A904930395FEF7F0FD20460F22154965
:106B8000FAF778FA20463521FF220023FAF71EFA99
:106B90002046362103220023FAF718FA20462A4617
:106BA0002B464FF48D71FAF711FA4FF480622046AC
:106BB00040F2A4411346FAF74BFA2046FDF72EF8AF
:106BC00009B030BDF8EC01000AED010052ED010002
:106BD00064ED010028F001002DE9F0410446D0F8F1
:106BE000A850FCF7DCF9B0F5404F48D1E369E0214B
:106BF000186939F07FDDB5F82E800746C8EB00082C
:106C000040F2A5412046FAF732F800F4E060060AA7
:106C10000123B3401FFA88F8984530DD95F8C13458
:106C2000EF85B34208D90136204640F2A5414FF422
:106C3000E0623302FAF70CFA2046FFF792FEB4F84E
:106C4000DA3080B203F47043B3F5005F0CBF85F80F
:106C5000540485F8550428866E86D4F8A830400080
:106C600093F9663540F2A441013390FBF3F340F20F
:106C7000FF1220469BB2BDE8F041FAF7E9B9BDE842
:106C8000F08100002DE9F04F044685B00F46D0F8A2
:106C9000A850FFF7A1FFD4F8B030D3F8203103F0AB
:106CA000010383F0010201921BB1E369186939F015
:106CB00071DD07212046F9F79DFFFF21C6B220466E
:106CC000F9F798FF40F21F115FFA80F82046F9F7B4
:106CD00091FF40F23B415FFA80F92046F9F7C7FF88
:106CE00040F23C4182462046F9F7C1FF40F2D741CD
:106CF00083462046F9F7BBFF4FF49B610290204684
:106D0000F9F7B5FF0F2203903F492046FAF7B2F991
:106D10000122072113462046FAF758F91022FF21D5
:106D200013462046FAF752F90422134640F21F1187
:106D30002046FAF74BF90A20EFF30EF52022204601
:106D40004FF49A611346FAF783F90A20EFF304F53A
:106D5000012F20461CD140F27641F9F788FF40F21E
:106D60007741C7052046F9F782FFC005C00DFF0D2A
:106D7000FF28A5F86E0588BFA0F50070FF2FA5F8C5
:106D80006C7588BFA7F5007780B2BFB2C51B09E05C
:106D900040F27541F9F76BFFC505ED0DFF2D88BF7A
:106DA000A5F50075204607213246F9F73AFF20463F
:106DB000FF214246F9F735FF204640F21F114A46AF
:106DC000F9F72FFF204640F23B415246F9F75AFFB0
:106DD000204640F23C415A46F9F754FF204640F223
:106DE000D741029AF9F74EFF20464FF49B61039A70
:106DF000F9F748FF019B1BB9E369186939F0B6DC64
:106E000028B205B0BDE8F08FDAEC010041439202F0
:106E10009B0100FB032001F5004101EB400049000C
:106E200090FBF1F0704730B500238BB007930893C7
:106E30000993072303934FF020030029059306AB22
:106E400018BF4FF4307101934FF0010305460491D0
:106E5000029305D107A908AA09ABFBF767FE08E072
:106E6000B0F902310893B0F904310993B0F9063151
:106E70000793002407A90EC92046FFF7C7FF01A901
:106E800006902846FEF769FC049B01340133802CF0
:106E90000493EFD10BB030BD2DE9F04104468AB028
:106EA0000D4649B140F2D741F9F7E1FE01A9064686
:106EB0002046FCF719FF00E00E46202213464FF44F
:106EC0009A612046FAF7C4F86420EFF345F440F2E3
:106ED00076412046F9F7CBFE40F2A6410746204610
:106EE000F9F7C5FE8046FF054FEAC858FF0D4FEA87
:106EF000D858204607A908AA09AB87F4807788F4F8
:106F00008078FBF713FEC8EB070000F5FE70033036
:106F100007A980100EC9FFF779FF47004DB1204641
:106F200001A9FCF79BFD204640F2D7413246F9F714
:106F3000A9FE38460AB0BDE8F0812DE9F84F9DF86A
:106F400028508B46924699469DF82C70BDB100267C
:106F50006FF0004835462846594652464B46FFF7E3
:106F600055FF404504DA0136F6B2BE421BD08046DA
:106F70000135802DEFD16FF00040BDE8F88F4FF064
:106F8000FF367F242046594652464B46FFF73EFFC8
:106F9000B04204DD0135EDB2BD4204D0064614F125
:106FA000FF34EFD22046BDE8F88F2DE9F04F8BB0CB
:106FB0000446002508AB07AA884606A9D0F8A8A071
:106FC000069507950895FBF7B1FD20460DF12601C2
:106FD0000DF12702FEF7CAF89DF8263006AF03939D
:106FE000012397E8800A0093039B4A4601933946A0
:106FF0005B462046FFF7A1FF9DF827304A460493E1
:10700000019306465B46009520463946FFF795FFFB
:107010009AF8E833814623B3B4F90431B4F902C1D4
:1070200005930123B4F906B10093039B62460193D3
:107030005946059B2046CDF808C0FFF77EFF049B0C
:10704000DDF808C007460193009520465946624680
:10705000059BFFF772FFBE42B8BF3E468145A8BF01
:107060008146B8F1010F02D0B8F1030F02D17610BA
:10707000CAF84464A8F102085FFA88F8B8F1010F71
:107080009CBF4FEA6903CAF848340BB0BDE8F08FE3
:10709000F0B5D0F8A840002385B001930293039384
:1070A00094F858340546002B79D0FFF75AFC064671
:1070B00008B17F2873D102AA03AB284601A9FBF7C8
:1070C00035FD40F23E612846F9F7D1FD40F2A64178
:1070D000C7052846F9F7CBFDC005C00DFF0DFF28F9
:1070E00086BFA0F5807080B200F58070FF2F88BF4A
:1070F000A7F58077C0F5FE708CBFBFB207F580772B
:1071000003303818801080B2BEB994F85634013379
:10711000DBB2042B84F8563441D901A90EC984F896
:107120005664FFF773FED4F848244310043B93429F
:10713000B8BF1346C4F8443419E07F2E2FD194F819
:1071400057340133DBB2042B84F8573427D900239A
:1071500001A984F857340EC9FFF758FED4F8442427
:10716000431004339342A8BF1346C4F84834D5F8FB
:10717000A8209BB2D2F84814D2F844249342B4BF5A
:1071800018461046814201DD8BB202E09A42B8BF38
:1071900093B2284640F2A741FF22F9F759FF05B004
:1071A000F0BD30B5D0F8A8509BB00446024600238D
:1071B00092F9100501A94042585004330132502B76
:1071C000F6D195F86A306BB90723179320231993EA
:1071D0001423169315914FF45073204615A9189354
:1071E000FEF7BBFAD4F8A82094F82936D2F8481450
:1071F000D2F844249342B4BF18461046814201DDC0
:107200008BB202E09A42B8BF93B2204640F2A74147
:10721000FF22F9F71DFF95F8E833F3B194F829261A
:10722000B5F8E6332046D31A1B024FF47F421340D1
:1072300040F2D141F9F70CFF94F8292695F825354D
:1072400095F8E6139B1AD31A5B1A5BB2204640F2FC
:10725000D141FF229BB2F9F7FBFE2046FBF702FD6E
:107260001BB030BD2DE9F04104460D46FBF797FEFB
:10727000294607462046FBF798FD39460546204635
:10728000FBF793FD4022B5F5404F0CBF134600239A
:10729000074640F2DA612046D4F8A860F9F7D8FE34
:1072A0001022B5F5404F14BF13460023204640F28C
:1072B000A361F9F7CDFEA5F5404E0122DEF10003F2
:1072C00043EB0E03204640F26E41F9F7C1FEAF4298
:1072D00000F09380B7F5404F02D12046FFF764FBE2
:1072E000B5F5404F20463AD1FFF75BFFD4F8A83000
:1072F000328E93F966355200013392FBF3F3204648
:1073000040F2A44140F2FF129BB2F9F7A1FE738E46
:1073100020461B0240F2A5414FF4E06203F47F4394
:10732000F9F796FE04222046002340F21F11F9F7D8
:107330004DFEE369E021186939F0DCD90021F085C0
:107340002046FBF7C4FFFF2386F83430204640F286
:10735000A9414FF400420023F9F77AFE02E001212F
:10736000FBF7B5FF204640F2A4414FF460422B46A4
:10737000F9F76EFEB5F5404F0FD12046FBF736FD0D
:1073800040F2A44100280CBF4FF4005300234FF4F7
:1073900000522046F9F75CFE13E04EF201039D42D5
:1073A0000FD12046FBF763FC01462046FFF786F825
:1073B000204640F2A941F9F75AFCC0B2401086F8C5
:1073C000C10296F967352046012B0DDD40F2A4413C
:1073D000F9F74DFC00F480439B13204640F2255101
:1073E0004FF40042DB0304E040F225514FF4004229
:1073F0000023BDE8F041F9F72BBEBDE8F08138B5B8
:107400000022D0F8A83080F82B2693F8E024044618
:1074100092B190F92A26D3F848148A4203DBD3F8B4
:1074200010359A4208DA20464EF20101FFF71AFFA2
:10743000012384F82B3638BD04F582531B7983B1C0
:107440002046FBF7ACFD002105462046FFF70AFF6A
:107450002046FFF7A6FE20462946BDE83840FFF744
:1074600001BF38BD7FB50DF11603009301230193D1
:107470000023029357230393694610230493FDF7D7
:1074800089FEBDF81600000A07B000BD10B5002344
:1074900088B00593102307930DF10603039301238E
:1074A0000446ADF80610049303A955230693FEF78E
:1074B00054F92046FBF786FC10B12046FDF7DFFFAC
:1074C00008B010BD2DE9F0410446D0F8A8500026C0
:1074D00016E0B4F8DA2002F47042B2F5805F06D10B
:1074E0001A7922B189042046890C9A7805E05A79E4
:1074F0002AB18904DA782046890CF9F792FB013623
:1075000006227243C1498B18895A4FF6FF72914285
:10751000DFD1204673210022F9F783FB2046322178
:107520006A22F9F77EFB192220463321F9F779FB0D
:1075300095F8EC231AB120463321F9F772FBC221EA
:107540006F222046F9F76DFB902110222046F9F7B3
:1075500068FB102100222046F9F763FB9B210722DC
:107560002046F9F75EFB1D2102222046F9F759FB60
:107570001E2106222046F9F754FB204640F2EA413C
:1075800044F28862F9F77EFBB4F8DA3003F4704312
:10759000B3F5005F40F04C81B4F8FE3F95F8E98305
:1075A0001AB2B8F1A00F0CBF4FF004084FF0020858
:1075B000013218BF984609E004F58053B3F8008003
:1075C0000FFA88F3013308BF4FF002084FFA88F82A
:1075D0001FFA88F807224346204640F2EB41F9F7AC
:1075E00037FDB4F8DA3003F47043B3F5005F08D028
:1075F000B3F5805F07D195F83B65003618BF0126CB
:1076000002E0002600E00126370133460F22204623
:1076100040F2F241BFB2F9F71BFDF022204640F2E2
:10762000F2413B46F9F714FD33460F22204640F263
:10763000F141F9F70DFDF022204640F2F1413B46C1
:10764000F9F706FD4FEA0823204640F2F2414FF4D5
:10765000E06203F47F43F9F7FBFCB4F8DA3020462C
:1076600003F47043B3F5805F04F598530CBF9E8913
:107670005E8940F2EB41730203F47E434FF40072E3
:10768000F9F7E6FCB4F8DA3003F47043B3F5805F41
:1076900007D004F59A539B8A1AB2013201D09B029B
:1076A00000E0B3024FF4806203F47C43204640F2D2
:1076B000EB41F9F7CDFC40F2EB412046D4F8A8604D
:1076C000F9F7D5FA00F48060801286F8470540F299
:1076D000EB412046D4F8A860F9F7C9FA00F400702D
:1076E000401286F84805D4F8A830204693F847158C
:1076F00093F848258A1A18BF012283F84625FBF71C
:1077000075FB830203F47C43204640F646114FF498
:107710008062F9F79DFC20463D490622F9F7AAFC54
:1077200004F5905393F83D302BB10F22204677217A
:107730001346F9F74BFC20460021FFF7A7FE95F80A
:107740009A352BB92046FDF7A3F92046FDF7F6F947
:10775000E3697A21186938F0CDDF95F8EC23400011
:1077600086B22AB126B1E369B11C186938F0E0DFAE
:1077700095F8ED232AB126B1E3693146186938F04E
:10778000D7DF95F8BB34DBB104221346204640F224
:107790001D11F9F71BFC20469F213F2295F8BC34B0
:1077A000F9F714FC20469E213F2295F8BD34F9F7E5
:1077B0000DFC204677210F2295F8BE34F9F706FC20
:1077C000B4F8DA3003F47043B3F5805F37D195F93C
:1077D0005835002B33D0B42124222046F9F721FA62
:1077E000B72124222046F9F71CFA0322B8212046AB
:1077F000F9F717FA95F95825022A0BD12046B82136
:10780000F9F70FFA2046B52101220DE0D00702005A
:1078100070EC0100032A12D12046B8210222F9F7A8
:1078200000FA2046B5210022BDE8F041F9F7F9B988
:10783000B3F5805F3FF4C0AE4FF00208C6E6BDE886
:10784000F08100BFFFF73EBE2DE9F043D0F8A860FD
:107850008DB096F9663504460D460F46ABB15F4BC9
:107860000B40002B03DA013B63F0010301330C22D0
:10787000012B20464FF48F6101D1082300E0002343
:10788000F9F7E6FB05EBD5756D1007234FF02009DE
:10789000039305F5A07386F8347086F8C1720493DB
:1078A0000CAF0DEB090347F82C3D4FF001083946AA
:1078B0002046CDF81490CDF80880FDF76BFC05F15B
:1078C000C00339460493204609AB0193CDF81490C8
:1078D000FDF760FC099B2046DAB2ADF818201A0AC1
:1078E0001B0CDBB2ADF81C30089BD2B21B0F03F0AF
:1078F000070306A9ADF81E30ADF81A20FBF703FD0B
:107900009DF82710204601F07F01FBF783FD0899C1
:107910002046090DC9B2FEF7A1F820464146FBF703
:10792000D6FC089A2046910A89059205920D890D88
:10793000FEF778FD05F5E0733946049320460AAB5F
:107940000193FDF727FC2046BDF82810FFF79EFDA8
:1079500005F510733946049320460BAB0193FDF7F0
:1079600019FC0B9F4FF6F873FF003B40204640F296
:10797000A66141F6FF72F9F76BFB96F9673543454F
:1079800029DD40F225512046F9F771F9C0B2854250
:10799000D4BF00250125204640F225514FF48072C6
:1079A0002B02F9F755FB204640F225514FF40072A7
:1079B0006B02F9F74DFB204640F225514FF48062EF
:1079C000AB02F9F745FB204640F225514FF4006227
:1079D000EB02F9F73DFB0DB0BDE8F083010000803C
:1079E00038B50C4600210546FFF73CFC28462146E9
:1079F000BDE83840FFF728BF2DE9F04F8BB0059266
:107A000004460491FBF7CBFA40F23B41029020463A
:107A1000F9F72DF9C0F3801006A903902046FBF773
:107A2000C6FA4FF47A70EEF397F64FF47A70EEF3ED
:107A300093F604F598531A6900239846D11891F8E3
:107A4000201019B108F101081FFA88F80133042B3E
:107A5000F4D114270026D0E0D4F8B030D3F8203188
:107A600003F0010383F001091BB1E369186938F0E1
:107A700091DE2046FAF7BDFE04F598531B692046B7
:107A800003EB4503998CFFF7ABFF20460199FDF707
:107A9000E5FFB9F1000F03D1E369186938F066DE3C
:107AA0004FF4004240F2A44113462046F9F7D0FAC1
:107AB00041F28830EEF350F641F28830EEF34CF6A6
:107AC00041F28830EEF348F6204640F2A641F9F73D
:107AD000CEF84FEAC0594FEAD959B9F1FF0F86BF26
:107AE000A9F580791FFA89F909F580794FF0100B13
:107AF0004FF0000A204640F23E61F9F7B8F80BF16A
:107B0000FF3BC005C00D1FFA8BFB8244BBF1000F89
:107B1000F0D14FEA1A1A1FFA8AFABAF1FF0F8CBF96
:107B2000AAF5807A0AF5807A3846002108AA09ABBE
:107B3000F0F340F404F598531B6900215B1993F8A6
:107B400020000DF122020DF12603F0F333F4BDF90C
:107B50002410BDF926301FFA8AFA994209DABDF9D4
:107B60002200591AF0F3D8F4BDF824B0ADF8220081
:107B700008E0BDF92000C91AF0F3CEF4BDF826B034
:107B8000ADF82000BDF92000BDF92210F0F3CEF4CD
:107B90000FFA8BF3032BCCBFABF1040BCBF1040B2F
:107BA0000FFA8BFB0BF1FF33012212FA03F300EB08
:107BB0008000C31843FA0BFB0BF10C03182B14D8ED
:107BC00004F598531B692A1D53F82200049B834433
:107BD0004FEA990903F806B0C9F17F09059B09EB43
:107BE0009A0A03F806A00136B6B20135ABB2434596
:107BF000FFF432AF0137652F03D0FBB201930025AC
:107C0000F4E720460399FBF762FB204606A9FBF741
:107C10007AFB20460299FFF725FB30460BB0BDE802
:107C2000F08F00002DE9F04F87B00446D0F8A8701F
:107C3000FBF7B5F982462046FEF793FE4FF48971B3
:107C40005FFA80F92046F8F7D5FF072183462046E2
:107C5000F8F7D0FF00F001000090FF212046F8F770
:107C6000C9FF00F0100080B2019040F21F112046C1
:107C7000F8F7C0FF00F0040080B2029040F2AB4180
:107C80002046F8F7F4FFD4F8B030D3F8203103F0F1
:107C9000010383F0010203921BB1E369186938F014
:107CA00079DD00212046FFF7DDFA2046FAF7A1FD35
:107CB00040F23B412046F8F7DAFF04A9C0F38018F0
:107CC0002046FBF774F920460121FBF700FB204614
:107CD0007F21FFF785FE0122134620460721F9F791
:107CE00075F9102213462046FF21F9F76FF9042297
:107CF000134640F21F112046F9F768F92046FEF7B7
:107D00007BFE062247492046F9F7B4F92046FFF7E3
:107D1000A9FB002106462046FDF7A0FE00222046D2
:107D20000121F9F729FB40F2AB412046F8F79FFF0C
:107D300040F23E612046F8F79AFFC505ED0D2B464F
:107D4000204640F2A64140F2FF12F9F781F997F878
:107D5000E8330BB3204634490922F9F78BF90022A6
:107D600020460121F9F708FB40F2AB412046F8F725
:107D70007EFF40F23E612046F8F779FFC30540F2EE
:107D80009A41204640F2FF12DB0DF9F761F92046D7
:107D900026490922F9F76EF9204640F2A64140F241
:107DA000FF122B46F9F754F900234FF48052204676
:107DB00040F24C41F9F74CF920463146FDF74EFEB2
:107DC00020464146FBF783FA204604A9FBF79BFABD
:107DD00020464946FFF704FE20465146FFF742FA87
:107DE00020464FF489715A46F8F71BFF20460721B9
:107DF0000122009BF9F7EAF82046FF211022019B9F
:107E0000F9F7E4F8029B204640F21F110422F9F72B
:107E1000DDF8039B1BB9E369186938F0A7DC07B0EC
:107E2000BDE8F08F9EE90100AAE90100BCE901006C
:107E30002DE9F04F044695B0D0F8A85040F2E73055
:107E40000E46EEF389F407212046F8F7D3FEFF2112
:107E50005FFA80F82046F8F7CDFE40F21F115FFA76
:107E600080F92046F8F7C6FE05215FFA80FA204621
:107E7000F8F7C0FEC0B2009025212046F8F7BAFE00
:107E8000C0B201904FF489712046F8F7B3FEC0B23A
:107E900002904FF0000B884F204637F80B10F8F790
:107EA000E6FE07AB23F80B000BF1020BBBF11C0F36
:107EB000F1D1D4F8B030D3F8203103F0010383F0CE
:107EC000010203921BB1E369186938F063DC40F2E8
:107ED000A4412046F8F78EFE002104902046FFF7CB
:107EE000C1F995F8C1527F2120460595FFF778FD2D
:107EF0000122072113462046F9F768F81022FF21D6
:107F000013462046F9F762F804221346204640F251
:107F10001F11F9F75BF8362220466849F9F7AAF8ED
:107F20002046FBF753F9400880B2E62806DC2046DD
:107F3000FBF74CF9430819339BB200E0FF23FF2203
:107F4000204640F2A541F9F783F825210C2220466E
:107F5000F8F767FE0822134605212046F9F736F8A0
:107F6000092257492046F9F785F82046FBF72EF9F4
:107F7000102312930123ADF84E0008250F932046DD
:107F80000DF14E034FF0060B0EA910950E93CDF890
:107F900044B0FDF7E2FB012E20460BD149495A4679
:107FA000F9F768F82022204682211346F9F70EF8E7
:107FB000042605E044495A46F9F75CF80A260725E5
:107FC000012246F40076134620464FF49B6146EAB0
:107FD0000515F9F73DF8AB0020464FF49B6140F6DC
:107FE000FC72F9F735F80222134620464FF49B61E4
:107FF000F9F72EF820464FF49B614FF4E0424FF41E
:108000000053F9F725F82022134620464FF49A61D1
:10801000F9F71EF8012100222046F9F7ADF92046B4
:1080200040F27641F8F723FE030402D40A20EEF36F
:1080300093F3204607214246F8F7F3FD2046FF213F
:108040004A46F8F7EEFD204640F21F115246F8F777
:10805000E8FD20460521009AF8F7E3FD204625219A
:10806000019AF8F7DEFD20464FF48971029AF8F77D
:10807000D8FD002507AB795B5A5B20460235F8F73F
:1080800001FE1C2DF6D1059B204659B2FFF7A8FC36
:10809000049A204640F2A441F8F7C3FD039A1AB9A6
:1080A000E369186938F062DB40F2E730EEF354F32D
:1080B00015B0BDE8F08F00BF14EC010070ED0100B9
:1080C000DCED0100EEED0100FAED010073B5D0F832
:1080D000B0300446D3F82031D0F8A85003F00103A3
:1080E00083F001061BB1C369186938F053DB04F54E
:1080F00082531B7923BBB4F8DA2002F47042B2F544
:10810000005F06D10422ADF800200C22ADF8022059
:1081100005E0FF22ADF80020ADF80220F022204655
:108120006946ADF80420ADF80630FBF7ECF82046C0
:108130009621FDF793FC20460121FFF779FE5BE0D5
:108140002046FFF76FFD2046FEF72EFC204600215B
:10815000FEF769FE204638490F22F8F78BFF95F8A5
:10816000E833DBB120460121FEF75DFE95F92435A9
:10817000204640F2D141FF229BB2F8F769FF95F803
:108180002535204640F2D1414FF47F421B02F8F7DB
:108190005FFF204629490C22F8F76CFF0522284989
:1081A0002046F8F767FFD4F8A830D3F84824D3F86E
:1081B00044343C2BB4BF19463C218A4201DD93B2C2
:1081C00003E03B2BD4BF9BB23C23204640F2A741A7
:1081D000FF22F8F73DFFB4F8DA30204603F470438D
:1081E000B3F5005F0CBF95F8543495F855344FF44F
:1081F00040412B86FFF736F840F276412046F8F7EB
:1082000036FDC005C00DA5F86C0540F2774120464B
:10821000F8F72DFDD5F83434C005C00DA5F86E056E
:108220001BB120460121FCF7ACF91EB9E3691869BE
:1082300038F09CDA7CBD00BF30EC01004EEC010050
:1082400066EC0100F8B5D0F8A840012384F861304D
:10825000002384F8C033B0F8DA30054603F47043E5
:10826000B3F5005F02D194F8C13304E0B3F5805F49
:1082700006D194F8C233022B02D1012384F8C03313
:10828000B5F8DA30284603F47043B3F5805F0CBFCD
:1082900094F8EB3394F8EA33002684F8E933638BDF
:1082A0000127A4F8BE3204222249267084F8C26253
:1082B00084F8C36284F8C46284F86775F8F7DAFE5C
:1082C00028463946FBF7C3FA04221B492846F8F72B
:1082D000D1FE2846FDF732FF2846FFF7B3FA2846BD
:1082E000FFF7F4FE84F82C60B5F8DA102846FAF7A8
:1082F00031F82846FDF747F84FF4804213464FF413
:1083000089612846F8F7A4FE6420EEF325F233468F
:1083100028464FF489614FF48042F8F799FE2846C9
:108320004FF44041FEF79EFF41F28833E38684F824
:108330009A75F8BD5CE901008AE901002DE9F04F6A
:10834000D0F8A860154603F1340206EB4202B2F8F9
:10835000048006EB4303B2F80A90B3F8787089B052
:1083600004464A468A464146FEF75CF820463946AE
:10837000FFF78CF807230493202306934FEA8858CD
:10838000012303934FEA985807AB02934FEA8828DA
:108390004FF0000B2FE013B11AF0010F29D15BB29F
:1083A0000133BAFBF3F303F5A073204602A905934A
:1083B000FCF7F0FE079A4FEA89534FEA125B9B0DD8
:1083C0004FEA0B5B43EA0B0B204602A94BEA080B72
:1083D000CDF81CB0FDF7C1F996F96635204601339A
:1083E000BAFBF3F303F5E07302A905930797FDF7D2
:1083F000B4F90AF1010AAA4596F86635CBD9B3B1AA
:108400007F2D14D14FF4C075204602A90595CDF8F3
:108410001CB0FDF7A2F905F18003204602A9013541
:1084200007970593FDF799F9B5F5E07FECD196F83C
:10843000810096F87E1096F87F2096F880300090A4
:108440002046FBF739FB09B0BDE8F08F70B500217D
:108450000446D0F8A8500B467F22FFF76FFF204656
:10846000FEF786F82046B5F8B812B5F8BA22FAF742
:10847000E6FF204640F2D16104220023BDE87040AF
:10848000F8F7E6BD70B50446D0F8A8300D46A9B19E
:1084900093F8BC32002B29D0FFF7D8FF20460422E6
:1084A000002340F2D161F8F7D3FD8022204640F24C
:1084B00076611346BDE87040F8F7CABD0422134642
:1084C00040F2D161F8F7C4FD802220462B4640F2ED
:1084D0007661F8F7BDFD20462946FEF7D7FF204616
:1084E00029462A46BDE87040FDF79CBF70BD0000DC
:1084F00010B5044611B91049132218E012220F4991
:10850000F8F7B8FD012100222046FBF749FF0C498E
:1085100006222046F8F7AEFDB4F8DA30204603F420
:108520007043B3F5005F0CBF064907491E22BDE842
:108530001040F8F79FBD00BF64E9010034EB010073
:1085400092E9010058EB010094EB01002DE9F041A4
:1085500004460F46154640F2DA6148F280021E4694
:108560009DF81880F8F766FD2046FAF73FFCB8B191
:1085700040F652112046F8F77AFBFF22C3B240F6CC
:1085800048112046F8F764FD40F653112046F8F7ED
:108590006EFB40F64911C3B2FF222046F8F758FDA2
:1085A000D4F8A83093F846357BB140F2EB41204631
:1085B000F8F75DFB00F400735B12204640F2EB41DC
:1085C0004FF480629B02F8F743FD7B1EFF229BB2B3
:1085D000204640F24261F8F73BFD4FF6FF739D42A3
:1085E00001D0013DADB220464FF4C8614FF6FF7295
:1085F0002B46F8F72DFD204640F241614FF6FF7201
:108600003346F8F725FD2046B8F1000F05D008499C
:108610000422BDE8F041F8F72DBD40F23F61012290
:10862000F8F730FB20460121BDE8F041FFF760BFBD
:10863000F0EE0100F8B50F4640F23B410446F8F772
:1086400016FB40F23C4106462046F8F710FB054673
:10865000204677B10E221049F8F70CFD2046012183
:10866000FFF746FF0D4920460722BDE8F840F8F71E
:1086700001BD04220A49F8F7FDFC2046324640F2CB
:108680003B41F8F7FFFA204640F23C412A46BDE85C
:10869000F840F8F7F7BA00BFF8E9010014EA010062
:1086A00022EA010070B504460D46F8F76AFC202264
:1086B0006B0120464FF49661F8F7CAFC0023204670
:1086C00040F2B1414FF40072F8F7C2FCB4F8DA306E
:1086D00003F47043B3F5005F04D1D5F1010338BF53
:1086E000002300E00023002D0CBF2026002620469A
:1086F000602246EA83134FF48261F8F7A9FC204612
:108700004FF482618022EB01F8F7A2FC2046BDE81D
:108710007040F8F73ABC00002DE9F04FC3B0199350
:108720009DF834319DF830910C939DF83831BDF8A7
:1087300044710D939DF83C31D0F8A8B00E939DF88C
:10874000403115460F934E4B0446884624AA03F148
:10875000200E18685968164603C60833734532461A
:10876000F7D118681823306034933EAB012632935A
:108770002046202336938DF806618DF807613396E5
:108780003596FEF76FFE40F2D74110902046F8F77D
:108790006EFAC0F3C000119040F2D7412046F8F7BE
:1087A00066FA00F4E040000B12903649204606229B
:1087B000F8F760FC204634490F22F8F75BFC2046AE
:1087C00031461BAAFCF760FF204631460022FCF729
:1087D000CFFEB9F1000F17D120463146FFF762FFF7
:1087E000D4F8B030D3F82031DA0710D5E369B821D6
:1087F000186942F2107237F09BDFE369186937F0AD
:10880000C9DFCDF8289003E000230A9300E00A9620
:1088100020460121FAF7B3FD20460121FFF768FE4B
:1088200020460121FAF7CCFE40F2EA412046F8F753
:108830001EFA40F2EB4113902046F8F718FA40F286
:10884000EB4114902046F8F712FA00F0070340F2CB
:10885000EB412046DB003822F8F7FAFB9BF8C132E7
:1088600020463CA90B93FAF7A2FB95B12B7A204640
:1088700063B1697AFFF7B4F86B7A0B9309E000BF34
:1088800074B901002CE801006AEA01002946FAF7F0
:108890003AFD40F29C412046F8F7E9F940F2316197
:1088A00015902046F8F7E3F940F2D661169020467D
:1088B000F8F7DDF940F2DA6117902046F8F7D7F9BA
:1088C000002118902046FAF7C2FF2046A44907224B
:1088D000F8F7D0FB40AB2D9301232E9307232F9362
:1088E00075B19BF966356A7A013392FBF3F303F5B0
:1088F00010733093204620232DA93193FCF74AFCB6
:10890000409B4FF6F872DB001A40204640F271613E
:108910004093F8F7B7F9204692490C22F8F7AAFBE2
:108920000DF18E0A56460025204636F8021FF8F74C
:1089300061F937AB58550135122DF5D10722204684
:108940004FF48B71F8F76DF9B4F8DA3003F4704333
:10895000B3F5005F05D1204640F22D110122F8F752
:1089600060F9072220464FF49671F8F75AF9B4F8E7
:10897000DA3003F47043B3F5005F14D120466A2166
:10898000C222F8F74EF9204698210C22F8F749F94F
:10899000204640F22F110322F8F743F92046972191
:1089A000F922F8F73EF90B2107222046F8F739F9AA
:1089B0001022204640F21311F8F733F91D2101224D
:1089C0002046F8F72EF9012220464FF48A71F8F775
:1089D00028F9B4F8DA3003F47043B3F5005F04D13A
:1089E00020462E211022F8F71CF920464FF49571ED
:1089F0000822F8F716F9204609210222F8F711F9A2
:108A000004221346204640F21F11F8F7DFFA2046F1
:108A1000FF2110220023F8F7D9FA2046072101226E
:108A20000023F8F7D3FA2046052108220023F8F79F
:108A3000CDFA4FF400421346204640F2DA61F8F7CF
:108A400007FB4146199A0B9B2046FDF723F90025A9
:108A500083B2019301212A462B4606462046009503
:108A6000029503950495FAF725FD0C9BAF4208BFCC
:108A70004FF4824700930D9B204601930E9B414685
:108A800002930F9B2A4603934FF4AF630493802312
:108A900007934B46059706950895FDF74DF89BF90A
:108AA0000934002B2FD02CE0204632A9FCF772FBB2
:108AB0003E9B43F30B33872B25DD013E0025B3B2EC
:108AC0000193204601212A462B46009502950395E5
:108AD0000495FAF7EFFC0C9B204600930D9B414652
:108AE00001930E9B2A4602930F9B059703934FF425
:108AF000AF630493802307934B4606950895FDF7D3
:108B00001BF8002ED0D141AA033220460DF5837107
:108B1000FAF773FA9DF807213F2A55D89DF90631D7
:108B2000002B51DB3F2B4FDC52B29A424CDCB8F1A8
:108B3000000F28D1182342AD2F933FAB45F8543D89
:108B4000294620463092FCF725FB9DF9063129463F
:108B500020463F9E30934546FCF71CFB0EE000BFCD
:108B600038E80100A4EC010042A93FAB41F8543DB4
:108B7000204630953F96FCF7F0FD01359DF9072121
:108B80006BB29A42F0DC18232F933E2342AD309310
:108B90003FAB45F8543D20462946FCF7FBFA3F23FE
:108BA000204629463093FCF7D8FD0123204629466C
:108BB0003093FCF7EFFA0023204629463093FCF768
:108BC000CCFD2046FCF765FB204640F2EA41139AB3
:108BD000F8F758F8204640F2EB41149AF8F752F8AB
:108BE0002046D72102220023F8F7F0F90822134685
:108BF0002046D721F8F7EAF9002320464FF4947174
:108C00000822F8F7E3F920464FF48B710022F8F7B9
:108C100008F8204640F29C41159AF8F733F82046B0
:108C200040F23161169AF8F72DF8204640F2D661ED
:108C3000179AF8F727F8189D204645F0010292B2DE
:108C400040F2DA61F8F71EF820460121FAF7FFFD3D
:108C5000119D2046EB0040F2D7410822F8F7F8F9C1
:108C6000129D20462B0340F2D7414FF4E042F8F723
:108C7000EFF92046FBF76AFA0025564637AB5A5DF6
:108C8000204636F8021F0135F7F7CBFF122DF5D13C
:108C90004FF400620023204640F24C41F8F7D8F927
:108CA00020460021FFF724FC20460021FAF767FB4D
:108CB000204640F23B4101220023F8F7C9F9002386
:108CC0004FF40062204640F63811F8F7C1F920460B
:108CD0000021FFF7E7FC204600211BAAFCF7D4FC8B
:108CE000204608490F22F8F7C5F90A9D1DB9E36926
:108CF000186937F03BDD20461099FCF7AFFE43B012
:108D0000BDE8F08FCEE901002DE9F04F8DB0DDF820
:108D100058909B4601238046924689F80830642487
:108D200000252E1976100021B6B2DB2389F80960E0
:108D300001274A46039340460B4600910191029158
:108D400004970591FFF7E8FC182308933F23099344
:108D50000BAB06934046202306A90A930797FCF71E
:108D600019FA0B9B1A051215524343F30B3303FBFD
:108D700003230F4A1846D91782457BEB010328BF0E
:108D8000344638BF35464FF0FF3312EB0A0243EB4F
:108D90000B03824273EB010703D2504571EB0B03C7
:108DA00002D3631B012BBCDC30460DB0BDE8F08F55
:108DB00030F8FFFFF7B50446D0F8A87090F8DA0055
:108DC0000E46F8F70DFC40F6B41290420546B4F892
:108DD000DA3008D0DBB2012B07D00002A0F5C420A6
:108DE000A0F5806003E01A4801E04FF45230002201
:108DF0004FF47A71F9F71AFFA0FB00232046009682
:108E0000FFF782FFA0F1280292B21D2A1BD9272862
:108E100009D940F6B4139D4208D02D02A5F5BE2015
:108E2000A0F5007004E04FF4343001E04FF47030EE
:108E300000224FF47A71F9F7F9FEA0FB00232046D7
:108E40000096FFF761FF043887F8C202FEBD00BF3D
:108E5000008E03002DE9F04FD0F8A8308FB01646F1
:108E6000182293F8F4730A920DAA089201FB01FBF1
:108E700020227BB20C9201220992B3F1FF3F08BF7E
:108E800001273F22032305460B9207934FF0050865
:108E900006230024039347F6FF73324605932846C2
:108EA000234621464FF00109009401940294CDF825
:108EB0001090FFF731FC284608A9FCF76BF90D9BD1
:108EC0001A051215524343F30B3303FB03235B458F
:108ED000727A07D2002F4ED1C8F1000A5FFA8AFADF
:108EE000CC4601E0C246A4464FFA8AF91FFA89F936
:108EF00009EB02040697A4B26746C9EB040292B2DA
:108F00003FB15B4507D9CAEB020A069F86F809A064
:108F100027E05B4524D323B27F2B21DC002B1FDB12
:108F20000623039301230021049347F6FF7332467F
:108F30007472059328460B46009101910291FFF748
:108F4000EBFB284608A9FCF725F90D9B4C441A05B4
:108F50001215524343F30B3303FB0323A4B2CCE7B4
:108F6000069F079B4FFA88F84FEA6808013B5FFAB3
:108F700088F807938CD10FB0BDE8F08F2DE9F04F42
:108F80008DB00393C369D0F8A88004460E46986854
:108F90004FF480611746EDF39BF60546002800F07C
:108FA000878004F58053DE6120460121FFF77AFBBC
:108FB00098F82C3043B120463F490622F8F75AF87A
:108FC00020460021FCF74AF8A6B101233B4A86EA75
:108FD000E671A1EBE6715A43B2FBF1F91FFA89F988
:108FE00001FB09F1013391429BB2EFD1B9F5807FCA
:108FF00002D956E04FF002094FF0240B0BFB06FBA1
:1090000049F640439BFBF3FB4FEA0B4B64234FF0C5
:1090100000089BFBF3FBAA46464626E040460AA909
:10902000F9F790F80B9AD8447A4303D4D21301325B
:10903000521004E05242D2130132521052420A9BA3
:109040009205920D7B4303D4DB1301335B1004E0E4
:109050005B42DB1301335B105B429B059B0D43EAD4
:10906000822301364AF8043BB6B24E45D6D10622D9
:1090700020461349F7F7FEFF152307930027202307
:10908000204605A90993059506960897FCF765FB08
:10909000039B2046009331464FF6FF723B46FFF795
:1090A00055FAE369294698684FF48062EDF320F69B
:1090B0000DB0BDE8F08F00BF9EE80100005A6202CB
:1090C000ECE9010070B500F58053D0F8A8500022FB
:1090D000DA6195F82C3004463BB12B490622F7F7AC
:1090E000C9FF20460121FBF7B9FF204640F2446149
:1090F000F7F7BDFD10F0010309D020460021FFF76E
:10910000F7F90222204640F23F61134606E081074C
:1091100006D5204640F253414FF40042F7F798FF3E
:1091200020461A490922F7F7A5FF20460021FFF73C
:10913000B9FA2046F9F75AFE30B12046FCF78CF90F
:1091400001462046FEF7A2F995F8473520469B02D6
:1091500003F47C4340F2EB414FF48062F7F778FF71
:10916000B5F84E357BB12046FF2240F64811F7F79F
:109170006FFFB5F85035204640F64911FF22BDE893
:109180007040F7F765BF70BDF4EA0100C2EE010060
:1091900070B5054688B00C46F8F7DFFD284634B9AF
:1091A000FFF790FF28462146FFF77CFA20E0214692
:1091B0000122F9F71FF90446C8B928460121FFF733
:1091C00071FA0D4B4026039315230593284610236F
:1091D00003A9079304960694FCF7BFFA2846314684
:1091E0004FF6FF7223460094FFF7B0F900E0012428
:1091F000204608B070BD00BF7E0202002DE9F84392
:109200000F010446D0F8A890FDF7ABFB40F2D74120
:10921000064605462046F7F72AFD99F9253580468A
:10922000581C0ED0002BB8BF03334022B7EBA30F5E
:10923000204640F2D74101DA002300E01346F7F759
:1092400007FF04F58053DB6920464BB1FFF73AFF77
:109250000520EDF381F220461B497022002301E036
:1092600019497022FFF78AFE20463146FEF7B8FB07
:109270004FF00B0901212046FDF70EFEC61B002E04
:109280003346B8BFF31C05EBA305013D7F2DA8BFF6
:109290007F2525EAE575204629460436FEF7A0FB22
:1092A000082E02D9B9F10109E4D12046FFF70AFFDF
:1092B000204640F2D7414246F7F7E4FC2046FDF74E
:1092C00050FBBDE8F88300BF00093D0070B5B1F167
:1092D000FF3F044615469DF9106001D08B190CE044
:1092E00022B990F82916FFF789FF01E0013204D076
:1092F00020462946FFF782FF831920461946BDE81C
:109300007040FEF76DBB2DE9F04391B00546D0F8F3
:10931000A840FDF726FB1C238DF8393001238DF87A
:109320003830B5F8DA305FFA80F803F47042B2F5FD
:10933000805F08D1DAB2402A01D81B2200E02D223A
:109340008DF8392032E0B2F5005F2FD1B4F82A153C
:109350000BB2013304D04FF6FF73002908BF194642
:10936000B4F8F6331AB2013205D04FF6FF72002B73
:1093700008BF134601E04FF49173B4F82C7594F8CC
:10938000F02338B2013004D04FF6FF70002F08BF31
:109390000746B4F8F86330B2013004D04FF6FF70DE
:1093A000002E08BF064694F8F19393E0DBB2402B01
:1093B0002FD8B4F82E150BB2013304D04FF6FF733B
:1093C000002908BF1946B4F8FA331AB2013205D0A1
:1093D0004FF6FF72002B08BF134601E04FF4917364
:1093E000B4F8307594F8592538B2013004D04FF6EE
:1093F000FF70002F08BF0746B4F8006430B2013098
:1094000004D04FF6FF70002E08BF064694F85B9517
:1094100060E08C2B2FD8B4F832150BB2013304D096
:109420004FF6FF73002908BF1946B4F8FC331AB28F
:10943000013205D04FF6FF72002B08BF134601E042
:109440004FF49173B4F8347594F8F22338B20130C4
:1094500004D04FF6FF70002F08BF0746B4F802642F
:1094600030B2013004D04FF6FF70002E08BF064620
:1094700094F8F3932EE0B4F836150BB2013304D010
:109480004FF6FF73002908BF1946B4F8FE331AB22D
:10949000013205D04FF6FF72002B08BF134601E0E2
:1094A0004FF49173B4F8387594F85A2538B20130F6
:1094B00004D04FF6FF70002F08BF0746B4F80464CD
:1094C00030B2013004D04FF6FF70002E08BF0646C0
:1094D00094F85C9509B2481C05D02846FFF78EFE2B
:1094E00084F8070414E019B24B1C06D028460CAAD5
:1094F000FFF7B0FC9DF8393008E053B2013302D0D9
:1095000084F8072404E09DF839300BB184F807345F
:1095100039B2481C05D02846FFF770FE84F80804CD
:1095200011E031B24A1C08D028460CAAFFF792FC81
:109530009DF8393084F8083405E04FFA89F3013397
:1095400018BF84F8089494F9EF33013302D0FF2355
:1095500084F8083494F8082451B24B1C74D094F861
:10956000073458B28142D8BF84F8083494F80834DC
:10957000D8BF84F807248DF839300026DB23039305
:1095800001273346284631460CAA009601960296DA
:1095900004970596FFF7C0F81823099320230B932F
:1095A00008970FAB284607A907930A96FBF7F2FD29
:1095B00006F14003284607A901360A93FCF7CDF8C7
:1095C000402EEED194F9072494F90834D31803EB14
:1095D000D3735B10A4F86835B5F8DA3003F4704241
:1095E000B2F5005F05D1B4F85E2512B1A4F8682584
:1095F00010E0DBB2402B03D8B4F8603513B107E0BC
:109600008C2B02D8B4F8623513B9B4F864350BB1B9
:10961000A4F86835284640F224514FF40042002354
:10962000F7F716FD94F96635B4F86825013392FB17
:10963000F3F39BB2284640F22551FF22F7F708FDCD
:10964000022384F8673529E0012384F8673528462A
:1096500040F22551FF227F23F7F7FAFC284640F21B
:1096600025514FF480720023F7F7F2FC284640F2B0
:1096700025514FF400720023F7F7EAFC284640F228
:1096800025514FF480620023F7F7E2FC284640F2B0
:1096900025514FF400620023F7F7DAFC0023A4F809
:1096A0006A35284640F2255194F96665F7F7DFFAE6
:1096B0000136B6B2C0B2464394F96635A4F868657F
:1096C00013B12846FCF73EFE94F8EF3328465AB211
:1096D000013208BF94F8073400218DF83930DB23BC
:1096E000039301230CAA04930B460091019102916C
:1096F0000591FFF711F828464146FEF771F9284613
:1097000040F27161F7F7B3FAB4F86A2540F271617B
:10971000A0EBC20292B22846F7F7B4FA2846FBF74C
:10972000B8FD11B0BDE8F0832DE9F04FC3B005924C
:10973000044616220F4613A800211193E8F380F483
:10974000654B1FAA03F1080618685968154603C53A
:109750000833B3422A46F7D118689B882860AB804B
:109760005D4B23AA03F1080618685968154603C51E
:109770000833B3422A46F7D118689B882860AB802B
:10978000564D48F267012868ADF8F010696848F254
:10979000452236ABADF8F42003C327AA05F1080330
:1097A000103518685968164603C60833AB4232466E
:1097B000F7D118684A4D9B88306069682868B38083
:1097C00038AB03C32BAAA5F10E03063D18685968F0
:1097D000164603C60833AB423246F7D118689B8859
:1097E0003060B38047F69733ADF8F830ADF8FC3011
:1097F000E3690026986830213A963B96D4F8A85041
:10980000EDF366F20690002800F07D8240F2DB6105
:109810002046F7F72CFA40F2DA610C902046F7F771
:1098200026FA30490D9004222046F7F723FC0599CB
:10983000072959D8DFE801F00B0458585817271F9B
:1098400007260DF18C0A13AA0DF1AC0851E0002196
:109850000A4620460B4600960DF17C0AFAF72CF9D1
:10986000072613AA43E005F1820201260DF1F00A52
:109870000DF1F8083DE005F1820201260DF1F40A30
:109880000DF1FC0835E041AB033341AA009341A937
:1098900001320DF583732046F9F7F0FF9DF804219E
:1098A0009DF80531002143EA0223ADF85A30002328
:1098B0009DF80621ADF85C309DF80731ADF86010D9
:1098C00043EA0223ADF85E3004260DF1D80A13AA4C
:1098D0000DF1E0080DE000BF98B90100A6B9010044
:1098E000BCB9010068EF01000026B24632460DF116
:1098F0009C084FF0400E1023DFF820B28DE808409E
:1099000000210B232046CDF808B0F7F727FD0522EC
:109910007B492046F7F7AEFB2046F9F740FB4FF4B2
:10992000805213460E9040F2A4412046F7F790FB78
:1099300000212046FDF796FC40F2DB412046F7F778
:1099400096F9704906220F902046F7F793FBB4F87A
:10995000DA30204603F47043B3F5005F0CBF6A4968
:109960006A491222F7F786FB40F2D7412046F7F703
:109970007EF9069910902046FBF7FAF9204640F24E
:109980003B41F7F774F9C0F38010079018B12046F7
:109990003AA9F9F70CFB57B9079A1AB92046298E4C
:1099A000FEF71EF8204634A9F9F701FB34AFB7F8EB
:1099B00002903B884FEA091949EA0329BB883868B5
:1099C000796849EA030932AB03C31FFA89F92FA862
:1099D00000210A22E8F334F3B9F1000F0AD12FA8CD
:1099E0004B490A22ADF8C890ADF8CA90ADF8CC90BA
:1099F000E8F3C2F2204632A9F9F785FC00270422D9
:109A000020464449F7F736FB4FF0100939460A2340
:109A10002046414A0197CDF80090CDF808B0F7F7FD
:109A20009DFC20233946019320460A233A4ACDF86B
:109A30000090CDF808B0F7F791FC204640F2534172
:109A400040F2A472F7F71EF9B5F8C87340F6A663A2
:109A5000002F08BF1F46059B052B01D17F42BFB2D7
:109A600004F58053DB692BB12046FFF72BFB052063
:109A7000ECF372F63FB24FF47A7101237943582226
:109A80002046FFF77BFA40F2DA614FF6FF7220467C
:109A9000F7F7F8F8B4F8DA30204603F47043B3F57A
:109AA000005F0BBF95F8951595F8962505910592E1
:109AB000FCF757FFFF23C0B2CDF82480B1460A90CF
:109AC0002E4608934FF000085546A0E00021ADF85F
:109AD000001135F8027B059A07F470673F0A2AB334
:109AE000042F03D0089B042B1ED119E00A9B059A72
:109AF0009918C9B24BB231EA230128BF7F2110E087
:109B000046F001009AE70100A6E701002AEE0100F5
:109B1000C2EC01004EEE0100DCE701005B570100E2
:109B20000A992046FBF7ADFFF9B20891099B42A9BB
:109B300033F8022B099301EB470333F84C3C1BB17C
:109B4000D2B242EA032292B2033FBFB2204640F2B1
:109B50005241F7F797F8012F0B9715D86B4B102749
:109B60004FF0450A0293204600210DF1FE02012329
:109B70008DE88004F7F7E5FB2046002140AA012389
:109B80008DE8800CF7F7EAFB204640F2514135F8AA
:109B9000022CF7F777F82046FAF7BBFA00287BD0BB
:109BA0006023DFF868A110270021019320460B23D2
:109BB00019AA0097CDF808A0F7F7C3FB402301933B
:109BC000002119AA0B2320460097CDF808B0F7F71B
:109BD000C5FB0B9A012A0BD8452301934C4B204619
:109BE000029300210DF1FE0201230097F7F7B6FB67
:109BF000102360278DE888002046002106F18202AC
:109C00000B23CDF808A0F7F79CFB08F10108C84525
:109C10007FF45CAF602301933C4B06F1820735462D
:109C200002931026204600213A460B230096F7F7B0
:109C300088FB0123A5F8983050230193204600218A
:109C40003A4604230096CDF808B0F7F787FB552372
:109C500001932046002105F18C0202230096CDF8E5
:109C600008B0F7F77BFB2046F9F7C0F8A0B140A990
:109C70000DF581722046FBF757FD2046FBF7ECFB04
:109C8000BDF800110546BDF802212046FCF7CAFBCD
:109C900020462946FDF7FAFB119911B92046FFF736
:109CA00011FA20460699F9F7F1FE204640F2D74115
:109CB000109AF6F7E7FFE369069998683022EDF30A
:109CC00017F0204640F2DB410F9AF6F7DBFF002247
:109CD000204640F25341F6F7D5FF079A1AB12046C5
:109CE0003AA9F9F710FB20460E99FDF7BBFA20467A
:109CF00040F2DA610D9AF6F7C5FF204640F2DB61CB
:109D00000C9AF6F7BFFF43B0BDE8F08F9551010004
:109D10005B5701002DE9F04F87B00446F9F73FF992
:109D200004A906462046D4F8A850F9F740F9204681
:109D3000F9F75AF940F2D74102902046F6F797FF1B
:109D400003902046FDF78EFB834626B92046FCF79C
:109D500008FE824601E04FF0FF0AB4F8DA304FF017
:109D60002A0803F47043B3F5005F0CBF95F81E7525
:109D700095F81F7520467FB239460F223C23CDF857
:109D80000080FFF7A3FA95F84695B9F1000F00F0AF
:109D90009280204640F2EB41F6F769FF1221C0F3B2
:109DA000402301222046F7F711F96A780021521A60
:109DB00018BF01220B462046FFF7B6FC2046FBF7F2
:109DC0004BFB40F3072340B2A5F84A35A5F84C05F4
:109DD00040F2EB412046F6F74AFF00F480639B1205
:109DE00020465B0240F2EB414FF40072F7F730F986
:109DF000002107220B462046FFF796FC2046FBF782
:109E00002BFB40F3072340B2A5F84E35A5F85005CB
:109E1000FF222046B5F84A3540F65211F7F718F9F7
:109E20002046FF22B5F84C3540F65311F7F710F9EC
:109E30002046FF22B5F84A3540F65611F7F708F9E3
:109E40002046FF22B5F84C3540F65711F7F700F9D8
:109E50002046FF22B5F84E3540F64811F7F7F8F8DE
:109E6000FF222046B5F8503540F64911F7F7F0F8D3
:109E700095F84C35B5F84A15204643EA012189B2D8
:109E8000FDF704FB95F8473520469B0240F2EB4175
:109E90004FF4806203F47C43F7F7DAF895F848351D
:109EA00020465B0240F2EB414FF4007203F47E4324
:109EB000F7F7CEF810E00F223C2320463946CDF8C4
:109EC0000080FFF703FA6A7820460032494618BF3F
:109ED00001224B46FFF728FC2046F8F773FF10B12C
:109EE0002046FBF7CCFA00210B467F222046FCF7E8
:109EF0008AF920465946FBF7B1FD20460299F9F749
:109F000089FA204604A9F9F7FEF9204640F2D74124
:109F1000039AF6F7B7FE20461EB13146FDF7A2F9C7
:109F200002E05146FDF75CFD07B0BDE8F08F000090
:109F30002DE9F04F9846C369D0F8A860A7B0044651
:109F40000F4698684FF483711546ECF3C1F68246CC
:109F5000002800F0E881B8F1020F16D10EE03B4670
:109F6000197894F8DA20013D063F91420AD1204643
:109F700059889A88F9F763FA0125CCE16B1E06220D
:109F800002FB0377002DEAD1C5E1B8F1010F40F0E3
:109F9000C1812046F9F703F8002109902046FDF71A
:109FA00061F900257B4F2046795BF6F723FE18AB5D
:109FB00058530235182DF5D140F231612046F6F79D
:109FC00056FE15220A9040F231612046F7F732F82A
:109FD00040F24C412046F6F74AFE40F24D410B90CC
:109FE0002046F6F744FE4FF496610C902046F6F7B3
:109FF0003EFE40F2B1410D902046F6F738FE40F2A9
:10A00000F9410E902046F6F732FE40F2FA410F90E9
:10A010002046F6F72CFE40F6381110902046F6F751
:10A0200026FE40F6391111902046F6F720FE40F248
:10A030003B4112902046F6F71AFE40F23C41139045
:10A040002046F6F714FE40F2DA6114902046F6F747
:10A050000EFE40F2DB6115902046F6F708FE40F256
:10A06000B74116902046F6F702FE40F23B411790AA
:10A070002046F6F7FCFDC0F38019B9F1000F07D0B8
:10A08000204624A9F8F793FF96F8C162079601E0ED
:10A09000CDF81C9020463099FDF7A2FC0622204600
:10A0A0003D49F6F7E7FFB4F8DA3003F47043B3F54F
:10A0B000005F04D1204698210322F6F7B2FD204626
:10A0C00036491922F6F7D6FF204635491822F6F709
:10A0D000D1FFB4F8DA304FF0030803F47043B3F55E
:10A0E000005F14BF04230023089323E1B3B200935D
:10A0F000BBB2002501931FFA88F32A46029320463B
:10A10000089B294603950495F9F7D4F920460121C7
:10A11000F9F735F92B46204622493C22FEF72EFF5F
:10A1200020464FF489712A46F6F77BFD21AB009358
:10A130004FF4FA7B2B4620464FF480612022CDF865
:10A1400004B0F9F74BFF034630B917480693F5F70B
:10A15000C1FB069B1D4645E02B462046114978224F
:10A16000FEF70CFF20464FF489712A46F6F759FD99
:10A170001EAB8DE8080820464FF4806120222B4654
:10A18000F9F72CFFA0B983460848F5F7A3FB5D4615
:10A1900028E000BFF0E701001CEF0100BAEF01006A
:10A1A000ECEF010080841E001EE9010038E9010087
:10A1B000229A1F99239BB1EB420F0DD902EB820229
:10A1C000914209D2209AB2EB430F05D903EB8303E6
:10A1D0009A422CBF0025012516F1FF3602D3002D2F
:10A1E00084D0012517F1FF3703D3002D00F0A080A4
:10A1F000012518F1FF3802D3002D00F09B80204686
:10A2000040F2D16104220023F6F722FF2DB120464F
:10A210004FF48061FAF790FE05462046FEF752FFA4
:10A22000204640F231610A9AF6F72CFD204640F2B2
:10A230004C410B9AF6F726FD204640F24D410C9A10
:10A24000F6F720FD20464FF496610D9AF6F71AFDB9
:10A25000204640F2B1410E9AF6F714FD204640F236
:10A26000F9410F9AF6F70EFD204640F2FA41109A96
:10A27000F6F708FD204640F63811119AF6F702FD70
:10A28000204640F63911129AF6F7FCFC204640F2BF
:10A290003B41139AF6F7F6FC204640F23C41149AF3
:10A2A000F6F7F0FC204640F2DA61159AF6F7EAFC80
:10A2B000204640F2DB61169AF6F7E4FC204640F2B5
:10A2C000B741179AF6F7DEFC204640F24C410422D3
:10A2D0000023F6F7BDFE0026174B2046995B18AB0E
:10A2E0009A5B0236F6F79DFC182EF5D12046B9F19F
:10A2F000000F03D00799FDF773FB02E04946F8F71A
:10A30000E6FF20460999FCF7ADFF20460021F9F74A
:10A3100036F800E00025E369514698684FF48372EF
:10A32000ECF3E6F400E00546284627B0BDE8F08FE0
:10A330000626DBE60427FBE7F0E70100F7B5044655
:10A34000F8F72DFEE26904F58153126AD4F8A8509B
:10A350001A60B4F8DA30002285F8BC3204F5805374
:10A3600083F82420D4F8B0300746D3F8203103F026
:10A37000010383F0010653B1E369B821186942F281
:10A38000107236F0D5D9E369186936F003DA204641
:10A390000121FEF787F90F2224492046F6F76AFECD
:10A3A0002046F9F723FB20460021FDF76FF8002136
:10A3B00020460A46FCF736F82046F8F71AFA04F564
:10A3C00082531B796BB12046FDF72CFC20460021FF
:10A3D000FCF729FD95F8E8331BB120460121FCF775
:10A3E00022FD2046FFF796FC00217F230A460093BA
:10A3F00020460123FFF79CFDFF2385F8073485F8ED
:10A4000008342046FEF77FFF20463946FCF72AFF36
:10A4100020460021FEF746F936B9E369186903B012
:10A42000BDE8F04036F0A29903B0F0BDBEEA0100ED
:10A430000129D0F8A83001D1FCF724BCB3F86C2571
:10A44000B3F86E35FF2B88BFA3F50073FF2A88BFD2
:10A45000A2F500729BB292B29A1A10B2704770B510
:10A46000D0F8A830D3F8D063D3F8CC53D3F8D44382
:10A47000FFF7DEFF631E05FB1065012616FA03F3E6
:10A48000ED1855FA04F460B270BD2DE9F041B0F852
:10A49000DA30064603F47042B2F5005FD0F8A84007
:10A4A00004D1B4F85483B4F8847513E0DBB2942B70
:10A4B00003D9B4F88675022308E0632B03D9B4F8F6
:10A4C0008875012302E0B4F88A75002304EB430386
:10A4D000B3F85683B8F1FF0F1CD001213046FFF7C7
:10A4E000BEFF193847433FB2002FCCBF07F5FA75BE
:10A4F000A7F5FA754FF47A7395FBF3F5ADB24544C1
:10A50000ADB2304640F23441FF222B46F6F7A0FDB3
:10A51000A4F86653BDE8F08170B5D0F8A8300129E1
:10A52000D3F8DC63D3F8D853D3F8E04303D1022146
:10A53000FCF7A8FB09E040F27541F6F798FBC0056F
:10A54000C00DFF2888BFA0F5007000FB1560631FD9
:10A55000012515FA03F3043CC018204140B270BD38
:10A5600010B5D0F8A830CCB2D3F8D404020E7F2AAC
:10A5700044EA0020C8BFA2F58072C3F8D404D3F81F
:10A58000D8048A1A1218C3F8D8249210C3F8DC240D
:10A5900010BD082270B5134604465721F6F716FD84
:10A5A00056212046F6F726FB00F0F80556212A46EC
:10A5B0002046F6F736FB0120ECF3CEF0562145F0AD
:10A5C00003022046F6F72DFB0120ECF3C5F05621DF
:10A5D00045F007022046F6F724FB4FF49670ECF3A3
:10A5E000BBF02046572108220023BDE87040F6F753
:10A5F000EDBC00002DE9F04FB54B8BB004460D4685
:10A6000006AA03F1080718685968164603C60833F6
:10A61000BB423246F7D11868306099889B79B18087
:10A62000B371D4F8A8700023AA4E1A019159A94217
:10A6300003D001330E2BF7D157E320469121B618F2
:10A640000022F6F7EEFA204638210722F6F7E9FA5B
:10A650000A2220468821F6F7E4FAD4F8A83093F8C5
:10A6600082251AB120468821F6F7DBFA2A212046F6
:10A67000327AF6F7D6FA302103222046737AF6F7BB
:10A68000A5FC912103222046B37AF6F79FFCF37ACA
:10A6900038210F222046F6F799FC9121002220460E
:10A6A000F6F7BFFA382107222046F6F7BAFA337BCD
:10A6B00030210C229B002046F6F788FC5E210F22F9
:10A6C0002046737BF6F782FCB37B5E211B01F022F0
:10A6D0002046F6F77BFC6C212046F27BF6F7A1FAC8
:10A6E000082220463821F6F79CFA912120460322C1
:10A6F000F6F797FA0AAA551920465E2115F8112C8B
:10A70000F6F78FFA012220467E21F6F78AFA97F8AB
:10A71000EE231AB120463821F6F783FA07221346B2
:10A7200020462A21F6F752FC20462C210022F6F77B
:10A7300078FA20462A210C22F6F773FA01222046E5
:10A740002C21F6F76EFAD4F8A83093F852252AB3E4
:10A7500093F8532520465E21F6F763FAD4F8A83023
:10A76000204693F854252A21F6F75BFAD4F8A8304E
:10A77000204693F855252B21F6F753FAD4F8A83044
:10A78000204693F856252C21F6F74BFAD4F8A8303A
:10A7900020462D2193F85725F6F743FAB4F8DA301E
:10A7A00003F47043B3F5805F04D12046BF21EE224D
:10A7B000F6F737FA02221346204640F21F11F6F749
:10A7C00005FC0422F72113462046F6F7FFFBF12192
:10A7D000032200232046F6F7F9FBF221F82290230A
:10A7E0002046F6F7F3FBA223F321FF222046F6F7DB
:10A7F000EDFBB4F8DA3003F47043B3F5005F04D135
:10A80000D4F8A83093F8183506E0B3F5805F06D188
:10A81000D4F8A83093F81935012B00F05E8200239C
:10A8200020469D210422F6F7D1FB00234421204637
:10A830000293F6F7DFF9C0B2039040F22B112046E5
:10A84000F6F7D8F9C0B20490442120460722F6F763
:10A85000AEFB0E22204640F22B11F6F7A8FB029A1F
:10A8600004F580539D6A0AB1680000E028461A4B3F
:10A870009D4205D9194FBD428CBF0427022700E035
:10A880000127B4F8DA8008F47048B8F5005F05D104
:10A8900073684FEA400903EB430A02E04FF00009F6
:10A8A000CA4610220E49F8F7C1F90D4901907943C3
:10A8B00010222846F8F7BAF9B8F5005F059011D1D3
:10A8C000504602211022F8F7B1F906460BE000BF0E
:10A8D000C4B90100F804020080BA8C0100751903A4
:10A8E00040420F0000264F2102222046F6F799F938
:10A8F000CA4B4FEAC50B03FB07F8BBFBF8F808F19E
:10A9000001084FEA580808F1FF385FFA88F8522129
:10A91000072220464FEA9803F6F758FB532160229E
:10A9200020464FEA4813F6F751FB08F101035F4355
:10A93000BB4ABBFBF7FBBB4F5A44B2FBF7F7013FE7
:10A94000FFB251213A4620460093F6F76AF9059A7C
:10A95000304611011022F8F769F901374743009B8F
:10A960007B4304D4DF1301377F10013F07E06FEA18
:10A97000080808FB07F7FF1301376FEA67073B0A70
:10A9800053210F22DBB22046F6F720FB5421FAB206
:10A990002046F6F746F90A2303FB0AFAA24F45219F
:10A9A000B9FBF7F9BAFBF9F809FB18AA4FEA5A0202
:10A9B00012050AF0010A4FEA590302EB99024FEA25
:10A9C0000A5AB2FBF3F25344B3FBF9F94FEA1813F6
:10A9D00009EB020720461F22DBB2F6F7F7FA4FEA2F
:10A9E0000813462120464FF4F87203F0F003F6F7FF
:10A9F000EDFA3B0CDBB246210F222046F6F7E6FAD1
:10AA00003A0A47212046D2B2F6F70BF94821FAB2AA
:10AA10002046F6F706F9029B41F29419002B08BF75
:10AA20004FF4FA59A9F5D8794FF4F573A9F1030950
:10AA300099FBF3F903FB09FA0AF52A7A4FF4256228
:10AA40004FEA4A2ABAFBF2FA40F27C6707FB0AF7A0
:10AA5000A7F55837A7F5C067B7FBF3F70CBF4FF45E
:10AA6000827B4FF4E17B7F0A4FEAC90307F01C02A7
:10AA700043EA92024221204692B2F6F7D2F807F05A
:10AA80001F024321204642F02002F6F7CAF84FEA9F
:10AA90004B224FF48773B2FBF3F303FB0AFA634ACA
:10AAA0004FEA5A2A624BB2FBFAF2D3184FF4124122
:10AAB000B3FBF1F303F00F015E4B2046B3FBFAF357
:10AAC000A3F54C23A3F500631A0C41EA021292B2DB
:10AAD0004021F6F7A6F8584A4FF02553B3FBFAF396
:10AAE000A3F54633B2FBFAFA4FF4B841A3F500736D
:10AAF000AAF56E3AB3FBF1F3AAF5007A03F00F035F
:10AB0000BAFBF1F243EA02124121204692B2F6F773
:10AB100088F806F174434FF4966703F5900393FBAE
:10AB2000F7F329275F434FF45C7303FB08F840F207
:10AB30002B5303FB09F909F5E4610BFB08F00C3119
:10AB40001022F8F773F807F5D81700EB670090FBB1
:10AB5000F7F7FFB23C2F94BF4FF000084FF0010809
:10AB6000B8F1000F00D07F08043FFFB23C213F2224
:10AB700020463B46F6F72AFA3C2140224FEA88134A
:10AB80002046F6F723FAB4F8DA3003F47043B3F54D
:10AB9000005F04D1D4F8A83093F8273506E0B3F568
:10ABA000805F1AD1D4F8A83093F82835012B14D13E
:10ABB000019A40F24510504331461022F8F736F81A
:10ABC000043708F1010808FB07F79E214743C0221C
:10ABD00020464023F6F7FAF90CE0019B96205843F3
:10ABE00031461022F8F722F8043708F1010808FB73
:10ABF00007F74743B7F5160FD4BF00260126731C8D
:10AC000003EB430397FBF3F7B7F5003F16DBA7F51C
:10AC1000C033DB1301335B10DBB210E0404B4C0060
:10AC20003F420F0040420F00A08601000000686014
:10AC30000021F6FF000084A30000302A00233D21FC
:10AC40003F222046F6F7C2F93D214022B3012046BB
:10AC5000F6F7BCF9264B572120229D42204606D903
:10AC60001346F6F7B3F9234B9D4204D808E00023BE
:10AC7000F6F7ACF904E0102220465721134603E012
:10AC80002046572110220023F6F7A0F9019A4A2105
:10AC9000B2F5341F204603DD0222F6F788F902E000
:10ACA000FD22F6F776F90C22134644212046F6F7EA
:10ACB0008DF90120EBF350F52046FFF76AFC2046A2
:10ACC0004421039AF5F7ADFF049A204640F22B1178
:10ACD0000BB0BDE8F04FF5F7A4BF042213462046A1
:10ACE0009D21F6F773F90123A0E50BB0BDE8F08FC5
:10ACF00080BA8C010075190308B5F8F750F9A0F572
:10AD0000404EDEF1000040EB0E0008BD70B50023A0
:10AD100013700B7000F582531B7904460D461646DE
:10AD200003B340F2AB41F5F7A2FF10F4004F204609
:10AD300002D040F2AB4108E040F23C61F5F797FFEA
:10AD4000030406D5204640F23C61F5F790FF400829
:10AD500028702046FFF7D0FF08B194F810052B7833
:10AD6000C018307070BD38B5D0F8A840054694F8CA
:10AD700042335BB10021F9F73BFA28461921002242
:10AD8000F9F7FAF910B9012384F8453338BD38B51D
:10AD9000D0F8A850044695F8423383B990F8E930CA
:10ADA000DA0744BF23F0010380F8E93090F8E93076
:10ADB00099072FD523F0020380F8E93038BD95F8C4
:10ADC000473323B9D1F1010338BF002300E0012349
:10ADD00085F84733F1B1012385F846330023C5F8E0
:10ADE0006C3385F845332046FFF7BDFF95F84333B4
:10ADF000003318BF012385F8443313B12046F9F717
:10AE00000BF82046F8F7BCF820460121BDE8384091
:10AE1000F9F7EEB938BDF7B5D0F8A8400023019393
:10AE2000009394F842330546002B00F0CD8094F84F
:10AE30004633002B00F0C880D0F8B030D3F8203172
:10AE4000D90740F1C18094F84563002E40F0A080FE
:10AE500031463246F9F790F9002800F099802846EB
:10AE6000694601AAF9F7B4FA002800F09180019B25
:10AE7000C4F86C3394F84633012B40F0898094F881
:10AE800091E394F89003009A734631461EE05FB256
:10AE9000DC3754F827C0624536BF44F827204FF00E
:10AEA000000C624654F8277038BF4FF0010C013394
:10AEB000DBB2C91901365FB2F6B2072FC8BF002353
:10AEC000BCF1000F02D00092009A15E04FFA86FC08
:10AED00047B2BC45DBDBF6E75FB2DC37013354F841
:10AEE00027C0DBB244F82720891801365AB2072A56
:10AEF000C8BF0023F6B2624677B2072FECDD43B23B
:10AF0000072B009205DC0023013084F8923384F88B
:10AF1000900394F99033082B3AD194F89433E318C2
:10AF200093F8972393F8996394F89233FC2B02D803
:10AF3000013384F8923394F89233934228D10EF17E
:10AF4000010384F891335BB2072B02DD002384F800
:10AF50009133062384F890332846F8F783FF18B915
:10AF60002846F8F70DF810E094F89333FC2B02D83C
:10AF7000013384F8933394F89333B34205D194F8B2
:10AF8000943313B9012384F89433002384F8923363
:10AF900094F846130023012984F84533284602D14A
:10AFA000F9F726F902E01946F9F77DF92846D4F8B1
:10AFB0006C13F9F7CDFA002384F8473394F89C33E7
:10AFC00013B9012384F89C33FEBD38B51546D0F87B
:10AFD000A8407AB194F8431394F84223C36942EA33
:10AFE00041042C6018698C2135F084DB44EA004070
:10AFF000286038BDCB080DD101F00103C1F3400139
:10B0000084F8423384F8431323B90121BDE8384062
:10B01000F9F749B938BD2DE9F84304468846174683
:10B02000D0F8A8604FF00009F7F7E3FB20460121B4
:10B03000FDF738FB4D460DE001210022F6F79CF9A3
:10B040003846EBF389F32046FBF78BFC01351FFAFA
:10B0500080F9EDB245452046EED30021FDF722FBF5
:10B0600086F8C092BDE8F8832DE9F043B0F8DA30F5
:10B07000D0F8A8508BB085F8BC32D0F8B030044678
:10B08000D3F8203103F0010383F0010953B1C36900
:10B09000B821186942F2107235F04ADBE369186989
:10B0A00035F078DB40F2A5412046F5F7E0FD00F4ED
:10B0B000E060070A2046F7F772FF0021804620462D
:10B0C000FCF7D0F84FF440412046FCF7CBF820467F
:10B0D000FBF76AFCD4F8A830D3F84824D3F84434FA
:10B0E000402BB4BF194640218A4201DD93B203E0F0
:10B0F0003F2BD4BF9BB24023FF22204640F2A74102
:10B10000F5F7A6FF0023204640F2A5414FF4E06288
:10B11000F5F79EFF4FF47A7232212046FFF77BFF4E
:10B120000121204695F8C062FDF7BCFA2046F7F7EA
:10B1300060FB3B02204640F2A5414FF4E062F5F788
:10B1400087FF00212046FCF78DF895F8C472012F87
:10B150003AD1204607A9FDF72DFE39462046FAF7D9
:10B1600027FCD4F8A830D3F84824D3F844343E2B35
:10B17000B4BF19463E218A4201DD93B203E03D2B64
:10B18000D4BF9BB23E23204640F2A741FF22F5F7F1
:10B190005FFF0023204640F2A5414FF4E062F5F73F
:10B1A00057FF204632214FF47A72FFF734FF95F8AB
:10B1B000C032DBB995F8C2322046043385F8C2327A
:10B1C0000121FAF7F5FB11E000210123DB228DF8C4
:10B1D000243003920493204607AA0B468DF825607D
:10B1E0000091019102910591FDF796FA20464146A2
:10B1F000FCF738F8204609490422F5F73BFFB9F17E
:10B20000000F03D1E369186935F0B0DA2046002158
:10B21000FDF748FA0BB0BDE8F08300BFAAE80100D3
:10B22000082903D00A2903D0022903D1FFF786B8E1
:10B23000FFF71ABF704710B50446F7F7DAFA204651
:10B240000021FCF70FF820460821BDE81040FFF769
:10B25000E7BF38B500F5805393F824300446D0F8A2
:10B26000A85013B9F7F736FEE0B1D4F8F830590713
:10B2700006D194F8F5301BB920460921FFF7D0FF1D
:10B28000D4F8F8301A070DD104F5805292F92C2029
:10B2900042B91B0606D494F8F5301BB920460221AA
:10B2A000FFF7BEFFD4F8F83013F00E0F02D120469E
:10B2B000FBF792FCD4F8F83013F0060F3ED1D5F826
:10B2C00034244AB3E369D5F83814186A411A914214
:10B2D00034D36A21186935F00DDA410089B2B1B171
:10B2E000E369186935F006DA88B940F276412046FC
:10B2F000F5F7BDFCC005C00DA5F86C0540F277411F
:10B300002046F5F7B4FCC005C00DA5F86E05204633
:10B310000021F9F736F911E040F276412046F5F7C1
:10B32000A6FCC005C00DA5F86C0540F2774120468B
:10B33000F5F79DFCC005C00DA5F86E052046F7F792
:10B340002EFEB0F5404F0BD02046FBF70AFB20B194
:10B3500000237F2885F8563402D0002385F857341F
:10B3600038BD00002DE9F0415FFA81F80446D0F8BD
:10B37000A85040460E46F6F733F9314607462046B8
:10B38000F6F713F92046B4F8DA10F9F795FE04221F
:10B3900020465B49F5F76EFE41462046FFF72AF945
:10B3A0000A20EBF3D9F14FF4004213464FF48961C0
:10B3B0002046F5F74DFE2046F8F70EFA78000521F5
:10B3C0000022F7F733FC3946002280464FF4201064
:10B3D000F7F72CFC40F2576107461FFA88F2204627
:10B3E000F5F750FC20464FF4CB61BAB2F5F74AFCB2
:10B3F0004FF4007320464FF489614FF44072F5F723
:10B4000027FE94F8DA300E2B07D0B5F8622013B27D
:10B41000B3F1FF3F08BF152200E01E22A5F840252A
:10B420002046002112B2FAF7A3F820B120460021ED
:10B430001422FAF79DF894F8DA3038220E2B0CBF5C
:10B4400018230023204640F2EB41F5F701FEB4F843
:10B45000DA30204603F47043B3F5005F0CBFB5F853
:10B460006620B5F86820012113B2B3F1FF3F08BF91
:10B470000222A5F83E2512B2FAF77AF818222046E1
:10B480002049F5F7F7FD2046F7F748FBB4F8DA2036
:10B4900095F8BC32D2B280B10E2B02D90E2A05D952
:10B4A00001E00E2A02D82046012101E020460021B9
:10B4B0003246BDE8F041FCF7E5BF9342204601D19A
:10B4C000012B03D10821FFF7ABFE01E0FCF7BEFF23
:10B4D00000210A462046FBF7C5F82046FEF7D5FFB7
:10B4E00020460121FFF753FC04F582531B792BB151
:10B4F00020460321BDE8F041FBF757BDBDE8F081D0
:10B5000062E701006AE701008068F4F3B9B0000067
:10B5100030B5848804F00303012B08D0022B0CD033
:10B52000002B2BD108780523B0FBF3F030BD0B784E
:10B53000144A03F00703D05C30BD0D78CB7808794E
:10B5400005F07F02290643EA002042F0006302D59D
:10B5500043F4806305E0A10644BF42F0006343F476
:10B560004073010648BF43F40003420648BF43F45A
:10B57000800300F0300043EA004030BD4FF400701B
:10B5800030BD00BFBEE5010070B586680446D4F842
:10B59000F811B068F4F362F0FF2384F8E2314FF061
:10B5A000FF33A361236800229A71336B02210546A1
:10B5B0001869F5F765FF204638F064DBD5F1010026
:10B5C00038BF002070BD38B50B6804460D4673B116
:10B5D000D3F87C1129B1036840F20C72D868EBF300
:10B5E00087F323682968D8686269EBF381F32368DD
:10B5F0002946D8681022BDE83840EBF379B30368D8
:10B6000070B510210546D868EBF362F30446A0B18B
:10B610002B686969D868EBF35BF30646206028B9AC
:10B6200021462846FFF7CFFF344606E00023C0F846
:10B630007C312146284639F02DDC204670BD37B5D7
:10B64000054601A9D0F8000539F044DD09E0284697
:10B65000214639F09FDF636C1BB9284621463AF03A
:10B66000AFD801A839F03EDD04460028EFD13EBD39
:10B67000F8B5D0F898430F46E388FBB10B88072B49
:10B680001CD9A2889A421CD10E1D304604F1080133
:10B69000E6F36EF550B111E0631930460A4993F8AC
:10B6A0004820E6F321F50135361800E00546E38829
:10B6B0009D42F1DB40233B800020F8BD4FF0FF307E
:10B6C000F8BD4FF0FF30F8BDF43086002DE9F347A8
:10B6D00088461546002858D0002956D00A88D0F848
:10B6E00004A0D0F89873D0F89463002A48D0B1F839
:10B6F0000290002419F00109FC80BC8024D0402A6B
:10B7000013D104313846234600943DF005DEA042B3
:10B7100038DBB6F8022112F0400231D0002D37D0CC
:10B72000DAF80C003CF09ADD33E0A2F108039BB29A
:10B73000372B27D807F108000431E6F31DF4B8F8D9
:10B740000080A7F8048024E0202A1ED8043107F1E5
:10B750004800E6F311F4B6F80241B8F8008001237E
:10B7600014F04004A7F80490A7F80680C6F8CC307F
:10B770000FD06DB1DAF80C003CF070DD4C4608E0FB
:10B78000144606E04FF0FF3403E06FF0010400E0E0
:10B790002C462046BDE8FC8710B50DF079FA04462A
:10B7A000F1F7D4F82046BDE81040EAF3E3B5AAAAC1
:10B7B000030019580000101800000FAC00001472AC
:10B7C000000050F200004096000050F201000050CE
:10B7D000F20200000050F202010000904C00AAAA00
:10B7E00003001958000050F2020101000003640038
:10B7F0000027A4000041435E0061322F000050F298
:10B8000004000050F200000FAC00001472000001B0
:10B81000AF810100001018000050F200000FAC00D2
:10B8200000409600000000000000101800000C0B03
:10B83000120F180A240E3009480D60086C0C0C1207
:10B8400018243048606C5E00600062007800D4000C
:10B85000092F160E0E05696C306D616361646472A8
:10B860003D30303A31313A32323A33333A34343A85
:10B87000353500626F617264747970653D30786649
:10B8800066666600626F6172647265763D3078311B
:10B890003000626F617264666C6167733D3800618D
:10B8A00061303D330073726F6D7265763D3200001A
:10B8B0000FAC000050F200AAAA0300195800CC01F6
:10B8C00002000000D40000000000000000010000A1
:10B8D00000006E840B000000D40000000000000097
:10B8E0000001000000000C1218243048606C0000B9
:10B8F00010091E091F092409250926092009210903
:10B90000270928092909220923093009310932099F
:10B9100012090F09000901090609070908090209A6
:10B92000030909090A090B09040905090C090D098C
:10B930000E09110900FC070069A50500FF010000C0
:10B94000695D0A0000040800975E0A000102000019
:10B9500097A6050006000000060000000600000093
:10B96000060000000E0000000E0000000E000000A7
:10B970000E00000016012D012C016A0098009700AE
:10B980002F010B0013011D0014012E002A010900D4
:10B990001F010700FF000500218423843483848075
:10B9A0006782568034828480678256803482977A98
:10B9B000977A977A977A877A877A977B977A877A2E
:10B9C000877A977BFFEEDDCCBB9988776655443349
:10B9D00022110000594D8000955780004958800081
:10B9E000315680000D5A8000C1588000295A8000CD
:10B9F000455A8000795780004D568000755A800066
:10BA000025558000F15980000D5880006954800050
:10BA1000C14E8000E951800055528000C95180001C
:10BA2000DD58800051518000D1558000A55580001F
:10BA300015568000E14F800089558000FD4E800042
:10BA400025508000FD030100ED4D8000854E8000F3
:10BA5000A94F8000D94D8000094E8000514C8000D4
:10BA6000654C8000000000000000000000000000A5
:10BA7000C14F800025528000F9518000C728000086
:10BA80002800000073645F6C6576656C5F74726992
:10BA900067676572007370695F70755F656E61627C
:10BAA000006172705F6D61636164647200617270E5
:10BAB0005F72656D6F74656970000000F83B860009
:10BAC0000000000007000000FF3B860001000000AE
:10BAD000070000000B3C8600020000000000000090
:10BAE0001B3C86000300000007000000263C860087
:10BAF0000400000000000000373C86000500000044
:10BB000008003000413C86000600000000000000F4
:10BB1000A1BA01000800000006000000ADBA010053
:10BB20000900000007000000000000000000000005
:10BB30000000000070666E5F73757370656E640060
:10BB40005840860000000000080014006040860095
:10BB50000100000008008800684086000200000024
:10BB6000080038007040860003000000080008004C
:10BB70007E40860004000000010000008240860034
:10BB800005000000000000008B4086000600000059
:10BB90000800380034BB010007000000010000006D
:10BBA000000000000000000000000000352E3930C9
:10BBB0002E3233302E313500776C25643A202573D0
:10BBC0002025732076657273696F6E202573204679
:10BBD0005749442030312D25780A004F63742032B4
:10BBE0003220323031350031353A30353A30390093
:10BBF0005C782530325800776C635F696F766172CC
:10BC0000733200727373695F6F6666736574005098
:10BC10005A443A2025643E2564206F722025643EF4
:10BC2000256420613D25640A006C6F775F72737331
:10BC3000695F74726967676572006C6F775F7273B2
:10BC400073695F6475726174696F6E0074635F65B8
:10BC50006E61626C650074635F706572696F640029
:10BC600074635F68695F776D0074635F6C6F5F77A3
:10BC70006D0074635F737461747573006173736FC7
:10BC8000635F73746174650064796E7478007478AE
:10BC90005F737461745F63686B0074785F73746161
:10BCA000745F63686B5F7072640074785F73746153
:10BCB000745F63686B5F726174696F0074785F733F
:10BCC0007461745F63686B5F6E756D0072785F722C
:10BCD0006174650069735F5750535F656E726F6C76
:10BCE0006C65650069735F7770735F656E726F6C0A
:10BCF0006C65650003BC0100010000000600000047
:10BD000029BC010002000000060000003ABC01004E
:10BD100003000000060000004CBC0100040000000D
:10BD20000600000056BC01000500000006000000EF
:10BD300060BC0100060000000600000069BC0100B4
:10BD4000070000000600000072BC010008000000AF
:10BD5000060000007CBC0100090000000600000095
:10BD600088BC01000A000000060000008EBC010033
:10BD70000B000000060000009ABC01000C0000004F
:10BD800006000000AABC01000D0000000600000033
:10BD9000BCBC01000E00000006000000CCBC01008D
:10BDA0000F00000006000000D4BC010010000000DD
:10BDB00001000000E4BC01001000000001000000D0
:10BDC00000000000000000000000000005A5810048
:10BDD000FDA5810000000000000000000DCD8200E4
:10BDE00089E68200F5CB8200EDCC8200776C635F40
:10BDF000616D7064755F726563765F6164646261D2
:10BE00005F7265715F7072655F70617463680077FF
:10BE10006C635F616D7064755F7265737461727479
:10BE200000737472616E676520636173652E2E2ED8
:10BE300072656C656173652069732025642C2064CC
:10BE4000656C74612025642C20696E692D3E7265D5
:10BE50006D5F77696E646F772025640A0025733AF9
:10BE600020616D7064752D3E6D61785F7064753D05
:10BE700025642C20616D7064752D3E62615F74785D
:10BE80005F7773697A653D25642C20616D706475F8
:10BE90002D3E62615F72785F7773697A653D2564D4
:10BEA0000A0025733A20776C20646F776E210A00B0
:10BEB00025733A20776C207570210A00A6CB860086
:10BEC0001000000006000000529B860001000000E8
:10BED000010000005D9B86000200200007000000BA
:10BEE0006F9B860003004000080007007C9B8600D3
:10BEF00004004000080004008B9B86000500400001
:10BF0000080004009A9B8600060000000800040058
:10BF1000AB9B86000D00100007000000A79B860069
:10BF20000E00200007000000B49B860007001000F0
:10BF300007000000BF9B86000800000008001000FA
:10BF4000D69B86000900000006000000C99B860001
:10BF50002400000006000000FEC786000A00000062
:10BF600006000000AB7286000F0000000100000018
:10BF7000D59B86000B00800001000000DA9B860044
:10BF80000C00000005000000E59B86001D0000007D
:10BF900003000000FA9B86001E000000070000005E
:10BFA000139C86001F00000007000000259C8600EF
:10BFB00021000000050000003B9C860020000000DE
:10BFC00003000000499C8600110080000100000071
:10BFD0004F9C86001800400008000600539C860015
:10BFE0001900000005000000619C86001A00000096
:10BFF000010000006C9C86001B0040000100000056
:10C00000000000000000000000000000D550830088
:10C01000215783000000000000000000776C2564B9
:10C020003A205048595458206572726F722825641E
:10C03000290A005454545454000000000000000029
:10C04000005050505050000000000000000000233D
:10C050000300000000084C4C4C4C4C4C14141400D1
:10C06000000100006464646464646464646464641F
:10C07000640000000000000000000000000000005C
:10C08000010000000064000000000000000000004B
:10C09000000000580000000000000000000154549F
:10C0A000540000000000000000000000505050004C
:10C0B00000000000000000000000234C4C4C4C4CE1
:10C0C0004C4C4C4C4C4C4C4C0000004040404040D0
:10C0D0004040000000000001030000000001424257
:10C0E0004232424214141400000000000300000019
:10C0F00000013E3E42343E42141414000000000091
:10C1000054545400540000000000000000000000DF
:10C1100000000000000000000000000023000000FC
:10C120000300000000014444443844401414140047
:10C130000000000032424242424242424242324207
:10C1400042000000000000000000000000000000AD
:10C1500008484A4A4A4A4A4A4A4A4A4A4A48000019
:10C1600000343434343434343434000000004E4E5F
:10C170004E4E4E4E4E4E4E4E4E4E4E000000000065
:10C180000000000000000000000008545454005457
:10C19000000000000000000000505050005000005F
:10C1A00000000000000000233A3E3800420000007A
:10C1B000000000000000000000000000000000007F
:10C1C000000000000A000000006400000000000001
:10C1D0000000000000000058000000000000000007
:10C1E00000013C4242424242424242423C00000084
:10C1F000000000000000000000000000000000340B
:10C200004A4E4E4E4E4E4E4E4A3800000000000040
:10C21000000000000000000000000000364444441C
:10C22000444444444444364A4000000000000000B6
:10C230000000000000000000082E44444444444430
:10C240004444442E463A0000000000000000000074
:10C250000000000000083C3E3E3E3E3E3E3E3E3E6C
:10C260003C3E3E0000000000000000000000000016
:10C270000000083444444444444444444438444062
:10C2800000000000000000000000000000000008A6
:10C290005C5C5C5C5C5C5C5C5C5C5C5C5C000050A2
:10C2A000505050505050505000000000010000000D
:10C2B0000100000000014E4E4E344C381E1E1E0080
:10C2C00000000000030000000001424442304430FE
:10C2D00014141400000000000300000000013E3EA2
:10C2E0003E3C3E3E14141400000000000300000019
:10C2F0000001444444364C3814141400000000007B
:10C300000300000000013E3E30363A2C14141400A5
:10C310000000000042424242424242424242424205
:10C32000420000002E3434343434343434000000FD
:10C33000004A4A4A4A4A4A4A4A4A4A4A4A4A00003B
:10C34000002E3434343434343434000000003E3EA3
:10C350003E4A00000000000000000000282828409D
:10C3600000000000000000000000004644444A00B5
:10C3700000000000000000000000000000000000BD
:10C38000000000000000000A38444444444444448F
:10C3900044443844440000002C38383838383034AD
:10C3A00034000000000000000300000000004242D2
:10C3B0004242424214141400000000000300000036
:10C3C00000003E3E3E3E3E3E1414140000000000BD
:10C3D000545454540000000000000000000050506D
:10C3E00050500000000000000000000023384444CA
:10C3F0004A4A0000000000000000000000000000A9
:10C400000000000000000000000A000000003400EE
:10C4100000000000000000000000000034000000E8
:10C420000000000000000054545454540000000068
:10C430000000000000484848484800000000000094
:10C440000000002354545454540000000000000025
:10C45000000050505050500000000000000000004C
:10C460002354545400540000000000000000004811
:10C4700048480048000000000000000000235C5C09
:10C480005C00500000000000000000005048500018
:10C4900044000000000000000000234C4C4C4C4CB9
:10C4A0004C4C4C4C4C4C4C4C00000000000000002C
:10C4B00000000000000000090100000000013E3EF5
:10C4C0003E323E361414140000000000010000004B
:10C4D00000013E3E3E343E381414140000000000BB
:10C4E0000100000000014242423C423C1E1E1E0070
:10C4F000000000000100000000014E4E4E364C3896
:10C500001E1E1E000000000054545454540000002D
:10C5100000000000000048484848480000000000B3
:10C520000000000023000000030000000000464659
:10C5300046484A481717170000000000610A8600A5
:10C540007E0A86009B0A86000F0B8600490B860038
:10C55000660B8600630F8600240E8600410E86005F
:10C56000141086006B108600311086009C10860027
:10C57000D01086000411860060118600B11186007B
:10C58000830B8600A00B86000C0F8600F70B86003D
:10C59000CE118600310C86006B0C8600941186004B
:10C5A000DA0B86005E0E86004E0C8600290F860090
:10C5B000B80A8600D50A8600F20A86007B0E86003D
:10C5C0004E108600BD0B8600980E86009D0F8600DB
:10C5D000B50E8600880C8600D20E8600140C8600EC
:10C5E000290F8600BA0F86002C0B8600440A8600AD
:10C5F000800F8600460F8600EF0E860034C10100D2
:10C600001CC2010039C20100E2C1010051C1010098
:10C6100056C2010031C3010090C20100BBC001003D
:10C620009BC4010064C00100FFC101006EC1010094
:10C6300073C2010014C3010018C7010088C30100C0
:10C64000383838383800000000000000000034346A
:10C65000343434000000000000000000003A3A3A90
:10C660003A4600000000000000000000000000004A
:10C6700000000000000000000008384444444A0064
:10C6800000000000000000000000000000000000AA
:10C690000000000000002A0000000054000000001C
:10C6A0000000000000000000004400000000000046
:10C6B0000000000118098600C00D8600E80D860004
:10C6C000200D8600AC0D8600ECC00100CCC401003A
:10C6D000DCC70100BCC30100B8C40100A8C301004D
:10C6E000D8C0010020C10100C4C20100E0C40100A3
:10C6F00028C50100D8C2010010C80100B0C2010065
:10C700008CC7010040C80100F4C40100ECC2010064
:10C7100000C3010024C80100343A3A3A3A3A3A3A9E
:10C720003A3A3A2C2C000000323C3C3C3C3C0000A5
:10C7300000000000005454540054000000000000A9
:10C7400000000048484800480000000000000000C9
:10C7500000233E4848424600000000000000000060
:10C7600000000000000000000000000000000A00BF
:10C7700038383E42000000000000000000000000C9
:10C7800000000000000000000000000A030000009C
:10C7900000004444444C4C4C1717170000000000A4
:10C7A000323232380000000000000000000038384B
:10C7B000383800000000000000000000004C0000BD
:10C7C000004C00000000000000000050000000507D
:10C7D0000000000000000000000100000300000055
:10C7E0000000424242424242171717000000000078
:10C7F000383E383E4200000000000000000000000B
:10C800000000000000000000000000000A0000001E
:10C810000300000000014444443444441414140050
:10C820000000000003000000000844444438444471
:10C830001414140000000000000000000F00150098
:10C840000300000000006464646464642424240021
:10C8500000010000C8E686000000000008000C008F
:10C86000D7E686000100000007000400E9E6860024
:10C870000200000008000800FBE68600030000003C
:10C88000070004000BE786000400000008001C00FD
:10C890001BE786000500000008000C002CE786005E
:10C8A000060000000700040043E7860007000000C0
:10C8B00007000400E4C801000800000007000400AD
:10C8C000F4C80100090000000700040008C90100C5
:10C8D0000A000000080090000000000000000000B6
:10C8E00000000000706B745F66696C7465725F694C
:10C8F000636D7000706B745F66696C7465725F69FC
:10C90000636D705F636E740077616B655F70616308
:10C910006B6574005365742042525054206174203A
:10C9200025780A000A465749442030312D25780AD7
:10C93000000A54524150202578282578293A207041
:10C94000632025782C206C722025782C2073702091
:10C9500025782C207073722025782C2078707372C3
:10C960002025780A00202072302025782C20723172
:10C970002025782C2072322025782C207233202517
:10C98000782C2072342025782C2072352025782CA4
:10C990002072362025780A00202072372025782C36
:10C9A0002072382025782C2072392025782C20728E
:10C9B00031302025782C207231312025782C2072BE
:10C9C00031322025780A000A20202073702B302075
:10C9D00025303878202530387820253038782025C3
:10C9E0003038780A00202073702B31302025303801
:10C9F0007820253038782025303878202530387850
:10CA00000A0073702B257820253038780A00646579
:10CA100061646D616E5F746F0072616D73746279D1
:10CA200064697300706125643D3078252578007055
:10CA30006425643D3078252578006E7672616D5FDF
:10CA40006F766572726964650000000086060200F8
:10CA5000D0090000800602003E3E0000820602006F
:10CA60003E020000000702003C00000084060200B5
:10CA700012020000600104000300010064010200D2
:10CA8000C000000060010400030001006601020014
:10CA90000A000000600104000400010064010200BB
:10CAA000140000006001040007000100640102009E
:10CAB0008301000060010400250001006401020000
:10CAC000F401000060010400960501006401020009
:10CAD0002B040000600104009605010066010200BD
:10CAE0000001000060010400D701010064010200A0
:10CAF0003C00000060010400DC010100660102004E
:10CB00003400000060010400E20101006401020041
:10CB10003000000060010400E7010100660102002E
:10CB20002C00000060010400ED010100640102001E
:10CB30002C00000060010400F20101006601020007
:10CB40002800000060010400F801010064010200F7
:10CB50002800000060010400FD01010066010200E0
:10CB600028000000FFFF000000000000600104003A
:10CB70000500010364010400000019002401040001
:10CB80000400000028010400000000002C01040043
:10CB90000000000030010400000000003401040027
:10CBA0000A04700034010400EFBED4003401040014
:10CBB000050000FF3401040001FF02FF3001040002
:10CBC00018000000340104000A04E00034010400ED
:10CBD000EFBE480034010400050000FF34010400EA
:10CBE00001FF02FF340104000010180134010400A9
:10CBF000020300103401040018F1F2F334010400C0
:10CC0000BBCC0000300104006806000034010400C1
:10CC10001404700034010400EFBE58013401040014
:10CC2000000000FF3401040001FF02FF3401040092
:10CC30000010180134010400020303093401040048
:10CC4000BF000010340104000000000030010400A7
:10CC5000380000003401040000000000300104002E
:10CC6000880600003401040014048000340104002C
:10CC7000EFBE18023401040000000309340104006F
:10CC8000BF0000033401040000010203340104006A
:10CC9000040500013401040002030405340104000A
:10CCA00000000000300104005800000034010400BE
:10CCB00000000000300104003800000034010400CE
:10CCC0000F20000734010400000094003401040028
:10CCD000000000903401040074757677340104007C
:10CCE00000000000340104000000050034010400CD
:10CCF000FFFFFFFF30010400680200003401040060
:10CD00006E84330034010400DCBA500034010400A6
:10CD1000D40000AB34010400BADABADA34010400FA
:10CD2000001018F134010400F2F300103401040083
:10CD300018F1F2F334010400100000003401040083
:10CD4000000000003401040000000A003401040067
:10CD50000100000E340104004252434D340104002E
:10CD60005F54455334010400545F535334010400AD
:10CD7000494401043401040082848B963401040088
:10CD80000301010634010400020000003001040028
:10CD900068000000340104000A0428023401040081
:10CDA000DCBA8000340104000000FFFF34010400FD
:10CDB000FFFFFFFF34010400001018F134010400EC
:10CDC000F2F300103401040018F1F2F3340104000E
:10CDD000D0AF000034010400000000003401040062
:10CDE00000000001340104000200000E34010400C0
:10CDF0004252434D340104005F5445533401040052
:10CE0000545F5353340104004944010434010400C5
:10CE100082848B963401040003010106340104006E
:10CE20000201000030010400680400003401040025
:10CE30000A04280234010400DCBA80003401040032
:10CE40000000FFFF34010400FFFFFFFF3401040076
:10CE5000001018F134010400F2F300103401040052
:10CE600018F1F2F334010400D0AF000034010400E3
:10CE7000000000003401040000000001340104003F
:10CE80000200000E340104004252434D34010400FC
:10CE90005F54455334010400545F5353340104007C
:10CEA000494401043401040082848B963401040057
:10CEB0000301010634010400020100000001040026
:10CEC000000000019004020000000000A004020025
:10CED000F1F30000B0040200EFFD0000A80402001E
:10CEE000FFFF0000A804020000000000AA040200E6
:10CEF00000000000A4040200CF1A0000AC040200ED
:10CF000000000000BC04020000000000A6040200B3
:10CF1000D7020000B6040200FFFD0000AE040200CC
:10CF2000FFFF0000060402000100000006040200EA
:10CF3000000000000C0402001800000006040200BB
:10CF40000000000048040200000C0000020402007F
:10CF5000A00700000205020000000000000502001A
:10CF6000004000000205020004000000000502006D
:10CF70000040000002050200080000000005020059
:10CF800000400000020502000C0000000005020045
:10CF90000040000002050200C00000008005020001
:10CFA000FFFF000082050200FFFF00008405020071
:10CFB000FFFF000086050200FFFF00008805020059
:10CFC000FFFF00009C050200F0FF0000400502008A
:10CFD0000080000020050200060F0000400502004E
:10CFE00000800000400502000081000020050200D2
:10CFF000101D0000400502000081000040050200F5
:10D0000000820000200502001E28000040050200EA
:10D01000008200004005020000830000200502009D
:10D020002931000040050200008300004005020095
:10D030000084000020050200323F0000400502008D
:10D040000084000040050200008500002005020069
:10D050004041000040050200008500001206020069
:10D06000010000002E060200CDCC000030060200B8
:10D070000C0000000006020004800000960602007A
:10D08000080000009A060200E40000008806020082
:10D09000000000009C06020002000000880602005A
:10D0A000001000009C06020002000000880602003A
:10D0B000002000009C06020002000000880602001A
:10D0C000003000009C0602000200000088060200FA
:10D0D0000B0F00009E060200070000001005020072
:10D0E0000B00000050040200014E00005204020038
:10D0F0005B010000E4040200900000000404020050
:10D10000B400000054050200FF3F0000600104006D
:10D110000400010364010400000000006401040035
:10D12000B4000000640104004700470064010400EB
:10D130000000640064010400300940006001040044
:10D140000D000103640104000200020064010400F8
:10D150000100800064010400050000006401040077
:10D1600000008000640104006400640064010400A5
:10D170000E00470064010400000500006001040087
:10D18000150001036401040000004208640104006A
:10D19000DE0B0700640104000A00000060010400C7
:10D1A0001A0001036401040000C0640B6001040064
:10D1B0001D00010364010400102700006401040045
:10D1C00000007A03600104002000010364010400F0
:10D1D000060010276001040023000103640104001D
:10D1E0000000F606640104000000A80A64010400BF
:10D1F00000003200640104000A0E0B0964010400FF
:10D200000E020000640104000000520A64010400E0
:10D2100000003F0164010400FFFF000C64010400F2
:10D2200032046E06640104000200F2096001040089
:10D230002E0001036401040000000080600104006E
:10D2400032000103640104000000320B600104009D
:10D2500034000103640104000000CC0560010400F7
:10D2600058000103640104004252434D640104006C
:10D270005F54455364010400545F53536401040038
:10D2800049440000600104006000010364010400DF
:10D290003900000064010400500000006401040033
:10D2A000C00000006001040070000103640104007C
:10D2B000AA03AA0364010400AA03AA0364010400E8
:10D2C000AA03AA0364010400AA03AA0364010400D8
:10D2D000EC03D60364010400C003AA036401040044
:10D2E000F703E10364010400CB03B5036401040008
:10D2F000AA03AA0364010400AA03AA0364010400A8
:10D30000AA03AA0364010400AA03AA036401040097
:10D31000EC03D60364010400C003AA036401040003
:10D32000F703E10364010400CB03B50364010400C7
:10D330000204020464010400020402046401040003
:10D340000E0402046401040002041A0464010400CF
:10D3500002040204640104000204020464010400E3
:10D3600002040204640104002604020464010400AF
:10D3700002040204640104000204020464010400C3
:10D380000E0402046401040002041A04640104008F
:10D3900002040204640104000204020464010400A3
:10D3A000020402046401040026040204640104006F
:10D3B00000001F0064010400FF031F00640104005B
:10D3C000020000006401040002000000600104008B
:10D3D000980001036401040000001F0064010400C0
:10D3E000FF031F0064010400010000006401040049
:10D3F0000100000060010400A000010364010400BA
:10D4000000001F0064010400FF031F00640104000A
:10D41000010000006401040001000000600104003C
:10D42000A80001036401040000001F00640104005F
:10D43000FF031F00640104000100000064010400F8
:10D440000100000060010400B80001036401040051
:10D45000E700EC006401040000007B0064010400AC
:10D460007E0000006401040000000000640104006C
:10D4700000004F51640104003F00000064010400FB
:10D480000000001060010400C000010364010400FA
:10D490003724372464010400372437246001040052
:10D4A00093010103640104000F00400064010400C3
:10D4B000E606000060010400970101036401040016
:10D4C0001A08000060010400A001010364010400C7
:10D4D000FFFFFFFF64010400FFFFFFFF6401040082
:10D4E000FFFFFFFF64010400FFFFFFFF6401040072
:10D4F000FFFFFFFF64010400FFFFFFFF6401040062
:10D50000FFFFFFFF64010400FFFFFFFF6001040055
:10D51000BC01010364010400000005006001040077
:10D52000C50101036401040000001003640104004C
:10D53000E000FFFF640104000309BF006401040070
:10D540000000030964010400BF000010640104002E
:10D550000309BF006401040000030000600104002F
:10D56000CD01010364010400FFFFFFFF640104001B
:10D57000FFFFFFFF64010400FFFFFFFF64010400E1
:10D58000FFFFFFFF64010400FFFFFFFF64010400D1
:10D59000FFFFFFFF64010400FFFFFFFF64010400C1
:10D5A000FFFFFFFF640104002000CB0164010400C1
:10D5B00000005400640104000000AB086401040092
:10D5C00000001004640104008400020064010400EF
:10D5D0000000140064010400CF0102006401040093
:10D5E0004400000064010400AF080200640104006C
:10D5F00010046400640104000202000064010400DD
:10D600001000CA016401040002003C00640104002F
:10D610000000AA0864010400020010046401040070
:10D6200054000208640104000000080064010400C2
:10D63000CE01000064010400340000006401040015
:10D64000AE080000640104001004440064010400FA
:10D65000020A0000640104000800C901640104001A
:10D6600002003000640104000000A9086401040005
:10D6700002001004640104003C0002106401040074
:10D680000000040064010400CD01000064010400F6
:10D690002C00000064010400AD08000064010400D7
:10D6A000100434006401040002120000640104004C
:10D6B0000400C8016401040000002C00640104009F
:10D6C0000000A808640104000000100464010400C4
:10D6D000300002196401040000000000640104002D
:10D6E000CC010200640104002C000000640104006D
:10D6F000AC0802006401040010043000640104005E
:10D70000021A000064010400C0000A04640104005D
:10D7100070000000640104003A010A04640104007E
:10D7200028022CC064010400F2020A04640104000F
:10D73000000000016401040060001404640104009E
:10D7400038000000640104000201140464010400B4
:10D7500014012CC064010400DE01140464010400FF
:10D76000000080006401040022003704640104000A
:10D770001500000064010400DF00370464010400A8
:10D7800065002CC0640104002E013704640104000C
:10D7900000002F006401040011006E846401040085
:10D7A0000B00000064010400D4006E8464010400D6
:10D7B00033002CC064010400FC006E84640104008A
:10D7C000000018006401040002008A9D6401040046
:10D7D000FB00020864010400C54EFA006401040065
:10D7E000020A833464010400FE0002106401040094
:10D7F0006227F900640104000212421A6401040065
:10D80000FD00021964010400B113F8006401040072
:10D81000021A811164010400FC00021C640104006E
:10D82000C10FFC00600104007B03010364010400DC
:10D8300007001400640104001E00000060010400E1
:10D840008303010364010400000000F0640104008C
:10D85000C33010926401040050318022640104003E
:10D86000C330000060010400880301036401040068
:10D8700000001004600104008C0301036401040033
:10D8800080000000600104008E03010364010400B5
:10D8900005000000600104000B04010364010400A2
:10D8A0000702000060010400130401036401040086
:10D8B000000001006001040015040103640104007C
:10D8C00000000C0060010400530501036401040022
:10D8D0001800000064010400983A983A64010400BA
:10D8E000A60E6400640104000000F4016401040059
:10D8F0000500000064010400A861A861640104003F
:10D9000030751E00600104005C0501036401040021
:10D9100050C30000600104005E05010364010400BF
:10D92000000014056401040050C3000060010400FD
:10D930006205010364010400204E0000640104003C
:10D9400000000F0064010400F40104006001040001
:10D950006805010364010400000031006401040053
:10D9600000000300640104000100070064010400DA
:10D97000C8AF0000640104008813000064010400C3
:10D980002C17FF00600104006F050103640104000F
:10D9900000002C01640104000000A00F60010400DD
:10D9A0007205010364010400000003006401040027
:10D9B00000002C0164010400C000000064010400A8
:10D9C0008813000064010400640000006401040086
:10D9D000DC05401F600104007905010364010400B7
:10D9E0000100010064010400020000006001040065
:10D9F0007C050103640104000200000064010400CE
:10DA00000000409C64010400204E000064010400FA
:10DA1000B80B0000600104008105010364010400EB
:10DA20000000204E640104000000050064010400B1
:10DA3000DC053F0064010400710200006401040081
:10DA400030750000600104008905010364010400D1
:10DA5000C409A00F600104008C05010364010400E7
:10DA60000200D007600104008E0501036401040078
:10DA7000204E204E6001040094050103640104005F
:10DA80000000BE0060010400B00501036401040051
:10DA90000000E80360010400EC05010364010400D8
:10DAA0000000000060010400F505010364010400AA
:10DAB00000008813600104000300020064010400F8
:10DAC0001F00000060010400040002006401040063
:10DAD000FF0300006001040005000200640104006F
:10DAE0001F00000060010400060002006401040041
:10DAF0000700000060010400070002006401040048
:10DB00000400000060010400080002006401040039
:10DB1000FFFF00006001040009000200640104002E
:10DB200000000000600104000A000200640104001B
:10DB300000000000600104000B000200640104000A
:10DB400000000000600104000C00020064010400F9
:10DB500000000000600104000D00020064010400E8
:10DB600000000000600104000E00020064010400D7
:10DB700000000000600104000F00020064010400C6
:10DB800000000000600104001000020064010400B5
:10DB90001F00000060010400110002006401040085
:10DBA0000000000060010400120002006401040093
:10DBB0000000000060010400130002006401040082
:10DBC0000000000060010400150002006401040070
:10DBD000000000006001040016000200640104005F
:10DBE00000000000FFFF000000000000636275639A
:10DBF0006B5F73776672657100000000E02E0101B3
:10DC00000150000000000000C8320201014900007C
:10DC1000899DD8004038030101420000AAAAAA0049
:10DC2000003C0401013E000000008000483F050167
:10DC300001390000D05E4200A04106010139000018
:10DC400049922400004B070101320000000000004F
:10DC5000584D080101300000071F7C00204E0901CB
:10DC60000130000000000000C05D0A010128000032
:10DC700000000000A8610B01012600006666660036
:10DC800090650C0101240000C44EEC0030750D01BC
:10DC9000012000000000000018920E020133000075
:10DCA000F93E560000960F0201320000000000000D
:10DCB000409C1002013000000000000080BB1102F7
:10DCC000012800000000000000000000000000002B
:10DCD00000000000F9DC010000000000080008005E
:10DCE000F8DC01000100000008000B00000000004B
:10DCF00000000000000000006D6B6565705F616CE6
:10DD0000697665005B574C414E5D636F756E74209C
:10DD10003D2025640A00496E697420436F756E7456
:10DD200065720047726F7570206B65792065787039
:10DD3000616E73696F6E000000000000000000005B
:10DD40000000000062746100414D502D2530327892
:10DD50002D253032782D253032782D253032782D12
:10DD6000253032782D25303278006274616D700074
:10DD70006274616D705F666C616773006274616D7F
:10DD8000705F6368616E006274616D705F31316EE7
:10DD90005F737570706F7274006274616D705F662E
:10DDA00062006274616D705F73746174656C6F673B
:10DDB00000776C25642E25643A2025733A2073631E
:10DDC00062206B657920696420256420646F657327
:10DDD000206E6F74206D617463682025640A00777B
:10DDE0006C635F6B65795F6C6F6F6B7570000000C3
:10DDF000776C635F61705F70726F636573735F618F
:10DE000073736F637265710070617463685F696FCB
:10DE10007661727300726561642073686D656D0A66
:10DE20000025733A20446F20574C435F4745545FA9
:10DE30005048595245472F574C435F5345545F5004
:10DE400048595F5245470025733A2072656A6563F9
:10DE5000742064756520746F206E6F206D656D2869
:10DE60002564290A0025733A2072656A6563742067
:10DE700064756520746F206F766572206D617861BE
:10DE800073736F63282564290A006F747072617759
:10DE900000666162696400616D7064755F727473BD
:10DEA00000776C635F696F63746C5F706174636843
:10DEB0006D6F6400207986000000004003000000C0
:10DEC0008ADE010008000800080000003D7D860091
:10DED00001000880080000008976860002000040EA
:10DEE00008000000CCBB86000300004006000000D4
:10DEF000AB9B8600040010000700000091DE0100CB
:10DF00000500000005000000647D8600060000009A
:10DF100008001C0097DE010007000000010000005F
:10DF2000D69B8600090000000600000000000000EB
:10DF3000000000000000000001006C0902007109EF
:10DF40000300760904007B090500800906008509A5
:10DF500007008A0908008F09090094090A00990935
:10DF60000B009E090C00A3090D00A8090E00B409BE
:10DF70004C84FFE0B084F7F7F984F7FF3CC4070056
:10DF80003BC4070000002D00A7901A0047090E00AF
:10DF9000012007008B93030038CA01002AE5000026
:10DFA000977200004C390000A61C0000530E0000C0
:10DFB0002907000095030000CA010000E5000000E9
:10DFC00073000000390000001D0000002E66616231
:10DFD0002E0025732E6661622E256400776C256401
:10DFE0003A205363616E20696E2070726F677265AC
:10DFF00073732C20736B697070696E67207478700E
:10E000006F77657220636F6E74726F6C0A00706F49
:10E010007765722061646A210A0063636B627732FC
:10E02000303267706F0063636B62773230756C32C9
:10E0300067706F006C65676F66646D62773230324F
:10E0400067706F006C65676F66646D6277323075FC
:10E050006C3267706F006D63736277323032677055
:10E060006F006D637362773230756C3267706F006A
:10E070006D6373627734303267706F006C65676F01
:10E0800066646D6277323035676C706F006C6567FF
:10E090006F66646D62773230756C35676C706F00D7
:10E0A0006C65676F66646D6277323035676D706F6F
:10E0B000006C65676F66646D62773230756C3567CA
:10E0C0006D706F006C65676F66646D6277323035B6
:10E0D0006768706F006C65676F66646D6277323079
:10E0E000756C356768706F006D63736277323035B9
:10E0F000676C706F006D637362773230756C356773
:10E100006C706F006D63736277343035676C706F5D
:10E11000006D63736277323035676D706F006D63C9
:10E120007362773230756C35676D706F006D637335
:10E130006277343035676D706F006D63736277326C
:10E1400030356768706F006D637362773230756C5D
:10E15000356768706F006D63736277343035676858
:10E16000706F006D63733332706F006C65676F663C
:10E17000646D3430647570706F0062773430706F26
:10E1800000636464706F0073746263706F00627721
:10E19000647570706F007478706964326761300004
:10E1A000747870696432676131006D6178703267CC
:10E1B0006130006D61787032676131007061326783
:10E1C00077306130007061326777306131007061A3
:10E1D00032677731613000706132677731613100C9
:10E1E0007061326777326130007061326777326117
:10E1F0003100697474326761300069747432676128
:10E20000310063636B3267706F006F66646D3267F5
:10E21000706F006D63733267706F30006D637332BF
:10E2200067706F31006D63733267706F32006D63BA
:10E23000733267706F33006D63733267706F3400D1
:10E240006D63733267706F35006D63733267706F23
:10E2500036006D63733267706F370074787069646D
:10E2600035676C613000747870696435676C613152
:10E27000006D61787035676C6130006D6178703564
:10E28000676C613100706135676C773061300070A8
:10E290006135676C7730613100706135676C77315B
:10E2A000613000706135676C7731613100706135C4
:10E2B000676C7732613000706135676C773261313D
:10E2C000006F66646D35676C706F006D63733567E2
:10E2D0006C706F30006D637335676C706F31006DFB
:10E2E000637335676C706F32006D637335676C7084
:10E2F0006F33006D637335676C706F34006D6373DB
:10E3000035676C706F35006D637335676C706F3691
:10E31000006D637335676C706F3700747870696473
:10E320003567613000747870696435676131006DFC
:10E3300061787035676130006D6178703567613183
:10E340000070613567773061300070613567773014
:10E350006131007061356777316130007061356718
:10E3600077316131007061356777326130007061FB
:10E3700035677732613100697474356761300069DF
:10E38000747435676131006F66646D3567706F0056
:10E390006D63733567706F30006D63733567706FD1
:10E3A00031006D63733567706F32006D637335676D
:10E3B000706F33006D63733567706F34006D637316
:10E3C0003567706F35006D63733567706F36006D3C
:10E3D00063733567706F3700747870696435676888
:10E3E00061300074787069643567686131006D610F
:10E3F00078703567686130006D6178703567686185
:10E400003100706135676877306130007061356761
:10E41000687730613100706135676877316130004D
:10E420007061356768773161310070613567687791
:10E4300032613000706135676877326131006F6634
:10E44000646D356768706F006D6373356768706FF2
:10E4500030006D6373356768706F31006D637335BD
:10E460006768706F32006D6373356768706F330073
:10E470006D6373356768706F34006D6373356768FB
:10E48000706F35006D6373356768706F36006D634C
:10E4900073356768706F3700616E74737769746382
:10E4A0006800616135670074737369706F733267F8
:10E4B0000065787470616761696E326700706465C9
:10E4C0007472616E6765326700747269736F326768
:10E4D00000616E74737763746C3267007473736970
:10E4E000706F7335670065787470616761696E3548
:10E4F00067007064657472616E6765356700747279
:10E5000069736F356700616E74737763746C356718
:10E5100000656C6E61326700656C6E613567007412
:10E52000656D706F66667365740070687963616CA1
:10E530005F74656D7064656C7461007061326777DB
:10E54000306133007061326777316133006D61781B
:10E550007035676133006D61787035676C613300C9
:10E56000706135677730613300706135676C773083
:10E5700061330070613567773161330070613567F1
:10E580006C773161330070613567773261330070C9
:10E590006135676C7732613300003B4917203C4995
:10E5A000C5274D84FF834CC4001FB784FF80B1840E
:10E5B000FFDFB0C40808FA84F7FFF9C40800603030
:10E5C000180C6C482412000098E601003501083050
:10E5D00008000300A2E60100430100000100000062
:10E5E000ACE601002D01080001000000B9E60100C1
:10E5F0004801080003000000C9E6010049010800C5
:10E6000003000000D6E601004A01080003000000F4
:10E61000E4E601004E01080003000000EFE60100FF
:10E620003D01400007000700FBE601007A010004FD
:10E630000700000009E701003F010000060000009C
:10E6400014E7010040010000020000001FE7010084
:10E650007C010000020000002CE7010042010000E4
:10E660000700000038E70100280008000300000050
:10E6700049E70100290000000100000056E7010001
:10E680007F01000002000000000000000000000008
:10E6900000000000706879007478696E7374707798
:10E6A00072007068795F6D75746564007068795F79
:10E6B0007761746368646F67007068795F676C691D
:10E6C0007463687468727368007068795F6E6F69EC
:10E6D00073655F7570007068795F6E6F6973655FF1
:10E6E00064776E007068795F70657263616C00704A
:10E6F00068795F72786971657374007068796E6F9C
:10E700006973655F73726F6D006E756D5F737472A0
:10E7100065616D0062616E645F72616E6765007352
:10E72000756262616E643567766572006D696E5FF1
:10E730007478706F776572007068795F6F636C735F
:10E740006364656E61626C65007068795F727861A0
:10E750006E7473656C007068795F6372735F776164
:10E7600072004AC444004A4480003B040100010096
:10E770003C04010001003C04010000003B040100D6
:10E7800000003B04020002003C04020002003C04C2
:10E79000020000003B0402000000DB04FF03A602AD
:10E7A000DB04007000209A05FF0326009B05FF0391
:10E7B00089009C05FF038A009C0500FC00209D0544
:10E7C000003C002C9D05FF038C00D80401000000D4
:10E7D000D80402000000D7040800000000400140F7
:10E7E000024003400440054006400740075B0780A5
:10E7F000980016012C016A000B001B0013011D007C
:10E8000014012E002A0112014C04000800084D04D6
:10E8100000200000B00400010001B644FFFFB7046F
:10E820000F000F004AC444004A448000D704080087
:10E830000800D7040070002031C61500D60603007A
:10E840000000DAC68F004C04001000104D04004098
:10E8500000404C04000800084D04002000003B0468
:10E86000020002003C04020000003B040100010021
:10E870003C0401000000D7440000D704010001005F
:10E88000D70440000000D70401000100D704400075
:10E890004000100408000800DA0620000000424989
:10E8A00002003B4900003C4900004AC444004A447D
:10E8B000800038094000400038090400040039098C
:10E8C00040000000390904000400D70402000200DF
:10E8D000D70480000000D70401000100D7044000E5
:10E8E0004000D70408000800D70400700020DA06B2
:10E8F00040004000A404002000004C84FFE73B845B
:10E900000C004C04000800084D0400200020B00456
:10E910000001000125642009202564200A004572B9
:10E92000726F722067657474696E67206C6F7720F0
:10E930006971206573740A004572726F7220676591
:10E940007474696E672068696768206971206573EF
:10E95000740A0000A3C60100A386FEFF4AC480001B
:10E960004A847F003B84EDFF3C04020002004C849B
:10E97000D0EF4D84D7BF4D04040004004D040300C4
:10E980000100F984F8FFFA84F8FF0A46A0006A44FF
:10E9900019004D04040000004C0404000400D704D6
:10E9A00001000100D70440004000D704010001002D
:10E9B000D70440000000370600C00080D7040100E3
:10E9C0000000D90401000100D9040200000076060D
:10E9D00080008000DA06010001006C0804000400D9
:10E9E0006C08400040006C0800040004D6060300D8
:10E9F0000000DA06080008003B04020002003C04A4
:10EA0000020000003B04100010003C044000000025
:10EA10004B44FFFF340600FF0000DAC680000AC046
:10EA200028020A80D7FDDA867FFFA4040040004058
:10EA3000A40400400000DAC640003B0404000000CB
:10EA4000380940000000380904000000D704020023
:10EA50000000D70401000000D70408000000D8041B
:10EA600001000000D80402000000760680000000CB
:10EA7000DA06010000006C08040000006C08400089
:10EA800000006C0800040000A40400800080A404BE
:10EA900000400040A40400200020B00480000000DA
:10EAA0003B0440000000A90400800080180887464D
:10EAB0006000424607008B4600007646A1B8760605
:10EAC00080000000DA06010000006C08040000006D
:10EAD0006C08400000006C0800040000DA060080AA
:10EAE0000080D30600800080D30600800000DA0694
:10EAF00000800000424907003B4917203C49C527D8
:10EB0000D106040000004B06400040003B4917209E
:10EB10003C49C5274B06010001004B0608000800D0
:10EB20004249000042490F00424900003B4917009A
:10EB30003C49C5073B04020002003C0402000000FF
:10EB40003B04100010003C04400000004C04001086
:10EB500000104D04004000404C04080008004D0423
:10EB6000080008004C04200020004D042000000094
:10EB7000F90402000200FA0402000200F904040091
:10EB80000400FA0404000400F90401000100FA047E
:10EB9000010001004C04080008004D0408000000BA
:10EBA0004C04200020004D0420002000F904020045
:10EBB0000200FA0402000000F90404000400FA0450
:10EBC00004000000F90401000100FA040100000043
:10EBD0004AC444004A44800036001A013A00250025
:10EBE000280005001201FF001F010B0013010700A0
:10EBF000FC00FD00FF00C000CA00C5001200570065
:10EC000059005C0078009200DA0620002000100411
:10EC1000080000000305A404D004D904DA04A60403
:10EC200038093909D804D004D704A5040D04A20476
:10EC3000D00401000000D304FF000000D30400FF53
:10EC40000000D00410000000D00404000000D00434
:10EC500002000000D204FF000000D20400FF000008
:10EC6000D00408000000100480000000A8440A003E
:10EC7000EB04C00100006A04FFFF19001004020049
:10EC8000000010040100000042490F00424900004A
:10EC900042490F004A4484004A448000D34622225D
:10ECA000D34620223B04010001003C040100000087
:10ECB00038090008000839090008000800000000B1
:10ECC00000000000000000000000000000008007BD
:10ECD00000040004800700020002D70408000000BE
:10ECE000D80401000000D804020000003B04040026
:10ECF00004003C04040000000305010000000305BB
:10ED000004000000030510001000A40400400000EF
:10ED1000A40400800080D00420000000A404FF01AF
:10ED20000000A504FF00FF00A50400700050A5042A
:10ED3000000700000D04FF0040000D040007000460
:10ED4000A204FF004000A20400070004A804FF0082
:10ED50000100A60400800080A604FF01FF009A04C1
:10ED6000FF01FF00D70408000000D7040070002056
:10ED7000030501000000030504000000A404004096
:10ED80000000A40400800000D00420000000A504BE
:10ED9000FF00FF00A50400700050A504000700005C
:10EDA0000D04FF0040000D0400070006A204FF0050
:10EDB0004000A20400070006D90470002000D90416
:10EDC00000070003D90400700010DA0400100000EE
:10EDD000DA0400200020A604008000803809040026
:10EDE0000400390904000400A40400100010D70432
:10EDF00008000800D70400700010D70408000800BD
:10EE0000D70400700030100402000200100401005A
:10EE10000000D90404000000D90408000800D90447
:10EE200004000400D904080000009A05FF0326002E
:10EE30009B05FF03A5009C05FF03A6009C0500FCA5
:10EE400000289D05003C001C9D05FF03A8005344BD
:10EE5000A90A3D49C0000700FF001F013A001A013E
:10EE60000500820086002E0113017D002800810428
:10EE7000000200023A09800080002304FF004900DC
:10EE80003404FF00FCFF1604FF00A4FF160400FF7B
:10EE9000009F240400FF002A230400FF002D250406
:10EEA000FF000F000005FF000F00000500FF000F2E
:10EEB0002004FF000A00340400070001FF0400FCE6
:10EEC0000018D60603000100DA0608000000DA0682
:10EED0008000000010040200000010040100010086
:10EEE0004AC444004A4480004AC444004A44800062
:10EEF0005384FF7F53C400803B04010001003C04A5
:10EF0000010001003C04010000003B04010000007E
:10EF1000B10400040000B10400800000F904010005
:10EF20000100FA0401000000CE460000CB460000BC
:10EF3000CC460000CD4600009D46FF07A4460000D9
:10EF4000A54600007A4603007346701774464404D1
:10EF500075463F00704681068C464900C94600064A
:10EF60008046FF0081463F01DAC64000DBC6030051
:10EF7000D7C6010031C600183B4400003C440000E5
:10EF80004C440000E6440000F9440000B044000096
:10EF900038490000B04400004E44000067C503003B
:10EFA0004AC444004A4480004804000300010806A3
:10EFB000FF0017000406FF07EA034C0400180018BE
:10EFC0004D04006000603809FF01FF013909FF01AD
:10EFD0009E003B04030003003C0403000000DA46EB
:10EFE000FFFFDBC60300D10604000400B704007F66
:10EFF000006CB1040020000039090002000038094B
:10F0000000020002B00408000800B0040008000874
:10F010003909000800003809000800083B04040012
:10F0200004003C040400000038090400040039090D
:10F0300004000400A40400100010D704040004001D
:10F04000D704000F0000DA46FFFF030508000800A0
:10F050005F36291F5F36291F5F36291F5F36291F3C
:10F060000A000900060005000A0009000600050064
:10F070000A000900060005000A0009000600050054
:10F080000A000900060005000A0009000600050044
:10F090000A000900060005000A0009000600050034
:10F0A0000A000900060005000A0009000600050024
:10F0B0000A000900060005000A0009000600050014
:10F0C0000A000900060005000A0009000600050004
:10F0D0000A000900060005000A00090006000500F4
:10F0E0000E00000000020003000400060008000BF0
:10F0F0000010011002100310041005100610071074
:10F1000007170720072D074000000000000000003F
:10F1100000000000000000000000000000000000EF
:10F120000000000000020003000400060008000BBD
:10F130000010011002100310041005100610071033
:10F1400007170720072D07400000000000000000FF
:10F1500000000000000000000000000000000000AF
:10F16000000000000000000000000000000000009F
:10F17000000000000000000000000000000000008F
:10F18000000000000000000000000000000000007F
:10F19000000000400000000000000000000000002F
:10F1A000000000000000000000000000000000005F
:10F1B000000000000000000000000000F841010015
:10F1C000F8210000FB210000FB410000DBFE0100F4
:10F1D0007B21000033210000EB400000A3FE010072
:10F1E0004B02000084FE010010000000100000002F
:10F1F00000000000080000004D014D014D014D01CF
:10F200004D014D014D014D014D014D014D014D018E
:10F210004D014D014D014D014D014D014D014D017E
:10F220004D014D014D014D014D014D014D014D016E
:10F230004D014D014D014D014D014D014D014D015E
:10F240004D014D014D014D014D014D014D014D014E
:10F250004D014D014D014D014D014D014D014D013E
:10F260004D014D014D014D014D014D014D014D012E
:10F270004D014D014D014D01090F1418FE070B0FF3
:10F28000FBFE0105080B0E11141700000000000022
:10F29000000306090C0F120000000000000000002F
:10F2A000000306090C0F1215181B000000000000D7
:10F2B00003EB000001010101010101010101010154
:10F2C000010101010101010101010101010101012E
:10F2D0000101020301030201010101010101010118
:10F2E000010101010101010101010101010101010E
:10F2F00001010101010101010101010101010101FE
:10F3000001010101010101010101010101010101ED
:10F3100001010203010302010101010101010101D7
:10F3200001010101010101010101010101010101CD
:10F3300001010101000000000000000000000000C9
:10F3400000000000000000000000000000000000BD
:10F3500000000000040000000000000004000000A5
:10F360000800000001000000050000000900000086
:10F370000D0000004D0000008D0000000D00000099
:10F380004D0000008D000000CD0000004F00000087
:10F390008F000000CF000000D30000001301000028
:10F3A000130500001309000053090000530D00006D
:10F3B000531100009311000093510000939100003D
:10F3C00093D1000093110100000000000000000034
:10F3D000000000000000000000000000000000002D
:10F3E000040000000000000004000000080000000D
:10F3F0000100000005000000090000000D000000F1
:10F400004D0000008D0000000D0000004D000000C8
:10F410008D000000CD0000004F0000008F000000B4
:10F42000CF000000D300000013010000130500000E
:10F430001309000053090000530D00005311000090
:10F44000535100005391000053D1000053110100AB
:10F45000535101005391010053D1010000000000FD
:10F46000000000000000000000000000000000009C
:10F47000000000000000000000000000000000008C
:10F48000000000000000000000000000000000007C
:10F49000000000000000000000000000000000006C
:10F4A000000000000000000000000000000000005C
:10F4B000000000000104020403040404050406041F
:10F4C0000704080409040A048B058C058D058E05C4
:10F4D0008F0590009100920093019401950196018F
:10F4E0009701980199019A019B019C019D019E0140
:10F4F0009F01A001A101A201A301A401A501000097
:10F50000F8F10100400000000200000000000000CF
:10F5100010000000CCF801004000000001000000D5
:10F520000000000010000000BCF101000A00000013
:10F530000B0000000000000020000000CCFB0100D8
:10F54000140000000C00000000000000200000007B
:10F5500020FC0100940000000D00000000000000ED
:10F5600020000000B4F40100260000000E0000009E
:10F57000000000001000000060F0010040000000EA
:10F580000F000000000000001000000050F001001B
:10F590001000000010000000000000000800000043
:10F5A00078F201003C0000001100000000000000A3
:10F5B0000800000034F301006000000012000000A9
:10F5C0000000000020000000B4F2010080000000F4
:10F5D00014000000000000000800000098F701007F
:10F5E0009A0000001700000000000000100000005A
:10F5F000E4F001006C0000000000000000000000CA
:10F60000100000004CF90100A000000018000000EC
:10F6100000000000200000000000000000000000CA
:10F6200000000000000000000000000000000000DA
:10F6300000000000000000000400000000000000C6
:10F6400004000000080000000100000005000000A8
:10F65000090000000D0000004D0000008D000000BA
:10F660000D0000004D0000008D000000CD000000E6
:10F670005200000092000000D2000000D6000000FE
:10F6800016010000160500001609000056090000CA
:10F69000560D000056110000961100009651000012
:10F6A0009691000096D10000961101000000000024
:10F6B000000000000000000000000000000000004A
:10F6C0000000000004000000000000000400000032
:10F6D0000800000001000000050000000900000013
:10F6E0000D0000004D0000008D0000000D00000026
:10F6F0004D0000008D000000CD0000005200000011
:10F7000092000000D2000000D600000016010000A8
:10F71000160500001609000056090000560D0000ED
:10F7200056110000565100005691000056D10000BD
:10F7300056110100565101005691010056D10100A9
:10F7400000000000000000000000000000000000B9
:10F7500000000000000000000000000000000000A9
:10F760000000000000000000000000000000000099
:10F770000000000000000000000000000000000089
:10F780000000000000000000000000000000000079
:10F7900000000000000000001A0034004E00680065
:10F7A0009C00D000EA000401340068009C00D000F6
:10F7B0003801A001D40108024E009C00EA00380183
:10F7C000D4017002BE020C036800D0003801A00111
:10F7D00070024003A803100418009C00D00004012C
:10F7E000EA0038018601D0000401040138016C01EF
:10F7F0006C01A001380186018601D4012202220297
:10F800007002040138016C0138016C01A001D401BF
:10F81000A001D401080208023C028601D4012202A0
:10F82000D40122027002BE027002BE020C030C035D
:10F830005A0336006C00A200D8004401B001E60172
:10F840001C026C00D8004401B00188026003CC03A4
:10F850003804A2004401E6018802CC031005B20579
:10F860005406D800B001880260031005C00698074E
:10F87000700818004401B0011C02E60188022A0346
:10F88000B0011C021C028802F402F4026003880228
:10F890002A032A03CC036E046E0410051C0288029E
:10F8A000F4028802F4026003CC036003CC03380442
:10F8B0003804A4042A03CC036E04CC036E041005A0
:10F8C000B2051005B20554065406F6060000000005
:10F8D0000000000000000000000000000000000028
:10F8E0000000000000000000000000000000000018
:10F8F0000000000000000000000000000000000008
:10F9000000000000000000000000000000000000F7
:10F9100000000000000000000000000000000000E7
:10F9200000000000000000000000000000000000D7
:10F9300000000000000000000000000000000000C7
:10F9400000000000000000000000000000000800AF
:10F950000000080000000800000008000000080087
:10F960000000080000000800000008000000080077
:10F970000000080000000800000008000000080067
:10F980000000080000000800000008000000080057
:10F990000000080000000800000008000000080047
:10F9A0000000080000000800000008000000080037
:10F9B0000000080000000800000008000000080027
:10F9C0000000080000000800000008000000080017
:10F9D0000000080000000800000008000000080007
:10F9E00000000800000008000000080000000800F7
:10F9F00000000800000008000000080000000800E7
:10FA000000000800000008000000080000000800D6
:10FA100000000800000008000000080000000800C6
:10FA200000000800000008000000080000000800B6
:10FA300000000800000008000000080000000800A6
:10FA40000000080000000800000008000000080096
:10FA50000000080000000800000008000000080086
:10FA60000000080000000800000008000000080076
:10FA70000000080000000800000008000000080066
:10FA80000000080000000800000008000000080056
:10FA90000000080000000800000008000000080046
:10FAA0000000080000000800000008000000080036
:10FAB0000000080000000800000008000000080026
:10FAC0000000080000000800000008000000080016
:10FAD0000000080000000800000008000000080006
:10FAE00000000800000008000000080000000800F6
:10FAF00000000800000008000000080000000800E6
:10FB000000000800000008000000080000000800D5
:10FB100000000800000008000000080000000800C5
:10FB200000000800000008000000080000000800B5
:10FB300000000800000008000000080000000800A5
:10FB40000000080000000800000008000000080095
:10FB50000000080000000800000008000000080085
:10FB60000000080000000800000008000000080075
:10FB70000000080000000800000008000000080065
:10FB80000000080000000800000008000000080055
:10FB90000000080000000800000008000000080045
:10FBA0000000080000000800000008000000080035
:10FBB0000000080000000800000008000000080025
:10FBC000000008000000080000000800010010000C
:10FBD0001000200001003000100040002200500002
:10FBE00022016000220270002203800022049000A3
:10FBF0002205A0002206B0002207C0002208D00083
:10FC00002209F000220A1000220B2000220C3000F2
:10FC1000220D4000220E5000220F6000050000005F
:10FC200000000000000000000000001000000000C4
:10FC30000000002000000000000000300000000074
:10FC40000000004000000000000000500000000024
:10FC500000000060000000000000007000000000D4
:10FC6000000000800000000000000090080000007C
:10FC7000000000A008000000000000B00800000024
:10FC8000000000C008000000000000D008000000D4
:10FC9000000000E008000000000000F00800000084
:10FCA0000000000009000000000000100900000032
:10FCB00000000020190000000000003019000000C2
:10FCC0000000004019000000000000501900000072
:10FCD0000000006019000000000000701900000022
:10FCE00000000080190000000000009019000000D2
:10FCF000000000A019000000000000B01900000082
:10FD0000000000C019000000000000D01900000031
:10FD1000000000E019000000000000F019000000E1
:10FD2000000000001A000000000000101A0000008F
:10FD3000000000201A000000000000301A0000003F
:10FD4000000000401A000000000000500200000007
:10FD500000000060020000000000007002000000CF
:10FD6000000000800200000000000090020000007F
:10FD7000000000A002000000000000B0020000002F
:10FD8000000000C00A000000000000D00A000000CF
:10FD9000000000E00A000000000000F00A0000007F
:10FDA000000000000B000000000000100B0000002D
:10FDB000000000200B000000000000300B000000DD
:10FDC000000000400B000000000000501B0000007D
:10FDD000000000601B000000000000701B0000001D
:10FDE000000000801B000000000000901B000000CD
:10FDF000000000A01B000000000000B01B0000007D
:10FE0000000000C01B000000000000D01B0000002C
:10FE1000000000E01B000000000000F01B000000DC
:10FE2000000000001C000000000000101C0000008A
:10FE3000000000201C000000000000301C0000003A
:10FE4000000000401C000000000000501C000000EA
:10FE5000000000601C000000000000701C0000009A
:10FE6000000000801C000000000000901C0000004A
:10FE700018F6010060000000120000000000000001
:10FE8000200000005F36291F5F36291F5F36291FBB
:10FE90005F36291F6E6F637263005344494F0043FE
:10FEA000444300000D1680008D1380002511800052
:10FEB000291480001D138000A1168000AD050100EB
:10FEC000011380002D138000000000001D1680002B
:10FED000C5270000776C0000000000000000000053
:10FEE00000000000F02500000000000000000000FD
:10FEF0000000000000000000000000000000000002
:10FF000005000000FFFFFFFF1400000005000000D7
:10FF1000FFFFFFFF010005060500000005000000CF
:10FF2000050000000E0E0E0E0E02090D0A080D014E
:10FF3000090D0A080D01090D0A080D01090D0A082D
:10FF40000D01090E0A090E060A0E0B090E02093AE6
:10FF5000160E0E05093A160E0E050A0E0B090E05B1
:10FF60000A0E0B090E020A0E0B090E0214C0C01570
:10FF7000110514C0C015110514C0C015110514C019
:10FF8000C015110514C0C0151105093A160E0E054D
:10FF900014C0C015110514C0C0151105093A160E7C
:10FFA0000E05093A160E0E05093A160E0E0514C076
:10FFB000C0151105093A160E0E05093A160E0E0562
:10FFC000093A160E0E0509B21C0E0E0512B11911D2
:10FFD0001108000000000000000000000000000008
:10FFE000736470636D6465760000000000000000BB
:10FFF00030000200000000000000000000000000CF
:020000040812E0
:10000000000000000000000000000000C993800014
:1000100095A98000BDA98000D5938000B59380008C
:1000200075938000D191800000000000B1A980008C
:10003000C5460200A14602008D46020055AA800076
:100040000000000021AA800085AA800031AA80005B
:100050006DAA800000000000000000000000000009
:100060000000000000000000000000000000000090
:100070000000000000000000000000000000000080
:100080000000000000000000000000000000000070
:100090000000000000000000000000000000000060
:1000A0000000000000000000000000000000000050
:1000B0000000000000000000000000000000000040
:1000C0000000000000000000000000000000000030
:1000D0000000000000000000000000000000000020
:1000E0000000000000000000000000000000000010
:1000F0000000000000000000000000000000000000
:1001000000000000000000000000000000000000EF
:1001100000000000000000000000000000000000DF
:1001200000000000000000000000000000000000CF
:1001300000000000000000000000000000000000BF
:1001400000000000000000000000000000000000AF
:100150000000000088C301005F5F00014300400011
:10016000440000000000000000000000000000004B
:10017000000000000000000000000000000000007F
:10018000000000000000000000000000000000006F
:10019000000000000000000000000000000000005F
:1001A000000000000000000000000000000000004F
:1001B000000000000000000000000000000000003F
:1001C000000000000000000000000000000000002F
:1001D000000000000000000000000000000000001F
:1001E000000000000000000000000000000000000F
:1001F00000000000000000000000000000000000FF
:1002000000000000000000000000000000000000EE
:1002100000000000000000000000000000000000DE
:1002200000000000000000000000000000000000CE
:1002300000000000000000000000000000000000BE
:1002400000000000000000000000000000000000AE
:10025000000000000000000000000000000000009E
:10026000000000000000000000000000000000008E
:1002700024C8010001000000410000000100F9183D
:10028000010DE400F4DEF106FC0F27FAFF1DF0106B
:1002900018090AF210E01714041114F1FAF2DBF74E
:1002A000FCE2FBE1EE130DFF1CE91A17180300DA5C
:1002B000E803E617E4E9F3FF121305E104E225F78A
:1002C00006F2ECF1FC11E914F0E0F6F2E809101086
:1002D000011DD9FA040F0F060CDE1C00FF0D0718D4
:1002E0001AF60EE4160FF905EC181B0A1EFF00267D
:1002F000E2FFE50A14180705EA0FF2E4E6F608083B
:100300000808080808090A0808070701020202028B
:1003100002020202020202020202020202020101BF
:100320000000000000000000C5011DFFE0FFC0FF4D
:10033000E0FF0000000000FF000000006B0382FEF1
:10034000E7FFCCFFE7FF080002000000D7010BFF2A
:10035000EEFFDCFFEEFFA7033CFEECFF1700ECFF17
:10036000720385FEAEFEF801AEFE07000400000039
:10037000980160FFCBFF96FFCBFF9C0345FE250055
:10038000C1FF2500B10316FEE4FEA501E4FE07004F
:1003900014000100BF0131FFF20049FEF2008703A3
:1003A00061FE33FF620133FF800378FEDAFEE9006D
:1003B000DAFE080015000100BF0131FF18010EFE32
:1003C0001801870361FE16FF7C0116FF800378FE8B
:1003D0008FFF93008FFF090016000100BF0131FF5E
:1003E000620055FF6200870361FE1FFF6B011FFF64
:1003F00079037EFEF4FE5D00F4FE080017000100A4
:10040000BC0131FF740042FF7400870361FE52FF9C
:10041000020152FF800378FE7FFFF1FF7FFF08009B
:1004200018000100B40131FFDFFF1D00DFFF88036A
:1004300061FE87FF90FF87FF7F0378FECDFEF4010A
:10044000CDFE080019000100AD0131FFB8FF3E00EC
:10045000B8FF820361FEAAFFB1FFAAFF7F0378FE07
:10046000C7FEFE01C7FE08001A000100930154FFF9
:10047000D9FF0C00D9FF1B03C7FE4CFF38004CFF0F
:100480003303B8FE80FF280080FF08001B00010036
:10049000890154FFCFFF1300CFFF1703C7FE00FFF2
:1004A000500000FF2E03BDFE8BFF25008BFF0800D0
:1004B0001E000100BB0119FFC3FF1D00C3FF6B033A
:1004C00061FE66FF480066FF7C0378FE56FF4F0022
:1004D00056FF08002C000100BF0131FFE00071FE53
:1004E000E000870361FE8BFFC4008BFF800378FE72
:1004F000B2FEC000B2FE0800010000006C0900005E
:100500000B0A00070A8888800200000071090000B9
:100510000B0A00070A8888800300000076090000A3
:100520000B0A00070A888880040000007B0900008D
:100530000B0A00070A888880050000008009000077
:100540000B0A00070A888880060000008509000061
:100550000B0A00070A888880070000008A0900004B
:100560000B0A00070A888880080000008F09000035
:100570000B0A00070A88888009000000940900001F
:100580000B0A00070A8888800A0000009909000009
:100590000B0A00070A8888800B0000009E090000F3
:1005A0000B0A00070A8888800C000000A3090000DD
:1005B0000B0A00070A8888800D000000A8090000C7
:1005C0000B0A00070A8888800E000000B4090000AA
:1005D0000B0A00070A888880000001009F0152076B
:1005E0004000800040001803780640008000400072
:1005F0000A032E06400080004000080001000100B0
:100600009201370703013B0003019F0202074400E8
:1006100036004400600247075D00A7005D00080047
:10062000020001009F0152074000800040001803B3
:100630007806C0008001C0000A032E06400080003A
:1006400040000800030001002E0131078100020173
:1006500081009202B806CD009A01CD00F202E006B8
:10066000AA005401AA0008001400010068015CFF00
:10067000F200C6FEF200F002B8FE33FFCB0033FFFB
:10068000FF02E0FE03FF49FF03FF08001500010021
:1006900068015CFF950052FF9500F002B8FE33FF41
:1006A000A40033FFFF02E0FE00FFEFFE00FF0800A2
:1006B0001600010068015CFF62009CFF6200F0020E
:1006C000B8FE33FF7C0033FFFF02E0FE00FFA0FE18
:1006D00000FF0800170001005E015CFF8CFF520064
:1006E0008CFFF002B8FE33FF280033FFFF02E0FE6C
:1006F0007FFF15FF7FFF08001800010045015CFF28
:10070000E0FFD8FFE0FFF402B8FE00FF29FE00FF83
:10071000FE02E0FEFAFEAA00FAFE0800190001003F
:100720002B015CFFCDFFC0FFCDFFE002B8FE00FF54
:1007300029FE00FFFD02E0FEFAFEAA00FAFE080014
:100740001A000100150197FFD9FF8BFFA8FF7D025A
:100750002EFFC0FF40FF70FF660248FF80FF80FE53
:10076000E0FE08001B000100F50097FFCFFF6DFFC2
:1007700092FF72022EFF5EFF1BFE95FE650248FF90
:10078000C2FF46FF75FF08001E0001002E0131FF69
:10079000C3FF86FFC3FF9202B8FE33FF66FE33FF3E
:1007A000F202E0FE56FFACFE56FF080028000100F2
:1007B00068015CFFF200C6FEF200F002B8FECD0058
:1007C00035FFCD00FF02E0FEFF017201FF010800CE
:1007D000050100080001FFFF00000000000000000C
:1007E000A200000000FF00FF00000000000000FF6A
:1007F000000000007802A0FE80FF00FF80FF0800DC
:1008000001000000760179FFF0FFE0FFF0FF1F0319
:1008100074FECEFFE0FFCEFFEE022BFE2CFF320077
:100820002CFF080002000000770116FFDBFFB4FF79
:10083000DBFF1F0374FEE0FFECFFE0FFEC02F2FEC3
:1008400080FF1E0080FF080003000000770116FFF4
:10085000DBFFB4FFDBFF1F0374FEE0FFECFFE0FFF4
:10086000EC02F2FE6CFF23006CFF080004000000A5
:100870003301AEFFCBFF96FFCBFF0B0385FECBFF13
:100880000A00CBFFFD022BFE2CFFCA002CFF080044
:100890000000000000000000000000000000000058
:1008A0000000000000000000000000000000000048
:1008B0000000000000000000000000000000000038
:1008C0000000000000000000000000000000000028
:1008D0000000000000000000000000000000000018
:1008E0000000000000000000000000000000000008
:1008F00000000000000000000000000000000000F8
:1009000000000000000000000000000000000000E7
:1009100000000000000000000000000000000000D7
:1009200000000000000000000000000000000000C7
:1009300000000000000000000000000000000000B7
:1009400000000000000000000000000000000000A7
:100950000000000000000000000000000000000097
:100960000000000000000000000000000000000087
:100970000000000000000000000000000000000077
:100980000000000000000000000000000000000067
:100990000000000000000000000000000000000057
:1009A0000000000000000000000000000000000047
:1009B0000000000000000000000000000000000037
:1009C0000000000000000000000000000000000027
:1009D0000000000000000000000000000000000017
:1009E0000000000000000000000000000000000007
:1009F00000000000000000000000000000000000F7
:100A000000000000000000000000000000000000E6
:100A100000000000000000000000000000000000D6
:100A200000000000000000000000000000000000C6
:100A300000000000000000000000000000000000B6
:100A400000000000000000000000000000000000A6
:100A50000000000000000000000000000000000096
:100A60000000000000000000000000000000000086
:100A70000000000000000000000000000000000076
:100A80000000000000000000000000000000000066
:100A90000000000000000000000000000000000056
:100AA0000000000000000000000000000000000046
:100AB0000000000000000000000000000000000036
:100AC0000000000000000000000000000000000026
:100AD0000000000000000000000000000000000016
:100AE0000000000000000000000000000000000006
:100AF00000000000000000000000000000000000F6
:100B000000000000000000000000000000000000E5
:100B100000000000000000000000000000000000D5
:100B200000000000000000000000000000000000C5
:100B300000000000000000000000000000000000B5
:100B400000000000000000000000000000000000A5
:100B50000000000000000000000000000000000095
:100B60000000000000000000000000000000000085
:100B70000000000000000000000000000000000075
:100B80000000000000000000000000000000000065
:100B90000000000000000000000000000000000055
:100BA0000000000000000000000000000000000045
:100BB0000000000000000000000000000000000035
:100BC0000000000000000000000000000000000025
:100BD0000000000000000000000000000000000015
:100BE0000000000000000000000000000000000005
:100BF00000000000000000000000000000000000F5
:100C000000000000000000000000000000000000E4
:100C100000000000000000000000000000000000D4
:100C200000000000000000000000000000000000C4
:100C300000000000000000000000000000000000B4
:100C400000000000000000000000000000000000A4
:100C50000000000000000000000000000000000094
:100C60000000000000000000000000000000000084
:100C70000000000000000000000000000000000074
:100C80000000000000000000000000000000000064
:100C90000000000000000000000000000000000054
:100CA0000000000000000000000000000000000044
:100CB0000000000000000000000000000000000034
:100CC0000000000000000000000000000000000024
:100CD0000000000000000000000000000000000014
:100CE0000000000000000000000000000000000004
:100CF00000000000000000000000000000000000F4
:100D0000000000000000000070B50446E0F328F188
:100D1000002144220546E1F393F16369152B2B6012
:100D200001D0162B01D9104B6B606B68C3B1AC605E
:100D30002046EAF3DFF1E8602046EAF3A3F1064635
:100D400018B920460121EAF3DBF16B6820469B6865
:100D5000984705462EB920463146EAF3D1F100E026
:100D60001D46284670BD00BFA4FE01002DE9F047D6
:100D700004460F4691469846EAF384F1054618B9B1
:100D800020460121EAF3BCF12046EAF37BF1C0B131
:100D90002046EAF36DF1A0B92046FFF7B5FF824681
:100DA00090B12046ECF7C9F9DAF8043050465E6994
:100DB00039464A464346B04706462046ECF7BBF95B
:100DC00004E06FF0180601E04FF0FF361DB9204631
:100DD0002946EAF395F13046BDE8F0870523C0F8CF
:100DE00094312023C0F89C31234B01221B68C0F8AA
:100DF0009821C0F8AC214FF06402C0F8B0214FF048
:100E00000602002BC0F8C02140F23C720CBF072341
:100E10000023C0F8C4214FF00802C0F8A031C0F888
:100E2000C8214FF010034FF01502C0F8A431C0F8EC
:100E3000B831C0F8BC31C0F8CC21C0F8D03103D0F3
:100E40000E4B1B68013B00E003231C22C0F8D43189
:100E50000423C0F8D831C0F8DC21C0F8E8310C22F6
:100E60000623C0F8E021C0F8EC3110220023C0F8BE
:100E7000E421C0F8F0317047EC260000D4250000D2
:100E8000D0F8101238B5044669B18068E1F38CF6E9
:100E9000D4F810120546E822A068E5F329F70023EC
:100EA000C4F8103200E00D46284638BD1FB5044690
:100EB00006238068E8210393E5F30AF7C4F81002DB
:100EC00068B10021E822E1F3BBF000230093A068A1
:100ED000D4F8101203AA1C23E1F3FEF601E04FF050
:100EE000FF3004B010BD00002DE9F0418AB01D466E
:100EF000DDF84080944B0846C3F800801146174641
:100F0000E8F35CF6002800F0198128464FF40771D9
:100F1000E5F3DEF60446002800F0118100214FF4CD
:100F20000772E1F38DF0A560C4F814802046FFF746
:100F300055FF864B1E68C4F80C621EB13678003629
:100F400018BF0126824B04F128001A680121002AEB
:100F500014BF31221122E1F391F700230093019392
:100F60000293384629464246119B05F0D7FCE060C3
:100F7000002800F0DB80E9F375F72060E068E9F312
:100F80008FF76769734A7B68734903F0010383F045
:100F90000103D4F800C0002B18BF114684F8763145
:100FA00040F629039C456060D4F808E0E26807F544
:100FB000007303D110B107F5087701E007F5047756
:100FC0000097D4F8B8010190D4F8BC010290D4F88D
:100FD000C40103904FF0FF300490D4F8C001059095
:100FE00008200690002007907046EEF7A9FF606287
:100FF000002800F09B80D4F80C12B1B10B78A3B19B
:10100000E3F3F6F555492246D4F80C02E1F3B8F5BE
:10101000D4F80C0252492246E1F3ECF52EB12046F9
:10102000FFF744FF002840F0818001210A46606AF2
:10103000E3F3E6F520460021E2682B4603F09EFB31
:101040002061002872D000210B462046454AE5F376
:10105000A1F10023C4F8900184F879314248E6F305
:1010600005F610B3E1F334F2012383403F48C4F89E
:101070008031E6F3FBF510B1E1F32AF208B1D4F8C0
:101080008001C4F884013A490020E1F375F4030CAF
:10109000A4F88831A4F88A013BB100212046354AE2
:1010A0000B46E5F377F1C4F88C0100203249E1F3F7
:1010B00063F4012809D184F8160230490020E1F3D5
:1010C0005BF4012804BF2E4B18602046E8F3D6F3EA
:1010D00018B30020C4F8A0012A49E1F34DF428B167
:1010E000012384F8F9312848EEF7F4FB0020274962
:1010F000E1F342F488B125490020E1F33DF44FF0DB
:10110000807300F00F000AA901F8010D4FF440723E
:10111000009320460F23E1F77FFD1D481D4922461D
:10112000E5F3E8F41C48EBF7D3F808E0A0682146A3
:101130004FF40772E5F3DCF5002400E00446204696
:101140000AB0BDE8F08100BFF4260000BC26000014
:10115000EC260000AE278600B6278600DD9B8000C7
:101160005129000065A68000052886000E2886000B
:1011700017288600499B80001F28860084BA01003A
:10118000900802002A2886003428860095BA0100BB
:101190004D288600E59A8000D596800038B5002558
:1011A000044680F87551006903F022FB2046E8F3FD
:1011B00083F5E0682946E9F33DF6D4F8900128B1BB
:1011C000E5F37CF0D4F89001E5F3C2F0D4F88C019B
:1011D00028B1E5F373F0D4F88C01E5F3B9F0E068D9
:1011E00005F014FAD4F8103223B11B7813B120465D
:1011F000FFF746FEA06821464FF40772BDE838406D
:10120000E5F376B57FB506464FF4BC714068E5F36B
:101210005FF50446C0B100214FF4BC72E0F310F753
:101220000B4B266000930B4B00250193306823463F
:1012300009490A4A0295039502F04EDE4FF496637F
:10124000C4F8603184F86451204604B070BD00BF1A
:1012500039040100C12D0000BCBA0100853B8600A5
:1012600010B5044670B1036822461868064902F0BA
:101270006BDE2368214658684FF4BC72BDE810400D
:10128000E5F336B510BD00BF853B860070B504465A
:1012900000282BD0816869B1C3689868EEF3DEF14D
:1012A000E368D0F10105A168986838BF0025EEF326
:1012B000E7F100E00D46616F0026A66529B1E368FD
:1012C000A26F5868E5F314F566672046EDF724FF32
:1012D000E36822461868074902F036DEE3682146D3
:1012E00058684FF4B072E5F303F500E00546284670
:1012F00070BD00BFEB3D860030B54FF4B07185B0D6
:1013000005464068E5F3E4F40446E0B100214FF4FB
:10131000B072E0F395F6E560A868C5F818480D4985
:1013200022460023EEF3C8F1A06060B10A4B2868A2
:10133000009300230193029303930849084A23462C
:1013400002F0CADD18B12046FFF7A0FF00242046B6
:1013500005B030BD312F0000D9E1800040BB010055
:10136000EB3D860038B50446D0F884000D4608B140
:1013700002F038FDD4F8800008B105F0F1FBE06F11
:1013800008B1FFF76DFF606F08B1FFF77FFFA0683E
:1013900008B100F003FD284621468C22BDE8384004
:1013A000E5F3A6B42DE9F04F074689B08B4600203F
:1013B0008C2190461D46139EE5F38AF404460028CE
:1013C0007BD000218C22E0F33BF62660384605F006
:1013D00083F807AB019005932A4682464FF0000937
:1013E000204641F2E4413346CDF80090CDF808B0F4
:1013F000CDF80C80049400F075FD0546002857D008
:10140000A06004F06DDB2B696060E3602D4B102160
:10141000A3642D4A3346276164643846E0F354F6EA
:101420002B6931461B6E29489A6B294BEEF752FA0D
:10143000324648461299274B8DE8800102F028FE7B
:101440000646002834D16368012783F87870DFF8F6
:10145000948036213A46D5F87C0225F095D9C4F817
:101460003C802846FFF748FF606708B3636828465A
:1014700083F8A470C4F87880FFF7C4FEE067B8B1C1
:10148000284605F011FBC4F8800088B1284602F018
:101490007FFCC4F8840058B10F4B02968DE84800D9
:1014A000039628680D490E4A234602F015DD20B147
:1014B00020465146FFF756FF0024204609B0BDE8FC
:1014C000F08F00BF55F78000FB418600848E02003C
:1014D000ACBB010029FB800099F880007CD285001C
:1014E000C5428600EFBEAD0D024B01221A70EBF72C
:1014F0002DBA00BF28090200D0F8AC1110B504467F
:1015000029B18068EEF3BCF00023C4F8AC31D4F804
:10151000C41129B1A068EEF3B3F00023C4F8C431BC
:10152000D4F8741529B1A068EEF3AAF00023C4F82A
:101530007435D4F8F81629B1A068EEF3A1F00023B1
:10154000C4F8F836D4F8FC1629B1A068EEF398F088
:101550000023C4F8FC36D4F8E036196A31B1A0682B
:10156000EEF38EF0D4F8E03600221A62D4F83C157F
:1015700029B1A068EEF384F00023C4F83C35D4F818
:10158000941729B1A068EEF37BF00023C4F89437D8
:10159000D4F8B01829B1A068EEF372F00023C4F8B3
:1015A000B03810BD10B50446006805F0DDFFD4F872
:1015B000480120B105F066FB0023C4F84831D4F897
:1015C000583113B10023C4F85831D4F83C0120B18C
:1015D00005F0F6FA0023C4F83C31D4F8400120B1FC
:1015E00001F0A6FA0023C4F84031D4F84C0120B130
:1015F00005F01CFC0023C4F84C31D4F8540120B190
:1016000005F092FB0023C4F85431D4F8600120B1F6
:1016100007F084F90023C4F86031D4F8383113B1ED
:101620000023C4F83831D4F8640120B102F040FA44
:101630000023C4F86431D4F8000520B107F062FA41
:101640000023C4F8003510BD38B503680446D0F84F
:1016500060561A495869E1F38FF1287023681849D8
:101660005869D4F86056E1F387F1E870D4F8603631
:101670001A780AB10F2A01D101221A70D4F8603603
:1016800001211A785A70D4F860562846E0F330F7F2
:10169000A870D4F86036DA780AB10F2A01D1012295
:1016A000DA70D4F860360121DA781A71D4F860461D
:1016B000E01CE0F31DF7607138BD00BF3D79860086
:1016C00052798600036870B55D690446144928465E
:1016D000E1F352F140B220B928461249E1F34CF14E
:1016E00040B2431E0E2B0ED8012803D1D4F8602639
:1016F000002304E0022806D1D4F860260123937168
:10170000D4F86026D37108492846266BE1F334F1FA
:1017100086F804012046F1F3CFF4012070BD00BF2C
:10172000C65C8600CB5C86000E5D860070B5044604
:101730002146006807F0BCF9C4F80005002852D023
:10174000206805F0F7FE2068214601F063FBC4F82D
:101750003407002849D02C4B2046C4F8583105F0F6
:101760004BFAC4F83C01002841D0204601F02CFA85
:10177000C4F8400100283CD0204607F07DF8C4F8AA
:101780006001002837D020682146A2681F4B05F071
:1017900007FBC4F87C0200282FD0204602F0D6F9BF
:1017A000C4F8640100282AD0194B00250126C4F88A
:1017B0003831A4F8305884F8885884F88A5884F866
:1017C0008968204605F072FAC4F84801002818D04C
:1017D0002368284683F8A360236883F8A9602368F8
:1017E00083F8A06070BD292070BD2A2070BD312013
:1017F00070BD322070BD352070BD392070BD3C20D9
:1018000070BD432070BD00BFEFBEADDE9D6D810099
:10181000EFBEAD0DF0B5D0F840550021AC2287B039
:1018200004462846E0F30CF46423EB85032385F893
:10183000603000220123D4F85C014FF42C5124F0D5
:10184000F1DAFF2804D1236B18691968EFF70EFF4E
:1018500021686886236BA4F8260691F84660FF2766
:10186000002100F440601A89B0F5406F14BF1420C5
:1018700028201B688DE88200039006F00306D4F848
:10188000600602968078049005F138002FF0F6DBB0
:10189000236893F84630980703D0EB8843F0200381
:1018A000EB8007B0F0BD000038B504462C498068D5
:1018B00022460023EDF300F7C4F8AC0100284DD018
:1018C000A068284922460023EDF3F6F6C4F8C401C7
:1018D000002843D0A068244922460023EDF3ECF60B
:1018E000C4F87405002839D0A06820492246002396
:1018F000EDF3E2F6C4F8F80600282FD0A0681C49E2
:1019000022460023EDF3D8F6C4F8FC0630B3A068F5
:10191000184922460023D4F8E056EDF3CDF62862AC
:10192000E0B1A068144922460023EDF3C5F6C4F8DF
:101930003C0598B1A068114922460023EDF3BCF69E
:10194000C4F8940750B10023A0680D492246EDF376
:10195000B3F6C4F8B008003018BF012038BD00BF8E
:101960003DAA81003D708100253E81009591810056
:10197000858F8100256E810089598100396B810036
:10198000496F8100F8B542F601310025FF23012699
:101990006427044680F8473680F8C434A0F8281637
:1019A00080F8286080F8687780F8425680F84C66A6
:1019B00080F8435680F8496680F8465602214FF079
:1019C000FF3203F0D5DF204631462A4603F0D0DF50
:1019D00020460C214FF0FF3203F0CADF20460B21D6
:1019E0002A4603F0C5DF20460E214FF0FF3203F0F8
:1019F000BFDF20460D212A4603F0BADF20460F2123
:101A00004FF0FF3203F0B4DF04210222204603F03E
:101A1000AFDFD4F86036032284F848669A71D4F8B0
:101A2000603640F62A11DA71A4F82A16A4F82C16AA
:101A3000A4F82E16A4F83016A4F83216A4F834161A
:101A4000A4F8361640F62B11A4F838162168A4F82D
:101A50007A5581F89550A4F83E260222A4F8402633
:101A600004220721A4F83C260F22A4F83A16A4F871
:101A70007C58A4F87E7884F8EA5184F8EB5184F815
:101A80001E5284F8EE5184F8EC5184F8FA6184F81F
:101A90000B5784F80C2784F8A0542346D3F89024DD
:101AA000C3F88022957101350433042DF6D12368E3
:101AB0000025012684F850574FF0FF3283F84D601F
:101AC0005A63236804F5CC6783F8426023680B22CD
:101AD00083F84350236884F8CF5183F83950236842
:101AE000381D83F8AA60236884F8DF5184F8E06128
:101AF000C4F8E45184F8E1512946DD66E0F3A0F230
:101B0000DD2384F864360923032284F86536B81D82
:101B10001A49E0F331F2022384F86936236884F825
:101B2000566584F8576583F84C506423A4F88C38C4
:101B3000236884F89257A4F8905793F846209207A8
:101B40000CD093F94C304BB1D4F8FC042430F3F3AF
:101B50007FF3D4F8FC043230F3F37AF322680123E4
:101B60004FF4487184F82538A4F85C1782F8A23045
:101B70002368FF2283F8B520F8BD00BFB5B7010088
:101B800041F2E443984240F0C88044F22033994245
:101B900000F0C58044F22533994200F0C08044F241
:101BA0000333994200F0BB8044F22133994200F0A4
:101BB000B68044F22433994200F0B18044F21833E5
:101BC000994200F0AC8044F21933994200F0A780AA
:101BD00044F21A33994200F0A28044F21133994240
:101BE00000F09D8044F21333994200F0988044F253
:101BF0001233994200F0938044F21433994200F07A
:101C00008E8044F21533994200F0898044F21633F5
:101C1000994200F0848044F21B3399427FD044F211
:101C20001C3399427BD044F21D33994277D0A1F501
:101C30008643A3F1280292B2022A70D92B3B9BB2B1
:101C4000022B6CD944F24133994268D044F24033BC
:101C5000994264D0A1F58643503B9BB2022B5ED9DA
:101C600044F2533399425AD044F25733994256D0F2
:101C70004AF69D13994252D044F2543399424ED0C1
:101C800044F22F3399424AD044F22E33994246D03F
:101C900044F23433994242D044F2353399423ED033
:101CA00044F2363399423AD0A1F58643A3F1370284
:101CB00092B2022A33D944F2167291422FD044F2E2
:101CC000277291422BD044F24332914227D0A3F1A4
:101CD000600292B2012A22D9A3F1460292B2022AEC
:101CE0001DD9A3F1310292B2012A18D9553B9BB2FA
:101CF000012B14D9A1F58643583B9BB2012B0ED979
:101D000044F2633399420CD044F27030C0EB010CC2
:101D1000DCF1000040EB0C00704700207047012010
:101D2000704701207047836B70B5002583F84C50D5
:101D3000C36B012683F84C600446816BE3F7BDFA60
:101D4000E16B2046E3F7B9FA29462046F8F300F0A4
:101D5000A36B204683F84D50E36B314683F84D501A
:101D6000D4F860364FF0FF35DE72D4F860369D81CE
:101D7000F7F3EEF7D4F860369B78B3420CD9A36B37
:101D8000FF2283F84D50E36B83F84D20B4F8CB3439
:101D900043F08003A4F8CB3470BD0000F8B50446CE
:101DA000002800F09A8001F0BFFB0646204603F0B1
:101DB0003DDF00B90136D4F8F01649B16068D4F8B7
:101DC000F426E4F395F70023C4F8F436C4F8F036AB
:101DD0002046D4F81815FAF35DF62046D4F8D81644
:101DE000FAF358F6D4F820152046FAF353F6D4F84F
:101DF0002C1521B160684FF49662E4F379F7D4F8BA
:101E00007C0220B104F0F6FF0023C4F87C322546A2
:101E100004F1200706E0D5F84C1211B120461DF060
:101E20000BDB0435BD42F6D10121204633F09ADCAC
:101E3000204601F00FFE276BB96911B1204632F040
:101E400025DF0025BD61D4F85C0101F0F5FE2046D8
:101E5000FFF752FB2046FFF7A5FB2046D4F82C18CD
:101E6000E1F7F4FDC4F82C58D4F8B85406E029463C
:101E700060681022EF68E4F33BF73D46002DF6D191
:101E8000C4F8B85420681649224602F05DD8D4F848
:101E9000340718B100F098FFC4F83457D4F868013B
:101EA00020B106F0E3FD0023C4F86831D4F8181718
:101EB00051B16068D4F81C27E4F31AF70023C4F882
:101EC000183701E008F080DFD4F8782220466168F6
:101ED000002AF7D100F002FC00E006463046F8BDCB
:101EE000BB5C86002DE9F04F8DB00692DDF85C807A
:101EF0001A9A9946002307910A9300920746414691
:101F00000698189A199B9DF858B0DDF86CA009F056
:101F100055F8064610B11E230A9320E3FFF7E4FAB2
:101F2000404649460AAA00F0C7FC0446002800F0D3
:101F30001683D0F86036FF22C0F80480056883F865
:101F40001C21836B87600363436B4946C362AE4BBE
:101F5000C5F80490C5F8B0301A9BC5F80C80C0F8DD
:101F60007831032385F821B080F869374FF0FF33CB
:101F7000C0F8CC3880F89D61FFF704FD2046F9F3E6
:101F80001FF7204604F064FF0646002840F0F48264
:101F90002046394642464B4606F0D4FCC4F8680158
:101FA00008B91F23B0E2994B02968DE848000396CA
:101FB0009749984A2346206801F08EDF964B029697
:101FC0008DE8480003969549954A2346206801F01C
:101FD00083DF189A199B02921A9A0393049220465F
:101FE0000799069A4B46CDF800B0CDF8048001F071
:101FF00011FB06460A90002840F0BE822369186E45
:10200000EBF7CFF8A4F8BE082046F7F389F508B936
:10201000142379E231460BAA2046F9F30DF231463A
:102020002046BDF82C200136F9F310F2062EF1D12E
:10203000012785F89A7004F5BE72206905F1140134
:102040001AF050DC77496869E0F396F47649064661
:102050006869E0F391F47549A4F862086869E0F3EF
:102060008BF4B4F86238A4F86408A4F87837A4F8BC
:102070007A076F496869E0F37FF46E49A4F8540861
:102080006869E0F379F484F856086B496869E0F30D
:1020900073F484F8580869496869E0F36DF484F8CA
:1020A0005A0867496869E0F367F484F85708654996
:1020B0006869E0F361F484F8590863496869E0F3FA
:1020C0005BF484F85B0861496869E0F355F484F8CF
:1020D0005C085F496869E0F34FF484F85E085D4985
:1020E0006869E0F349F484F860085B496869E0F3E3
:1020F00043F484F85D0859496869E0F33DF484F8D5
:102100005F0857496869E0F337F484F861082046AE
:10211000FFF79AFAD4F86036226B84F8F07784F8E7
:10212000F17710691978DA78F0F7D7F8E26A206960
:102130000023C118D1F8A070D1180433182B4F60B8
:10214000F7D104F5CB7739461AF0FCDC062205F10D
:102150004E003946DFF310F7B4F8823144F21D32F5
:1021600093421DD00AD844F21632934218D044F25A
:102170001A32934214D044F213320DE044F22A3260
:1021800093420DD002D844F2213205E044F22D32C0
:10219000934205D044F25232934201D0002300E032
:1021A00001230E3354F8233020462363FFF78AFAC5
:1021B00008B91823A8E1216B0F2240F2FF33A1F8E0
:1021C0000621A1F8083101F1FC0201F580732046D7
:1021D00000F088FF236BD3F8FC20C3F8F820C3F885
:1021E000F020D3F80021C3F8F4201A68022A07D19E
:1021F00001225A75236B204603215A7D03F0B8DB78
:10220000F2072FD500222EE00FE65A0579DB810078
:1022100078D48500BB5C8600A9360000F4BC0100C0
:10222000F7BB0100D6688600E2688600F568860084
:10223000076986001C6986002B6986003A6986005A
:10224000496986005A6986006B6986007C69860048
:102250008A69860098698600A6698600B669860044
:10226000C6698600012285F8462020460A2103F02F
:102270007FDB216B20461C31FBF3D8F37F23216BDE
:1022800000932368002293F8463001F11C0003F00C
:1022900003035031019313462EF02EDF2046F7F34F
:1022A00099F44FF4D163C4F874382046FFF73EFA2E
:1022B00007460A90002840F05F8120464946FFF714
:1022C000F3FA08B920231FE1204601F0BDFCC4F851
:1022D0005C0108B9212317E12046FFF79BFA394634
:1022E000A74AA84B20460097019406F017FCA64B7E
:1022F0001A1D07CA1B688DE80700072120462246E1
:1023000008F0B4DC04212046A04AA14B00970194B8
:1023100006F004FC0028C4F88C0701DA2223F3E05D
:102320002046414608F026DD08B96423ECE04FF072
:10233000FF33C4F80408974900932046964A974B08
:1023400000F062DEC4F82C08002800F01581204659
:1023500001F08BFB08B12323D6E02368062293F813
:10236000A130A5F86420012B02D14023A5F86430E8
:10237000D5F88C3006221A804FF439725A80D5F87D
:102380009030C422012704F5007120461F805A8036
:10239000063109F0C3DCD4F83C010EF04DDD08B184
:1023A00084F8CF71022384F8C0341E2384F8CB3420
:1023B000102384F8CC34236B5B89022B02D81C23B6
:1023C00084F8CB34FF23002184F8CA3484F8C9345C
:1023D00084F8C8342046F8F35FF12368002783F8B7
:1023E000B4704FF0FF33C4F8D43120463946F3F3CC
:1023F0006BF1204684F8DC71FFF795FC330748BF8A
:1024000084F8DC71F00603D520460021F3F35CF17B
:10241000B1070ED5A26B002382F84D30E26B82F833
:102420004D30B4F8CB3423F080031B041B0CA4F80C
:10243000CB34720703D520460021F7F3A9F4330605
:1024400007D5B4F8CB3423F010031B041B0CA4F8FD
:10245000CB34236893F842309BB116F0600F10D054
:1024600006F0200106F040022046002914BF00219A
:102470006FF00001002A14BF00226FF0000200F08C
:1024800093FB02238DF8203000238DF821308DF846
:1024900022308DF823308DF824308DF82530B4F8B3
:1024A000823144F21D3293421DD00AD844F21632D2
:1024B000934218D044F21A32934214D044F21332A9
:1024C0000DE044F22A3293420DD002D844F2213278
:1024D00005E044F22D32934205D044F25232934249
:1024E00001D0002600E0012606F10E0754F82790DF
:1024F00008A920464A4632F08BDBC9F8180054F888
:102500002710886910B937230A9335E044305031D9
:102510002822DFF331F554F8273020469B699E626C
:10252000EB6D43F00403EB651D4BC8F80C40C8F895
:102530000830EDF725FDBAF1000F02D00023CAF8EC
:102540000030236817495869E0F342F280B1002156
:102550000A46E0F3FDF0144BC0B2186008E0BAF18F
:10256000000F04D00A9B0024CAF8003000E0544653
:1025700020460DB0BDE8F08F2046FFF70FFCEEE7D8
:1025800039AE820001AE8200CCBD0100D5A1810030
:10259000ADA181002D57810041578100195781005D
:1025A000B542820003BC0100D008020009212023AB
:1025B000082210B50161102481610121036043608C
:1025C000426140F23C73C161046282634024002294
:1025D000416440F29E318360846204230F240264CC
:1025E000C164426603210222C3604362C362046382
:1025F0004363016542658365C165026610BD38B5F8
:1026000005460C46002928D0496D11B1C022E4F3DB
:102610006FF3D4F88C1039B128464FF43972E4F3D3
:1026200067F30023C4F88C30D4F8901031B12846F9
:10263000C422E4F35DF30023C4F89030E16929B1CA
:1026400028466822E4F354F30023E3612846214638
:10265000B822BDE83840E4F34BB338BDF8B51646B0
:10266000B82205460F4609F029DF044610B940F2AA
:10267000E9332BE028463946682209F01FDFE06184
:1026800010B940F2044321E0FFF790FF2846394695
:10269000C02209F013DF606510B940F2EB3315E09A
:1026A000284639464FF4397209F008DFC4F88C0027
:1026B00010B94FF47B7309E028463946C42209F06B
:1026C000FDDEC4F8900038B940F2ED3321463360A6
:1026D0002846FFF794FF00242046F8BD38B50D4684
:1026E0000446002800F0E780D0F8181539B12846D4
:1026F0004FF48472E4F3FCF20023C4F81835D4F8E4
:10270000201539B128464FF48472E4F3F1F2002326
:10271000C4F82035D4F8B41439B1284640F2AC429C
:10272000E4F3E6F20023C4F8B434D4F8401531B130
:102730002846AC22E4F3DCF20023C4F84035D4F898
:102740006C1229B1284609F01BDE0023C4F86C3254
:10275000D4F8FC1431B128464022E4F3C9F2002336
:10276000C4F8FC34D4F8841669B123685BB1DB6922
:102770004BB19B690C2201335A432846E4F3B8F26B
:102780000023C4F88436D4F8BC1419B12846B42206
:10279000E4F3AEF2D4F8901421B128464FF4AE62BF
:1027A000E4F3A6F2D4F8581631B128463822E4F3FF
:1027B0009FF20023C4F85836D4F8601639B1284681
:1027C0004FF49072E4F394F20023C4F86036D4F826
:1027D000F81731B128461022E4F38AF20023C4F836
:1027E000F837D4F8D81639B128464FF48472E4F398
:1027F0007FF20023C4F8D836D4F8E01631B1284669
:102800002422E4F375F20023C4F8E036D4F8EC1681
:1028100031B128466822E4F36BF20023C4F8EC36A9
:10282000D4F8441731B12846EC22E4F361F20023D6
:10283000C4F84437A16B21B128464FF40672E4F383
:1028400057F2636B7BB1996A31B180222846E4F379
:102850004FF2636B00229A622846616B2C22E4F3EC
:1028600047F200236363216821B12846FFF7C7FEC2
:10287000002323602369B3B1D3F8F8101822284647
:10288000E4F336F223690022D96FC3F8F82019B1B6
:1028900028465822E4F32CF228462169FC22E4F36E
:1028A00027F2002323612846214640F6D402BDE8E2
:1028B0003840E4F31DB238BD2DE9F041164640F62C
:1028C000D40205460F4609F0F9DD044600283DD044
:1028D0002623C0F82838394628463246FFF7BEFE80
:1028E0002060002800F01A81904B04601B68394674
:1028F000C0F89C30FC22284609F0E0DD80462061CB
:1029000010B940F2ED3308E18460394628461822B8
:1029100009F0D4DDC8F8F800C0B12846394658227D
:10292000D4F8108009F0CADDC8F87C0070B12369C2
:102930002846DA6F39462C32C3F880204FF484726F
:1029400009F0BCDDC4F8180530B902E040F2EE33FE
:10295000E3E040F2EF33E0E0284639464FF484727A
:1029600009F0ACDDC4F8200510B94FF47C73D4E055
:102970002846394640F2AC4209F0A0DDC4F8B40460
:1029800010B940F2F133C8E028463946AC2209F0CC
:1029900095DDC4F8400510B940F2F233BDE0394688
:1029A0002846ECF703FF0146C4F86C0210B940F268
:1029B000F333B2E020461CF0D1D8284639464022F5
:1029C00009F07CDDC4F8FC0410B94FF47D73A4E079
:1029D00023680C22DB6928469B69394601335A4338
:1029E00009F06CDDC4F8840610B940F2F53394E0C8
:1029F00028463946B42209F061DDC4F8BC0410B998
:102A000040F2F63389E0284639464FF4AE6209F0C9
:102A100055DDC4F89004A8B100F5AE73C4F8943441
:102A200000F52E7300F582600430C4F89C04C4F8ED
:102A3000983428463946382209F040DDC4F8580653
:102A400030B902E040F2F73367E04FF47E7364E0A0
:102A5000284639464FF4907209F030DDC4F860061C
:102A600038B128463946102209F028DDC4F8F807A5
:102A700010B940F2F93350E0284639464FF48472D9
:102A800009F01CDDC4F8D80610B940F2FA3344E06E
:102A900028463946242209F011DDC4F8E00610B9B1
:102AA00040F2FD3339E028463946682209F006DD58
:102AB000C4F8EC0610B940F2FE332EE02846394641
:102AC000EC2209F0FBDCC4F8440710B940F2FF33F4
:102AD00023E0284639464FF4067209F0EFDCA06384
:102AE00058B100F58670E063394628462C2209F07B
:102AF000E5DC8046606330B902E040F201430CE05F
:102B000040F2024309E028463946802209F0D6DC2B
:102B1000C8F8280038B940F20343336020462946FC
:102B2000FFF7DCFD00242046BDE8F081BC26000054
:102B300070B50446002834D0054600F12806D5F8C3
:102B4000501221B12368F4225868E4F3D1F004351F
:102B5000B542F4D1A16B69B194F8A3331BB12368DA
:102B60009868ECF37BF52368A16B9868ECF388F523
:102B70000023A363D4F8781221B12368E8225868AF
:102B8000E4F3B6F0236822461868064901F0DCD960
:102B90002368214658684FF46A72BDE87040E4F338
:102BA000A7B070BD67898600D0F84031481C18BFB7
:102BB00083F89C13501C83F89E1383F89F2318BF3F
:102BC00083F89D2370470000F0B54FF46A7185B01B
:102BD00005464068E4F37CF00446002800F0C68017
:102BE00000214FF46A72DFF32BF225606868E82158
:102BF000E4F36EF0C4F87802002800F0A980002108
:102C0000E822DFF31DF2202084F8A20308214FF40C
:102C10007A70E174217560860621C82001230022A4
:102C200084F82710A086FF21052602202768A372BA
:102C30006373A373E37384F8943384F8953384F84F
:102C4000963384F8973384F8983384F8993384F86A
:102C50009A3384F89B33A37484F828102274627426
:102C60002273E27284F8296084F82A2084F82B0009
:102C70003F6897F8A17084F89E139F420CBF1F46CF
:102C8000032784F89F134FF4006184F82C70E163EC
:102C900084F82D306675A075234605210220013287
:102CA000D975D8770133082AF7D1002701262046A5
:102CB00084F82E7084F82F6009F0E4DE204685F851
:102CC000C3640BF0FFDC042128462A4A2A4B0097F4
:102CD000019405F023FFB842606039DB274B286878
:102CE0000093274B27490193274B284A03932346F8
:102CF000029701F0F1D8074650BBA8682449224644
:102D00003B46ECF3D9F4A06310B3224B84F87C6209
:102D10001A1D07CA1B688DE80700224628460621AF
:102D200007F0A4DFFF2384F8A1332B68204693F833
:102D300042100CF027DDC823C4F8E03220460BF027
:102D400007DF20463146EDF7EEF884F8A3730DE077
:102D5000D4F8781219B16868E822E3F3C9F721467C
:102D600068684FF46A72E3F3C3F70024204605B0A5
:102D7000F0BD00BF95CB82001DCB820045CF820005
:102D80001D8D0000A0E0850079D98200678986004A
:102D9000D98B0000DCBD010070B50A4B86B00D4632
:102DA0006C4603F1180618685968224603C20833B6
:102DB000B3421446F7D1284669461822DFF3DCF007
:102DC00006B070BDE5B7010070B5D0F8AC6304463D
:102DD000D0F8B053304600F07BF8D4F8D013B06888
:102DE000ECF33CF4B068D4F8D013ECF349F40023CE
:102DF0002246C4F8D0332846054901F0A5D8E86832
:102E000021464FF47E72BDE87040E3F371B700BF16
:102E1000AB9986002DE9FF413C23C1F824370523F7
:102E2000C1F8283705460F46C0684FF47E71E3F3BA
:102E30004FF7044600283DD000214FF47E724FF03A
:102E40000008DFF3FDF0C4F8AC73C4F8B05384F8A5
:102E500001802046E6F7DEFBC4F8C003384600F0E8
:102E60004DF8064638B12146E8684FF47E72E3F328
:102E70003FF744461EE0204604F56371FFF78CFFE0
:102E8000B8680E4922463346ECF316F4C4F8D00372
:102E900078B120460FF09ADC094B28460093094B85
:102EA00009490193094A23460296039601F014D872
:102EB00000E00446204604B0BDE8F0818D25830083
:102EC0009D118300DB060100BCBE0100AB998600AA
:102ED00038B5D0F8305704466DB10749224600682E
:102EE00001F032D8606829464FF40A62E3F300F734
:102EF0000023C4F8303738BD529E8600F0B54FF439
:102F00000A6185B004464068E3F3E2F6054620B95D
:102F1000C4F830074FF0FF30D4E000214FF40A62CC
:102F2000DFF38EF0226805F120032B6000260823D2
:102F30006B612E61DC2113662046634A634B009669
:102F4000019405F0EBFDB042A86105DA2046FFF7D9
:102F5000BFFF6FF00100B5E05D4B002243F8042B8A
:102F6000F2071FD55B4901270A780D2A07FA02FEEE
:102F700003DCD21917FA02F001E04FF40040CA78DE
:102F8000012111FA02F70D2A47EA0E0747EA00006D
:102F900003DC521811FA02F201E04FF4004202433E
:102FA00043F8042CB00723D54A4901274A7853F83F
:102FB00004EC0D2A07FA02FC03DCD21917FA02F01E
:102FC00001E04FF400408A78012111FA02F70D2A3E
:102FD00047EA0C0747EA000003DC521811FA02F234
:102FE00001E04FF40042024342EA0E0243F8042C8F
:102FF000710723D5374901270A7953F804EC0D2AC4
:1030000007FA02FC03DCD21917FA02F001E04FF4D0
:1030100000404A79012111FA02F70D2A47EA0C070C
:1030200047EA000003DC521811FA02F201E04FF403
:103030000042024342EA0E0243F8042C320723D531
:10304000244901278A7953F804EC0D2A07FA02FC77
:1030500003DCD21917FA02F001E04FF40040CA79FC
:10306000012111FA02F70D2A47EA0C0747EA00008E
:1030700003DC521811FA02F201E04FF4004202435D
:1030800042EA0E0243F8042C0136102E7FF465AF9D
:10309000114B002603933146104A234620680096C0
:1030A0000196029600F018DF0D4B1A1D07CA1B6827
:1030B0008DE8070020460321224607F0D7DDC4F83B
:1030C0003057304605B0F0BD01578300A15683004C
:1030D0008427000090E085009D508300529E86006A
:1030E0000CC0010030B58C8942F25605AC4208D8BC
:1030F00042F25505AC4223D242F25005AC422FD1E8
:1031000008E042F260018C421FD04EF2F5418C4241
:1031100026D11FE0C989012904D16FF03B0111605C
:103120000F2103E06FF0450111601421196003685D
:10313000D3F88030DB0418D51368023B136030BD30
:103140006FF04A011160142208E06FF04A0111602B
:103150000F2203E06FF09501116096221A6030BDD6
:103160006FF04A01116014221A6030BD38B5044670
:103170000625E06820B1044B1B6898470023E360F4
:103180000434013DF5D138BDE0A68500436C1F2B0A
:1031900005D84FF00070184100F001007047002082
:1031A0007047016EB0F84A3010B58A6AB3B1FF2B90
:1031B00016D9180B0138012814D803F47060000ADE
:1031C00009280FD878B103F0F00090280AD803F04E
:1031D0000F0009288CBF0020012004E0184602E0FF
:1031E000012000E00020CC6A41F2E4418C4215D17C
:1031F000A2F582610739012903D83F2B98BF00202F
:1032000010BD40F20C418A4207D040F221418A426F
:1032100004D1502B98BF002010BD002010BDC36EFC
:103220004FF0407030B5C3F8600100201CE011F889
:10323000034C11F8045C240444EA056411F8015CB1
:1032400007302C4311F8025C44EA0524C3F86441BA
:1032500011F8064C11F8075C240244EA054411F801
:10326000055C2C43C3F8644107319042DFD330BD85
:1032700090F85E3010B504463BB9044B04491A6817
:10328000FFF7CDFF012384F85E3010BD3CB0020093
:1032900040B00200D0F8501810B5044641B1D0F843
:1032A0004C2840689200E3F323F50023C4F850381B
:1032B000D4F8481859B16068DFF376F46068D4F840
:1032C0004818E822E3F314F50023C4F8483810BD89
:1032D0002DE9F04F036804698BB0DE698246E36B29
:1032E000174608A80821684ADEF3EEF6E368002BCB
:1032F00040F0BE80E16E206E01F50071D4F80090C0
:10330000E1F3D2F2A36801469868ECF36BF1002870
:1033100000F0B780226EE16E17B101F5007300E096
:103320003B4601F5087107B137688DE88200716886
:103330004FF0FF370291B16804970391F168DFF80D
:1033400054810591A1684846D1F82818CDF81C8011
:10335000069108A9ECF7F4FD0025E060E36E009506
:103360003268029501920395049705950695CDF86C
:103370001C80834608A9226E03F510734846ECF7BB
:10338000DFFDE36E206100953268C5EB0B0EDEF1C8
:10339000000B4BEB0E0B01920295039504970595DC
:1033A0000695CDF81C80A84208BF4BF0010B08A978
:1033B000226E03F520734846ECF7C2FDE36E6061B0
:1033C000009532680295019203950497059506953C
:1033D000CDF81C80A84208BF4BF0010B08A9226E53
:1033E00003F530734846ECF7ABFDE36EA061009542
:1033F0003268029501920395049705950695CDF8DC
:103400001C80A84208BF4BF0010B08A9226E03F5EF
:1034100040734846ECF794FDE36EE0610095326836
:10342000029501920395049705950695CDF81C80A9
:10343000A84208BF4BF0010B08A94846226E03F5CD
:103440005073ECF77DFD2062A84214BF58464BF044
:103450000100A8B925460626E86830B10B4B0C4997
:10346000D3F884309847C5F8A0000435013EF3D165
:10347000A16F504608310022E6F726FE012000E049
:1034800028460BB0BDE8F08FFB418600E0A6850022
:10349000C3268600142600001FB5022303930E23C3
:1034A0000446C0F84C3838214068E3F311F4C4F8FE
:1034B0005008D0B1D4F84C2800219200DEF3C0F5BA
:1034C0006068E821E3F304F4C4F8480868B1002117
:1034D000E822DEF3B5F5012300936068D4F84818BC
:1034E00003AAB423DFF3F8F301E04FF0FF3004B098
:1034F00010BD000083680B4A5A62002380F88630B2
:103500000323A0F88C300223A0F88E300723A0F804
:1035100088300423A0F88A3042F60133A0F89C30AA
:10352000704700BF64A8E7BE70B504690546206E09
:1035300008B1E9F785FC2046FFF718FEA66F706A10
:1035400018B103F0BFFF00237362606F03F0E0FD6A
:10355000206F05F088F9616E29B12068A26EE3F34F
:10356000C7F300236366206E18B103F04FF8002301
:1035700023662046E6F7C8FD2846FFF78BFE0020AD
:1035800070BD0000C36E4FF4803210B5C3F86021E7
:10359000D3F86011D3F86441C3F86021D3F8601107
:1035A0001949C3F86411C3F86021D3F86001D3F856
:1035B0006401884223D1C3F86021D3F86011134914
:1035C000C3F86411C3F86021D3F86001D3F8640133
:1035D00088424FF0000015D1C3F86021D3F8602174
:1035E000C3F86441C3F88C01D3F82031B3F1042F40
:1035F00007D007481B1A584240EB030010BD0020BB
:1036000010BD012010BD00BFAA5555AA55AAAA5544
:10361000000400842DE9F04F04699B46E363E36FE7
:1036200097B0DDF884A0A3679DF88030A060237177
:103630000546C4F800A0204616460F46FFF75AFF7D
:10364000249B3046009304F16403019304F1680362
:1036500002935146229A239B03F060F920660028CA
:1036600000F0CF81D4F8648081494046DFF3B0F1A7
:1036700020B100210A46DFF36BF087B240467D4956
:10368000DFF3A6F148B100210A46DFF361F04FF6FF
:10369000FF7380B2984218BF064638463146FEF79F
:1036A0006FFA002800F0AF8140F612010022A4F862
:1036B0004070A4F84260206EE7F3A0F5E066206E4B
:1036C000E7F3EEF3D4F86C906064C5F80C902046F4
:1036D000FFF75CFD002800F09881206EE9F70DFCF3
:1036E0002046002118F0F8DA20464FF0FF31E6F7C7
:1036F00093FD2046FFF746FF002800F088814046F2
:103700005D49DFF339F1FF2808BF0120A4F84A0022
:103710002046FFF746FD002800F07B8157494046D0
:10372000DFF32AF1564984F848004046DFF324F1DC
:103730005449E0644046DFF31FF1236E41F26B020F
:10374000D96A206591420AD19B6A4E2B07D1B4F801
:103750004A30402B03D9E36C43F00203E364E36C8B
:10376000990604D5012120460A4619F06BDEB4F80B
:1037700042200123C4F89830B4F840002B68A5F823
:103780008221226EA5F880011A61626C9A6094F819
:10379000482083F87C202B68E26CB4F84A00C3F818
:1037A0008020226DA3F87A00C3F88420D4F89820F2
:1037B00020465A62A9682A4605F042F82067002888
:1037C00000F02981626C236E0892B4F840200690C4
:1037D000ADF830209A6BB4F842000D92DA6B059385
:1037E0000E921A6CADF832000F9294F8482004A89B
:1037F00010929A6ACDF810A01192B4F84A20CDF830
:103800001CB01292DA6ACDF82C801392E26C1492FA
:10381000226D15925A68DB6809920A9303F03AFC0C
:103820006067002800F0F980B4F8423044F21D329D
:10383000934229D00AD844F21632934224D044F25B
:103840001A32934220D044F213320DE044F22A326D
:10385000934219D002D844F2213205E044F22D32CD
:10386000934211D044F2523293420DD000260CE024
:10387000D1AD86004837860084AE8600E5AE86006E
:10388000863786009E798600012631462046E6F777
:103890005BFCA36F002E0CBF022201221A605E6047
:1038A0002B6B206E83E84400EF6AE7F3E7F2D9F868
:1038B0005C313860624A6365A365636C062101FB75
:1038C0000323A76F183BC4F8B830606F49463A68C5
:1038D000434603F065FC7862002800F0A080A36FE7
:1038E000616D586AEEF70FF9A36F03F1220200929F
:1038F00003F11C0103F11E02586A203303F00FFC90
:10390000A76F786A03F01BFC87F82800A36F2F6B62
:10391000586A03F014FC3875A76F786A03F012FC3C
:10392000A36FB861DA8B032A7BD1296B586A0861CF
:10393000988B4A8108811A8C588C8A81C8810F2201
:1039400040F2FF309A82D882314628460122FFF7A2
:10395000BFFC002867D0A26F2B68506A93F89910BB
:10396000EEF7D4F80021204618F09EDE082120460C
:10397000E6F7CEFD20461AF0CFD90095206E3149EA
:10398000314A0023E7F3F6F3204600211AF0A6D9C6
:103990002046E6F787FB002847D004F1DC052946DE
:1039A000DEF30AF62846DEF3C7F700283FD12846A3
:1039B000DEF3D2F70546002839D1204617F0D4DFD0
:1039C000A3681B68D3F89C00002834D00378002B30
:1039D0002FD01E492246DFF3D3F0A3681C491B6891
:1039E0002246D3F89C00DFF305F1A068FFF754FDF1
:1039F000E06800B3A3681B68D3F89C10E1F3F8F00B
:103A00001AE00B2518E00C2516E00D2514E00E2514
:103A100012E00F2510E019250EE010250CE011250D
:103A20000AE0122508E0132506E0152504E0162516
:103A300002E01D4600E00546284617B0BDE8F08FBD
:103A400024FF010069C1830085C1830025C0830074
:103A500049C0830010B504461BF092DE01220146E6
:103A60002046BDE810401BF0039F37B505461BF00C
:103A700087DE0023C5F84C0280F848302A680446E7
:103A800092F82F10284600914E3221461AF026DC7B
:103A900038B1284621461BF0CFDC4FF0FF3003B091
:103AA00030BD2846214603B0BDE830401BF06A9D7A
:103AB00037B50446002845D0D0F8201131B103684D
:103AC0009868EBF3DDF50023C4F8203123681A6809
:103AD00092F82F202AB3D3F8000501A931F0FADAC1
:103AE00012E043685A060FD5D4F82C51451907E067
:103AF0000B684822C5F8103123685868E3F3F8F0E2
:103B0000D5F810110029F3D101A831F0EBDA002823
:103B1000E7D106E00A685868C4F840214822E3F378
:103B2000E7F0D4F8401123680029F3D1186806495A
:103B3000224600F009DA2368214658684FF4A4723F
:103B4000E3F3D6F03EBD00BF91BA86007FB50546CF
:103B50004FF4A4714068E3F3BBF00446002855D04D
:103B600000214FF4A472DEF36BF22A4B2560009320
:103B7000294B00260193294B286803932849294A99
:103B80002346029600F0A8D92B6B1A68022A05D1A9
:103B90005B7D002B0CBF1623302300E03023A219DD
:103BA0004436B6F5887F1374EED1A8681E492A46BC
:103BB0000023EBF381F50646C4F8200130B96868AC
:103BC00021464FF4A472E3F393F01EE04FF4967392
:103BD000C4F81C3145F27353A4F838314623A4F8D5
:103BE0003A31124B0026C4F8406128468DE828007F
:103BF0004FF48A710E4A0F4B04F090FFB042C4F8A4
:103C00002C0103DA2046FFF753FF3446204604B068
:103C100070BD00BFF90C8400550301007D0A8400CB
:103C200070E3850091BA86003D068400D9128400B5
:103C3000E5128400A5128400014620B10368B02279
:103C4000D868E3F355B07047F7B506680546B0216C
:103C5000F068E3F33DF00446002800F0878000217F
:103C6000B022DEF3EDF10422266065600021C5F884
:103C70005C4101A8DEF3E4F12B6893F87C205869DD
:103C8000012A06D93A49DEF3A3F6014688B101A814
:103C900009E03849DEF370F60928034609D83649A9
:103CA00001A801EB83010322DEF382F200238DF8E9
:103CB0000730032201A904F10800DEF379F20023A2
:103CC000E3722B682D495869DEF356F6336941F2E9
:103CD0006B02D96AE06091420CD19B6A8B2B09D1AF
:103CE000022807D101A826490422DEF341F208B9CF
:103CF0000323E360336941F26B02D96A91420DD12B
:103D00009B6A932B0AD101A81E490422DEF330F2EC
:103D100020B9E368042B01D10623E360284601A9FA
:103D200021F096DD064650B9174901A80322DEF3BB
:103D30003FF2284601A98DF8076021F089DD05F5DD
:103D4000AA6701A90322002607F10A00DEF330F278
:103D50000E4985F85D6507F10E000322DEF328F2B7
:103D600085F86165204601A922F0FCD92046FEBDF8
:103D7000B3C48600B9C48600CE028600BCC48600E7
:103D8000C3C4860071C28600C6C48600CAC4860049
:103D900030B52C2185B005464068E2F399F704461A
:103DA000B8B100212C22DEF34BF10823A3610A4BAA
:103DB000256000930023019302930393074A23464F
:103DC0002868074900F088D82A68012382F89630CD
:103DD0002371204605B030BD050B850091E68600B5
:103DE00054C8010038B50446002828D00368144997
:103DF0001868224600F0A8D8636905E01D68596874
:103E000020462CF08BDD2B46002BF7D1236905E0F3
:103E10001D68596820462CF081DD2B46002BF7D118
:103E2000A16A21B1236890225868E2F361F7236800
:103E3000214658682C22BDE83840E2F359B738BD16
:103E400091E686002DE9F84305468846E7F352F1EE
:103E500000212846E7F3E4F1044628466E69AF697D
:103E6000E8F722FE0A2E814616D90F2E16D02846D4
:103E7000E9F72FF8142E054603D9A36823F00803A9
:103E8000A360A368142E43F00103A36014D9A368B0
:103E900043F00803A3600FE0022E0FD92846E8F78D
:103EA000F3FFD4F8A430054623F0FF0343F00203E8
:103EB000C4F8A430022303E0012301E0104D3023B5
:103EC000A268D20707D407F01802082A0CBFB5FB76
:103ED000F3F54FF4E11507F0030700260BE004F5B6
:103EE0004073B8F1000F05D03002181849462A4631
:103EF0000023C0470136BE42F1DBBDE8F88300BFB6
:103F000000C63E052DE9F0411646984604460D468A
:103F1000E6F3B4F7002107462046E7F381F10022DB
:103F20001346114901EB020EDEF804E0BEF1000F6A
:103F30000DD10C225343CA18CE50436A55601E431C
:103F40000A4BC2F808801E604662012504E0013376
:103F50000C32052BE5D1002520463946E7F360F108
:103F60002846BDE8F08100BF3C260000782600000E
:103F70004369142B01DD02F01FBD7047134B13B5CD
:103F80001360134601E0114C1C600433ADF17C0456
:103F9000A342F8D3033020F003000D4B091A0D4C57
:103FA0001960002323600C4C083923600B4C80E817
:103FB0000A0023600A4C22600A4C02F5A0522260DB
:103FC000094A1360094B58601CBD00BF4B41545354
:103FD000C826000088260000A4260000CC26000089
:103FE000E4080200E808020090260000C026000055
:103FF0001FB5E8200021E2F309F20C4C2060A0B1CB
:104000000021E822DEF31CF004AA012342F8043D5B
:1040100000230093064B2168186840F23C73DEF3DE
:104020005BF620680E21DEF3A1F61FBDBC26000062
:1040300010090200B1F5E06F73B504460E4615464F
:1040400006D103690091002101911E680A460CE027
:104050000D4B00221868E7F3D1F0014680B12369C7
:104060000022009601921E6820462B46B04738B1C8
:10407000064BA0611A68656122621C60002001E0A5
:104080004FF0FF307CBD00BF8C2600000C09020001
:104090002DE9F84310200C46002191469846E2F3A2
:1040A000B5F1054600B3124E3068E6F3E7F6099B1A
:1040B000074623B9306821464A46E7F39FF0306847
:1040C000E6F358F701238340EB60089BC5F80480B2
:1040D000AB60084B30681A6839462A601D60E7F308
:1040E0009FF00020BDE8F8836FF01A00BDE8F88368
:1040F0008C2600009826000007B50021E7F390F019
:10410000074B4FF400611860064B00F570601860B3
:1041100000200246044B00900190FFF7B9FF0EBD4E
:104120009C260000E00802006D60800013B5224C60
:10413000224B00211C2220460193DDF381F701234D
:1041400023601F4B1B6843F8044C00F083F9ADF566
:104150009E513C390A461B48FFF710FFE2F312F369
:1041600000F07EF8002002F0B7F9174B174C1860EA
:1041700002F0ACFB2060FFF7BFFF206800F0FAF808
:10418000E8F724FC206800F0E1F80022104811490B
:10419000E2F3B0F4002210481049E2F3ABF4104906
:1041A00000221048E2F3A6F42068FFF7E1FEFFF7D3
:1041B0001FFF20681CBD00BFEC080200ADDEADDEB5
:1041C000D4FF0100BC360300100902008C26000059
:1041D000D81F8600A9C50000DB1F8600656580002A
:1041E0008D608000DE1F860070B51C4CA668002E16
:1041F00033D112092260A38102F561424FF4E13309
:1042000092FBF3F5A0606160204603218022E2F377
:1042100053F420463146EAB2E2F34EF4204601213F
:104220002A12E2F349F4032120460A46E2F344F459
:10423000012120460A46E2F33FF4204604210822E9
:10424000E2F33AF4204602210122E2F335F44FF47E
:104250007A70BDE87040E2F37FB270BD14090200CD
:1042600038B5A4200021E2F3D1F0134C206000B354
:104270000021A422DDF3E4F64FF4806000212568DC
:10428000E2F3C4F0A860206885682DB9E2F324F059
:1042900025604FF0FF3038BD4FF48062C260456149
:1042A00000212846DDF3CCF62268044B00201A607A
:1042B00038BD4FF0FF3038BD24090200D42600007D
:1042C00070B51B4D04462B6833B91A4E33680BB9D1
:1042D000FFF7C6FF33682B602868174B586130B36F
:1042E00000230360C0F89C304360236C0E3B012B1D
:1042F00003D920461149FFF7A5FD114B9A6812B169
:104300002A68C2F89C30002407E0D2F89C0018B15B
:104310009368195DE2F3DAF301342A6813699C4269
:10432000F3D308480849E2F3E5F3014B186870BD80
:10433000D426000024090200EC080200E941020032
:1043400014090200BD218600A568800010B5402236
:10435000002306490446FFF7D5FD054B0022204601
:104360009A60BDE81040FFF7ABBF00BFA9698000AD
:10437000140902002DE9F041044600F0D5F82A485E
:10438000E7F79EFF2046E8F791FB284B284AC31821
:10439000B3FBF2F3274A20461360E8F7A4FD00F5CB
:1043A00078700730244B4FF47A75B0FBF5F0186045
:1043B000236A2249002B40F2FF33C8BF6FF07F43CE
:1043C000B3FBF0F01E4B2022186000232046FFF7BD
:1043D00099FD00201B49DEF3CFF21B4F06463860E3
:1043E000F8B12046E8F762FBB6FBF0F8A8F1020846
:1043F000B8F1000F15DD154E002134223046DDF3F3
:104400001FF6134B7460B360304605FB08F10122C0
:10441000E1F3F0F628B139682046BDE8F041E0F359
:10442000F9B1BDE8F08100BFA5C700003F420F0011
:1044300040420F00D0250000C82500000167800021
:10444000CC2500000ECA0100E82600002C0902005D
:10445000E56680000D4B00211A6842F010021A60D8
:104460001A6822F400721A60094A136843F08073D4
:1044700043F480331360074B07221A6043F8041C8F
:1044800059685A60044B20221A60704714ED00E00E
:10449000FCED00E0241000E000E400E02DE9F8432A
:1044A00004461E4690460D46E6F324F62046E6F303
:1044B000E5F44146324607462046E6F39FF620469D
:1044C000E6F358F540F62A01064600222046E6F3B8
:1044D00095F64FF00108814685B108FA06F5836923
:1044E00033EA050502D14046E7F7AAFE013601206E
:1044F000B040E7F787FEC9F818500EE0701C08FAC4
:1045000006F608FA00F0E7F79BFE4046E7F77AFE6A
:10451000D9F818301E43C9F8186020463946BDE85E
:10452000F843E6F37DB600002DE9F8430446E6F3D0
:10453000E1F5204640F60E010022E6F35FF605465F
:1045400000282FD00768D0F800802046E6F3A8F4B2
:104550000428064605D825D108F4E028B8F5403FE0
:1045600020D100204449DEF307F2D8B907F0F00764
:104570003F090FE0013F072E2F6108D90C2E06D00E
:104580002B6C03F44063B3F5406F00D010B13B4B8C
:1045900001206B61002FEDD1D5F8E83123F0100335
:1045A000C5F8E831002240F62A012046E6F326F657
:1045B000334D40F2DD5628602046E6F371F4314B6E
:1045C00018602B681A6842F080721A601A6842F00C
:1045D00002021A600022C3F8E02102E00A20E2F39E
:1045E000BBF02B68D3F8E0319B0301D4013EF5D139
:1045F00000210B4620464FF40062FFF74FFF0021D9
:104600000B46204640F61202FFF748FF00210B46FA
:10461000204640F62902FFF741FF20460121E8F736
:1046200015FA00201849DEF3A7F1F0B12046E6F3B1
:1046300025F440F62A01064600222046E6F3DEF580
:10464000D0F814900746D0F898802046E6F316F488
:104650000123834043EA09037B6148F00103C7F863
:10466000983020463146E6F3DBF52B681A6A42F0B3
:1046700003021A62BDE8F88319CA0100FF7F012115
:1046800060090200640902000ECA010010B58469C5
:10469000A068FCF783FDE068E8F7B9FB002010BDD7
:1046A00010B584690021342204F11C00DDF3C8F444
:1046B000034BA06863622462EBF7EAF8002010BDA8
:1046C00005AA80002DE9F347254D99462B6806463B
:1046D000072B0F4692463DDC01F0FEFE502180463E
:1046E000E2F3F6F20446002837D000215022DDF331
:1046F000A7F42B68A4F8149084E848002761C4F854
:104700000C80204641F2E4414A4643468DE880044D
:10471000FCF7EAFBA060F8B100200A990B9A114B54
:104720008DE84004FFF7B4FC18B1A068FCF736FD33
:1047300010E0A068E4F388F60B49A0612A683046CF
:10474000DDF3D2F409483146EBF7C4F82B680133A6
:104750002B6002E0002400E004462046BDE8FC8710
:104760006809020031AA8000D88E0200B88E0200CB
:10477000014680685022E2F3BBB200002DE9F0410F
:10478000DFF868801F4698F800300546072B14466E
:1047900021D838464C21E2F39BF20646E0B10021D5
:1047A0004C22DDF34DF498F80030B46086F84430C4
:1047B000013388F80030022386E8A000B36438464D
:1047C0000821E2F385F20446306440B1002108225A
:1047D000DDF336F400E000263046BDE8F0813146D6
:1047E0004C22E2F385F22646F6E700BF6C09020090
:1047F000C26B1AB100235362826B5362C068FFF729
:10480000B7BF00002DE9F04FD1F8FC3091B00B9309
:1048100003F56063044609933CE10E220023204621
:104820000BA9DBF351F60F28064600F03B8100226E
:1048300020460BA91346DBF347F610F00E0F40F0AD
:104840002E819A4B00F4F877334040F23B421B0A2A
:104850003F09B2EB165F04D140F6FF72934200F0BD
:10486000198100F47852510A0891002A00F012814F
:1048700000F4F82B00F47802D20C4FEA9B3B07922D
:1048800012EB0B0219D140F267318B4240F00281EA
:104890000CAB01930DAB02930EAB03930FAB0493E0
:1048A00020460BA913460092DBF3ACF5002800F07C
:1048B000F1800C9BC4F85433ECE0D4F8CC5004EBFA
:1048C0008502C2F8D462C2F8140305F1340244F838
:1048D000223000260BE0012220460BA91346DBF311
:1048E000F3F500F00E00022840F0D9800136BE42F8
:1048F000F1D100273A460CAE0DF134080DF138091C
:104900000DF13C0A20460BA93B4600970196CDF8D5
:104910000880CDF80C90CDF810A0DBF373F50246BB
:10492000C0B940238DE8480320460BA91346CDF8B3
:1049300010A0DBF367F560B90D9B002B40F0AF8052
:104940000F9F002F40F0AB800E9BB3F5805F01D02E
:10495000A5E001270C9A05F1440344F823200E9AA0
:1049600005F1740344F8232001260CAB01930DAB31
:1049700002930EAB03930FAB0022049320460BA9C6
:1049800033460092DBF33EF570B1012E0CD10E9B45
:10499000B3F5805F08D10C9905F1640244F8221048
:1049A00005F1840244F8223001360028DDD10126C9
:1049B00019E0434600E00023002200920CAA019275
:1049C0000DAA02920EAA03920FAA049220460BA9E6
:1049D000324603F10108DBF315F50028E9D1B8F1FF
:1049E000000F5CD00136089A9642E4D100261FE001
:1049F000C02300930CAB01930DAB02930EAB03935A
:104A00000FAB049320460BA932460023DBF3FAF4E4
:104A1000002844D00F9B002B41D10E9BB3F5805F43
:104A20003DD126B90C9A04EB8503C3F894220136D4
:104A30005E45DDD1002624E0802300930CAB01937A
:104A40000DAB02930EAB03930FAB0493089B204670
:104A5000012B0CBF3246721C0BA90023DBF3D2F4EE
:104A6000E8B10F9BDBB90E9BB3F5805F17D1BBF1AB
:104A7000000F05D126B90C9A04EB8503C3F89422E4
:104A8000013607998E42D7D127B9D4F8CC300133FB
:104A9000C4F8CC300B9B099A9342FFF4BEAE0023BE
:104AA000C4F8CC3011B0BDE8F08F00BF00FF0F009C
:104AB00082604160016070470EB4F3B581680446BE
:104AC000012945D908AB4068079A0193DDF3EEF35D
:104AD000431C064603D0A368023B984202DD002037
:104AE000A06036E060683D21DDF30EF340B36768F7
:104AF0002568C71B21E028463A46DDF321F2B0B90C
:104B0000EB5D3D2B13D12846DDF32AF36268471C89
:104B1000731CDB1B521BE919D2182846DDF362F225
:104B20006368DB1B6360A368DF19A76008E02B469E
:104B300013F8012B1D46002AFAD161688D42DAD3A1
:104B4000A368701C1B1AA36063681B18636000E0F5
:104B50000020BDE8FC4003B070472DE9F041551A34
:104B6000012D0C461F46069E0EDD2946E2F3B0F0ED
:104B7000804670B121462A46DDF3FEF1C7F8008079
:104B800000203560BDE8F081002018603060BDE88D
:104B9000F0816FF01A00BDE8F08100002DE9F04FC0
:104BA000A7B00E914FF480510D900F921093E2F345
:104BB0008FF00990002801F0DF8023A809994FF4B5
:104BC0008052FFF775FF4FF4805209980021DDF302
:104BD00037F200234FF0FF328DF84C3007920B93E1
:104BE000089301F094B80E9B012253F8045B0C92D9
:104BF0000E9300230A930C9A15F803B042B10BF1FF
:104C0000FF32D2B25F1CFD2A0DD8EE5D9F1C0BE077
:104C10000BF1FF32D2B2FD2A96BF5E460C9E4FF0DA
:104C2000800B5F1C00E00026BB19B3F5607F81F2AA
:104C30006B80BBF1200F28D007D8BBF1150F0DD02A
:104C4000BBF11B0F41F05A805FE0BBF1220F33D064
:104C50002ED3BBF1800F41F051805CE0EB195A7804
:104C6000EB5D1202D318072B0FDDBC1C2C198349F6
:104C7000224623A8FFF720FF2046DDF371F2FA1C3D
:104C800012187F4923A8AA180EE0EC196278EB5D90
:104C90001202D2187B4923A8FFF70EFFE378A2780F
:104CA00079491B0223A89A18FFF706FF01F026B8DE
:104CB000EB5D0A9301F022B80A9A0C2A00F0EF8704
:104CC0009DF84C30002B41F01980EB5D042B41F036
:104CD000158007F1020805EB08042046DDF33CF6D9
:104CE000002841F00B8015F80830D80701F1068044
:104CF000204613A9DDF378F4079B013340F0FE87CB
:104D0000EB199A79DB791202BFE3EB19DA7923A860
:104D10009B795E49AFE0EB5DEC19822B00F2EE87E8
:104D2000DFE813F09B00BA003001EB01AB02E701B2
:104D3000AC01B7013C01BF02D302E402E902EC0777
:104D40005002DC01EC0700031B039F0038033C0307
:104D50004A034E03F5009803EC076301B7036901AA
:104D6000EC07EC07EC07BF03D003D30324040605CC
:104D7000EC07EC07D60593008B008300900697069E
:104D80009E06A506EC07F4025F01EC07EC07FC00A9
:104D9000B807AC06EC07EC07EC07EC07EC07EC07F0
:104DA000EC07EC076F01D506E70605072307410767
:104DB0005F077D079A07A107EC077401EC07EC0772
:104DC000EC07EC07EC07EC07EC07EC07EC07EC074B
:104DD000EC07EC07EC07EC07EC07EC07EC07EC073B
:104DE000EC07EC07EC07EC07EC07EC07EC07EC072B
:104DF000EC07EC07EC07EC07EC07EC07EC07EC071B
:104E0000EC07EC07EC07EC07EC07EC07EC07EC070A
:104E1000EC07EC07EC07EC07EC07EC07EC07EC07FA
:104E2000EC07EC07EC07EC07A8074FEA960A5FFAD5
:104E30008AFA4FF0000800F0C7BD4FEA56095FFA42
:104E400089F94FF0000800F093BD4FEA56095FFA68
:104E500089F94FF0000800F07ABD23A80C4900F052
:104E60001BBFE37822791B0443EA02636278094995
:104E70001343A27823A843EA022215E7BC8F02005D
:104E8000269202007A8F02001D930200DE95020036
:104E900055910200F18E0200A27863781202D218B6
:104EA0009F4923A8FFF708FE2279E378120223A87E
:104EB0009C49D218FFF700FE062E40F21F87A27908
:104EC0006379120223A89849D218FFF7F5FD082E3E
:104ED00040F21487237AE2791B0223A893499A1897
:104EE000FFF7EAFD0A2E40F2098707F10A0807F1E9
:104EF000090415F808202B5D1202D21823A88C494A
:104F0000FFF7DAFD15F808302A5D1B0270E0A37880
:104F100062781B029A18079200F0F0BE854B0622B9
:104F2000B6FBF2F21A704FF00008994624E04346AF
:104F30001021814A1BA8DDF3C7F0434610217F4AA8
:104F40001FA8DDF3C1F06378A2781BA943EA02220F
:104F500023A8FFF7B1FD6379A2791B0443EA02633A
:104F6000E27823A8134322791FA943EA0222FFF71C
:104F7000A3FD08F10108063499F800309845D6DB06
:104F800000F0BCBE022E03D123A86D4900F084BE00
:104F9000A37862781B0223A8694984E6A278637823
:104FA0001202042E1A4405D92379E1781B0609045C
:104FB0005B181A4323A86349FFF77EFD062E40F2D3
:104FC0009D86EB199A7959791202082E0A4405D95F
:104FD000197ADB7909061B04C9180A4323A85A4920
:104FE00062E623A8594900F057BEA37862781B02F5
:104FF00023A8574957E601360023F6B20C9300F078
:105000007DBEA378627823A8524947E2494BF20853
:105010001A704FF0000899462AE043461021464A8C
:105020001FA8DDF351F043461021444A1BA8DDF3CD
:105030004BF0E37822791B0443EA026362781FA9EC
:105040001343A27823A843EA0222FFF735FDE37950
:10505000227A1B0443EA0263627923A81343A279EC
:105060001BA943EA0222FFF727FD08F101080834D3
:1050700099F800309845D0DB00F040BE23A83649AF
:105080006278FFF719FD022E40F2388623A83349D3
:1050900046E1002223A832496378FFF70DFD022E76
:1050A00040F22A86012223A82D49A378FFF704FDA8
:1050B000032E00F02186022223A82949E378FFF776
:1050C000FBFC042E00F01886032223A82449237930
:1050D000FFF7F2FC0122089200F010BE1F4962782F
:1050E00023A8FFF7E9FC23A81D490122A37800F0BB
:1050F000CEBD23A81B4900F0CFBDB31E082B00F284
:10510000FD85DFE813F00900FB05FB05FB05FB054A
:105110004C003E003800330023A8134900F0BCBD0A
:105120003E940200FF94020048930200868F020022
:105130009D9002006D09020024CA01002FCA0100DF
:10514000D2900200C1940200FE8F0200DE910200A4
:105150009D8F020078900200FD8E020036950200BD
:105160000B920200C19502007694020023A8964992
:10517000627AFFF7A1FCEB1923A894491A7AFFF78A
:105180009BFC07F10708924915F8082023A8FFF7B0
:1051900093FC23A88F4915F80820FFF78DFC4FF0EA
:1051A0000008A27863788C491202414423A8D218DF
:1051B00008F10908FFF780FC0234B8F11B0FF0D1A9
:1051C00000F09CBD142E19D0172E03D0132E40F0E2
:1051D000958519E005EB0708804998F8162023A863
:1051E000FFF76AFC7E4998F8152023A8FFF764FCB6
:1051F00023A87C4998F81420FFF75EFCEB1923A83C
:105200007949DA7CFFF758FCB146A2464FF0000816
:105210002646B278737875491202414423A8D21801
:1052200008F10908FFF748FC0236B8F11B0FF0D16E
:105230004E464FF00008227AE3796D49120241444C
:1052400023A8D21808F10B08FFF736FC0234B8F196
:10525000210FF0D100249AF80E209AF80D306549FC
:105260001202091923A8D2180B34FFF725FC212CB0
:105270000AF1020AEFD100F041BDE1786278A3782B
:105280000091217923A8019161790291A17903917B
:10529000E1790491217A05915749FFF70DFC00F05F
:1052A0002DBDA04643460024B0461E4616F8013FD9
:1052B000FF2B04D023A851492246FFF7FDFB013400
:1052C000042CF3D1464600F019BD627823A80AB138
:1052D000A3781BB94A49FFF7EFFB02E04949FFF702
:1052E000EBFBEB1923A84849DA78DDE4A378627870
:1052F00023A84649D2E0E37822791B0443EA0263FB
:10530000627823A813434249A278B4E523A841490F
:105310006278FFF7D1FB022E40F2F0843E4923A8C9
:10532000A278C1E47C1C2A5D3C4902F00F0223A84C
:10533000FFF7C2FB2A5D3A491209BC1C23A8FFF7FC
:10534000BBFB2A5D374902F0070223A8FFF7B4FB35
:105350002A5D23A8D208344919E07C1C2A5D334910
:1053600002F00F0223A8FFF7A7FB2A5D30491209BC
:10537000BC1C23A8FFF7A0FB2A5D2E4902F0070200
:1053800023A8FFF799FB2A5D2B49D20823A802F036
:10539000030289E423A8294900F07EBC28496278E9
:1053A00023A8FFF789FB2749A27823A8FFF784FBEE
:1053B00023A82549E27877E423A8244900F06CBCAF
:1053C00023A8234900F068BC3794020076940200B9
:1053D000299302005F8F0200AC910200508F0200FF
:1053E00069900200C59002006D8F02008C9302004C
:1053F0006A91020083940200DA940200138F020083
:10540000A1950200B6950200D4950200E791020032
:10541000809502004095020060910200E48E020037
:10542000C79102002F8F0200D19402001B95020049
:10543000F18F0200739502004B9502008C950200DB
:10544000F29102002E940200D4910200D092020048
:105450008690020007F1010805EB08042046DDF301
:105460007BF2002840F04A8415F80830D90700F193
:105470004584204613A9DDF3B7F0079B013340F0C4
:105480003D84EB195A799B791202D318079300F0E7
:1054900035BCA27863788F49120623A842EA03221A
:1054A00002E48D49627823A8FFF706FB8B49A278B6
:1054B00023A8FFF701FB2379E2781B0223A8884980
:1054C000FFF7F1BB23A88749E6E394F802806378ED
:1054D0004FEA082898441FFA88F883494FEAD822EF
:1054E00023A8FFF7E9FA08F4E062120A7F4923A82B
:1054F000FFF7E2FA08F0F802D2087D4923A8FFF787
:10550000DBFA08F0060252087A4923A8FFF7D4FA1A
:1055100023A8794908F00102FFF7CEFA042E40F2E1
:10552000ED832379E4781B021C19A4B27349E20AC3
:1055300023A8FFF7C1FA04F4E0627149120A23A814
:10554000FFF7BAFA04F0F8026E49D20823A8FFF771
:10555000B3FA04F006026C49520823A8FFF7ACFA2C
:1055600023A86A4904F00102FFF79EBB68496278EC
:1055700023A8FFF7A1FA4FF000086649A27823A8F4
:10558000FFF79AFACDF800802279E3781202D31857
:10559000019302226049434623A8FFF78DFACDF814
:1055A0000080A27963791202D318019302220123A9
:1055B000594923A8FFF780FACDF80080227AE379D1
:1055C0001202D3180222019323A853491346FFF76E
:1055D00073FA1E2E40F292835049627A23A8FFF795
:1055E0006BFA4F49A27A23A8FFF766FA4D49E27A8F
:1055F00023A8FFF761FA4C49227B23A8FFF75CFA46
:10560000CDF80080A27B637B1202D318019342493C
:105610000522434623A8FFF74FFACDF80080227CED
:10562000E37B1202D31801933B490522012323A8EF
:10563000FFF742FACDF80080A27C637C1202D318F7
:10564000019335490522022323A8FFF735FACDF847
:105650000080CDF80480227DE37C1202D3180293EF
:10566000324905226C234FF0010923A8FFF724FAE1
:10567000CDF80090CDF80480A27D637D1202D3188E
:1056800002932A4905226C2323A84FF0020AFFF750
:1056900013FACDF800A0CDF80480227EE37D12023B
:1056A000D3180293214905226C2323A8FFF704FA9B
:1056B000CDF80080CDF80480A27E637E1202D3185C
:1056C000029323A8194905226823FFF7F5F9CDF8BD
:1056D0000090E0E06193020010930200DA92020071
:1056E00001930200B5940200639502000F9002003E
:1056F0001C900200ED950200208F0200D093020062
:105700000A9602003D96020015920200549502008E
:105710005F8F0200E79202000A950200B493020034
:10572000AB9002006E930200C48F02008B910200C6
:105730009849627823A8FFF7BFF94FF0010896490E
:10574000A27823A8FFF7B8F9CDF800802279E37892
:105750001202D318019302220023904923A8FFF7D5
:10576000ABF9CDF80080A27963791202D3180193C6
:1057700002228A49434623A8FFF79EF9CDF800800C
:10578000227AE3791202D3180222019323A88349D3
:105790001346FFF791F91E2E40F2B0828049627ADB
:1057A00023A8FFF789F97F49A27A23A8FFF784F994
:1057B0007D49E27A23A8FFF77FF97C49227B23A861
:1057C000FFF77AF9CDF80080A27B637B1202D31831
:1057D000019372490522002323A8FFF76DF9CDF844
:1057E0000080227CE37B1202D31801936B490522CF
:1057F000434623A8FFF760F9CDF80080A27C637CC4
:105800001202D31801936549052202234FF00009C3
:1058100023A8FFF751F9CDF80090CDF80480227D40
:10582000E37C1202D3180293614905226C2323A85A
:10583000FFF742F9CDF80080CDF80480A27D637DAA
:105840001202D31802935A4905226C2323A84FF061
:10585000020AFFF731F9CDF800A0CDF80480227ECE
:10586000E37D1202D3180293514905226C2323A829
:10587000FFF722F9CDF80090CDF80480A27E637E78
:105880001202D318029323A8494905226823FFF77F
:1058900013F9CDF80080CDF80480227FE37E120258
:1058A000D31802930522682323A84149FFF704F97E
:1058B000CDF800A0CDF80480A37F627F1B029B1867
:1058C000029323A83A4905226823FFF7F5F815E269
:1058D000A27863781202D218364923A8FFF7ECF8B1
:1058E000A279637912061B04D218237923A81B021C
:1058F000D218E3783049D218FFF7DEF8122E40F2C2
:10590000FD81A27A637A12061B04D218237A2B49EE
:105910001B02D218E37923A8D218FFF7CDF8A27B97
:10592000637B12061B04D218237B23A81B02D21808
:10593000E37A2349D218FFF7BFF8A27C637C1206F2
:105940001B04D318227C12029B18E27BBBE0A278D6
:1059500063781202D31800930222434623A8194900
:1059600008F10108FFF7A8F80234C845EFDDC5E1EA
:10597000A27863781202D31800930522434623A825
:10598000104908F10108FFF797F80234C845EFDD28
:10599000B4E100BF9E910200F49202000A95020059
:1059A000C2930200B89002007D930200D38F0200E0
:1059B0008B910200C79502002895020053930200C4
:1059C000E28F0200AC8F0200CDF80080A2786378ED
:1059D0001202D318019305226C2323A8B14908F1C0
:1059E0000108FFF769F80234D045EDDD4FEA5609AA
:1059F0005FFA89F909F1010C09F10209BC44B944C3
:105A000005EB0904CDF844B04FF00008B3462E462C
:105A10006546CDF800802278C9EB04035B5D120275
:105A2000D31801930522682323A89E4908F1010891
:105A3000FFF742F80234D045EBDD35465E46DDF82F
:105A400044B05BE1A37862781B0223A89649FFF774
:105A50002AB9A37862781B0223A89449FFF723B9D7
:105A6000A37862781B0223A89149FFF71CB9A37899
:105A700062781B0223A88F49FFF715B92279E378D2
:105A800012061B04D218A3788B491B02D218637824
:105A900023A8D218FFF710F8227AE37912061B0424
:105AA000D218A37923A81B02D21863798349D2188C
:105AB000FFF702F8227BE37A12061B04D318A27ABE
:105AC00012029B18627A23A87D49FFF7ECB8A278EE
:105AD0006378120223A87B49D218FEF7EDFF042E4B
:105AE00040F20C812379E2781B0223A87649FFF764
:105AF000DAB82279E37812061B04D218A37823A817
:105B00001B02D21863787149D218FEF7D5FF062E12
:105B100040F2F480227AE37912061B04D318A279AA
:105B200023A812029B186A496279FFF7BCB8DFF814
:105B3000B4914FF00108B04580F2E0802279E3781B
:105B400012061B04D218A37849461B02D2186378A8
:105B500023A8D21808F10408FEF7AEFF0434B8F108
:105B6000190F09F11809E6D1C8E0DFF87C914FF070
:105B70000108B04580F2C2802279E37812061B0446
:105B8000D218A37849461B02D218637823A8D218EA
:105B900008F10408FEF790FF0434B8F10D0F09F185
:105BA0001309E6D1AAE0DFF844914FF00108B045AF
:105BB00080F2A4802279E37812061B04D218A3781D
:105BC00049461B02D218637823A8D21808F10408AA
:105BD000FEF772FF0434B8F10D0F09F11409E6D194
:105BE0008CE0DFF80C914FF00108B04580F2868020
:105BF0002279E37812061B04D218A37849461B02C7
:105C0000D218637823A8D21808F10408FEF754FFCD
:105C10000434B8F10D0F09F11409E6D16EE0DFF894
:105C2000D4904FF00108B04568DA2279E378120683
:105C30001B04D218A37849461B02D218637823A804
:105C4000D21808F10408FEF737FF0434B8F10D0F3D
:105C500009F11409E7D151E0A37862781B0223A867
:105C60001C49FFF720B8A37862781B0223A81A49C1
:105C7000FFF719B82279E37812061B04D318A2782B
:105C8000647812029B18154923A801221B19FEF7FC
:105C900013FF33E0124923A86278FFF705B800220A
:105CA0000A922BE0E09302003592020095950200E3
:105CB000078F0200A793020053930200E28F0200B5
:105CC000FC910200179602002A9602004A940200F4
:105CD00060940200909002003C8F0200A4940200A5
:105CE0003693020040920200E09002002D900200E4
:105CF00019910200F293020001230893BBF1FF0FF8
:105D000007EB06037EF477AF0B9A01320B920B9BE5
:105D10000F9A93427EF467AF079B5A1C04D023A8C6
:105D200018491A46FEF7C8FE9DF84C3023B123A847
:105D3000154913AAFEF7C0FE00201449DCF348F60B
:105D400030B9089A22B923A81149FF23FEF7B4FEFF
:105D5000249A002302F8013B309B099900930D9887
:105D6000109B2492FEF7F9FE099904464FF48052E5
:105D70000D98E0F3BDF701E06FF00104204627B075
:105D8000BDE8F08FFE950200AB9502000E5D860027
:105D90000B9202002DE9F04F8DB0059205460E469C
:105DA00006A8002114229A460B91DCF349F1634BBB
:105DB0001C78002C40F0B6806B69232B0EDD1C2272
:105DC0002846214623460094E5F360F0002809DACE
:105DD0004FF001090227CDF8109007E004274FF09B
:105DE000010902E00C274FF0030904942846E5F36B
:105DF00001F00128834602D0022813D105E028468D
:105E00003146DCF351F040000BE02846FAF77CFF06
:105E1000044638B1DBF3F6F7C30503D52046DBF3C0
:105E2000E7F70B900B99002951D03046E0F350F77B
:105E3000044600287CD0BBF1010FDDF82C8003D094
:105E4000BBF1020F1AD10AE0002102908DE8020195
:105E500003912846059A3346DCF320F00CE00CABA6
:105E60004FEA580243F8042D284601212246DBF36D
:105E70007DF70B9B5B000B9300284BD122884FF6DC
:105E8000FD73013A92B29A4205D930462146424604
:105E9000E0F32EF71CE0049A1AB104EB47070697CB
:105EA0001BE0E31962880693A388A7F5805707EBE8
:105EB00012221B0602EB1343E3180793E388DB1956
:105EC000E31808932389DF19E719099705E0884645
:105ED0001B4B002406934FF00109169B304600939C
:105EE00006A94A465346FEF759FE90B91549DCF318
:105EF00043F538B1169B2846DAF800101A6800F00E
:105F000025FB06E0169B2846DAF800101A6800F018
:105F10003FFB24B1304621464246E0F3E9F6074A0A
:105F200001231370169B0020CAF80000186001E0DE
:105F30006FF01A000DB0BDE8F08F00BF40270000E1
:105F4000958F02003ACA010030B51946039B049CA4
:105F500043B14CB100251D6025600394BDE830407D
:105F6000FFF718BF184630BD204630BD084B1A88D1
:105F70008A4204D09A888A4206D1012200E0002297
:105F800003EB8203987800E0FF2040B2704700BF27
:105F900098960200F8B5044615461F46002B7BD0A4
:105FA000E6F7C2FD06460BE0BB4208D1D5F8002655
:105FB000B37802F07C02B3EB920F07D1F8BD0C3638
:105FC000002E69D03388002BEED1F8BDD5F81836F5
:105FD000642023F0C073C5F81836D5F81C3640F29B
:105FE000DD5723F0C073C5F81C36E0F3B5F302E0CB
:105FF0000A20E0F3B1F3D5F8E0319B0301D5013F6E
:10600000F6D10023C5F860363179F378D5F86426E7
:1060100009061B0501F0706103F4700322F07F6232
:106020000B431343C5F864360223C5F86036D5F830
:106030006436727923F0FE5323F4781343EA025353
:1060400043F48023C5F864360323C5F86036D5F8D9
:106050006426B36802F07F4223F07F431343C5F800
:106060006436236A012B05DDD5F8003643F48063DE
:10607000C5F80036B278D5F8001692004FF6837353
:1060800002F07C020B40134332887F32D211013A76
:1060900043EA0243C5F80036F8BD00002DE9FF4190
:1060A000036A0446042B476A03DD07F0F867BF0D57
:1060B00002E007F0F0777F0D2046E4F3DFF60021E1
:1060C00080462046E5F3ACF00025064613E010219B
:1060D00068460D4A2B46DBF3F7F700206946DCF3F0
:1060E00077F438B100210A46DCF332F3C6F858568B
:1060F000C6F85C060135EBB2BB42E8D32046414608
:10610000E5F38EF0BDE8FF81633686002DE9FF419F
:106110000546E4F3B3F6002180462846E5F380F017
:106120002B6A0746042B6E6A01DDF60E02E006F0CC
:10613000F056760E002413E0102168460C4A2346E0
:10614000DBF3C2F700206946DCF342F438B10021EA
:106150000A46DCF3FDF2C7F85046C7F8540601348E
:10616000B442E9D128464146E5F35AF0BDE8FF8143
:106170005B368600F7B5053A06461F46062A2ED836
:10618000DFE802F004160B0F082D120004230F2580
:10619000012410E004230F2508E003231F25002419
:1061A00009E003231F2505E002230325112402E053
:1061B00004230F2505242F40A740009300214FF40E
:1061C000CB624FF0FF333046E4F360F630460021F7
:1061D00040F25C6215FA04F30097E4F357F6FEBD53
:1061E0002DE9F043002485B0054602940394E4F3BE
:1061F00045F6214680462846E5F312F06F6A0446CC
:1062000007F4F8573F0A03264B4B013E03EBC60247
:1062100013F83630C4F820365368C4F82836002EF8
:10622000F2D11DE008216846444A3346DBF34CF7BF
:1062300000206946DCF3CCF388B100210A46DCF388
:1062400087F22B6A0C2B06DDB0F5803F03D2C3B278
:10625000000A43EA0040C4F82066C4F82806013664
:10626000BE42DFD14FF00309354E09F1FF3906EB8D
:106270000916F3680BB9002321E02846984700B3BC
:10628000F9E7012199403268114217D0C4F820364D
:1062900096F9042022B1012A04D001320ED106E081
:1062A000B26809E0D4F82416B2680A4304E0D4F8CE
:1062B0002426B16822EA0102C4F824260133BB4235
:1062C000DFD1B9F1000FCFD14E4613E00821684667
:1062D0001C4A3346DBF3F8F600206946DCF378F31A
:1062E00038B10021C4F820660A46DCF331F2C4F864
:1062F00024060136BE42E9D102A903AA2846DFF3EB
:1063000017F5039B029AD4F81C1613431943039301
:10631000C4F81C1623B1C4F81C360AB1C4F81826F8
:106320004FF4FA60E0F318F228464146E4F378F7B8
:1063300005B0BDE8F08300BF8096020051368600AC
:106340005096020056368600F8B5044616460F46AB
:10635000E4F394F5002105462046E4F361F739465D
:10636000024633462046FFF715FE20462946BDE883
:10637000F840E4F355B738B50446E4F37FF500215F
:1063800005462046E4F34CF7236A012B04D1D0F8EC
:10639000003623F4007304E005DDD0F8003643F442
:1063A0000073C0F8003620462946BDE83840E4F3C3
:1063B00037B7000038B504460D46FFF7A7FE0022A8
:1063C00029462046DFF308F62046E4F357F50B494B
:1063D00005460020DCF3D0F24FF4002210F0010358
:1063E0004FF00001204618BF1346DFF329F5204681
:1063F0002946BDE83840E4F313B700BF783686007D
:10640000F8B5036A0546092B2ADDE4F337F50021C8
:1064100006462846E4F304F7D0F80846074614F485
:10642000807418D04FF00043C0F86C364FF47A7087
:10643000E0F392F1D7F86C460023E404E40C640323
:10644000C7F86C3604F54244074B04F5A874B4FB56
:10645000F3F464235C4328463146E4F3E1F600E0BC
:1064600000242046F8BD00BFA0860100F8B5044610
:106470000D4600201649DCF37FF2164987B2002052
:10648000DCF37AF240F2DC51002F18BF3946C6B275
:106490002046FFF76BFD00280CDBC7B229462046DB
:1064A00007223B46FFF766FE2046294608223B4668
:1064B000FFF760FE2EB12046294632460123E6F75B
:1064C0007BFC20462946BDE8F840FFF7E7BD00BF4A
:1064D0006F368600ECDB010038B500210546102040
:1064E000DFF394F7002104461022DBF3A9F5656081
:1064F000204638BD38B50C461546E4F3FBF51021AF
:10650000E0F3E6F348B110234360054BC4601A681A
:10651000856002601860002038BD6FF01A0038BD39
:106520006C27000008B5064B1B683BB9054B196882
:1065300021B1054B1A680AB1FFF7DCFF002008BD46
:106540006C270000D8FF0100DCFF010038B50C46C5
:106550001546E4F3CFF51021E0F3BAF390B1102320
:106560000A4A4360002303601368C46085601BB956
:106570001060184638BD13461A68002AFBD118600F
:10658000104638BD6FF01A0038BD00BF6C27000000
:1065900038B50C461546E4F3ADF51021E0F398F359
:1065A00048B110234360054BC4601A6885600260DF
:1065B0001860002038BD6FF01A0038BD6C2700004D
:1065C000012070470020704738B541F2E44304468B
:1065D000C3620D4629B108460949DCF3CDF1A0623A
:1065E00040B900200749DCF3C7F1A06210B94FF6AB
:1065F000FF73A36228460449DCF3BEF1206338BD73
:10660000543786005B3786008637860030B585B004
:106610000190002404A840F8044D01A90422DBF3F2
:10662000ABF4019DCDB12B46D3F8882012B10022E6
:10663000C3F8882001340433102CF5D10398DBF320
:1066400039F40398E6F7E8FB054B9D4205D0686DE9
:1066500029464FF45672E0F34BF305B030BD00BF4E
:10666000780902002DE9F843002104469846089F66
:10667000DDF82490E4F3D4F505462046E4F310F465
:106680000A28C8BFEB6A6061C8BF636422286B68D0
:10669000C8BFD5F8AC20A361C8BFE261DB0004D558
:1066A000D5F804366362DBB223624FF4E063A36083
:1066B0004FF0FF33E360112323612646002513E0EA
:1066C0002946E4F3ADF52046E4F3EAF3B8F1000F10
:1066D00003D0D6F81031984503D0D6F888309945C4
:1066E00000D13D6001350436D4F8CC3020469D42BF
:1066F000E6D33968E4F394F50120BDE8F88300009F
:106700002DE9FF470C9D9246DDF8349088464FF402
:106710005672002104461F460E9E012D08BF00251B
:10672000DBF38EF411232361C4F88470C4F858900D
:10673000C4F854A06560002D40F0B380204629467F
:1067400042464B46FFF73CFF002800F0AE804FF07A
:10675000C059D9F8003020461A0F22609AB2A263BD
:1067600003F4702203F470031B0D23640E3B120C20
:10677000012B8CBF00230123E26384F84830494693
:106780004246FEF73FF8D4F8CC30002B00F08B8067
:1067900004AB43F8045D8DE88800204649462A464C
:1067A0002B46FFF75FFF00287FD02046FFF7BAFE99
:1067B0000F9B00960193204629463A46636DFFF7EA
:1067C000C3FB002873D106B136683B4F20463146E3
:1067D000FFF7FAFE3D78002D2FD16369132B0BDDF7
:1067E0004FF4006120462A46E4F308F503998565D5
:1067F000C5652046E4F314F52046616DFFF7BBFD47
:106800002046616DFFF7D6FD30462C49DCF3B4F02D
:10681000024620B92046616DFFF7F2FD0246204690
:10682000616DFFF791FD2046616DFFF7D9FC2046B1
:10683000616DFFF71BFE01233B7063690F2B0FDDBA
:106840001F493046DCF398F01E4B0021002808BF9A
:1068500018460090882220464FF0FF33E4F316F3E9
:1068600030461949DCF3B4F038B117493046DCF34F
:1068700083F001462046E6F7E6FA6369142B17DD3C
:106880000025294608222B4620460095E4F3FEF217
:10689000294640F00403082220460093E4F3F6F270
:1068A00006E0002404E01C4602E0044600E02C461A
:1068B000204604B0BDE8F087D00C0200E238860024
:1068C000EB3886005A000A00F13886001FB50F4CDD
:1068D00002462378BBB910B90346014601E00C4BD0
:1068E000191D00200090019002930391094844F281
:1068F00010714FF0C053FFF703FF28B1064B202261
:106900001A6001232370034804B010BD740902000B
:10691000F409020078090200742700002DE9FF47FE
:1069200080460F4608464FF4567191469A460D9E92
:106930000E9DE0F3CDF10446D8B10C9B4146019386
:106940003A464B46CDF800A002960395FFF7D8FED5
:10695000804638B9214638464FF45672E0F3C8F104
:10696000444606E006B13668E66705B12D68C4F80E
:106970008050204604B0BDE8F0870020DBF3FCB770
:1069800010B50B490446FFF7F8FF80B278B9E06F05
:106990000749DBF3F1F780B248B9E06F0549DBF353
:1069A000EBF74FF6FF7380B2002808BF184610BD02
:1069B000483786004E37860073B50023ADF80630A1
:1069C00083690446990065D58368B3F5026F09D0E1
:1069D00040F60402934207D1C5680C2D94BF0025F0
:1069E000012502E0012500E00025EDB24DB9204669
:1069F0004FF400612A46D4F8C860E4F3FFF330B9DD
:106A000048E0D4F8840010F5405043D00026636974
:106A1000222B4FF00003D8BFC0F86831C0F86431B2
:106A2000C0F860316369222B03DC1D4BC0F8443190
:106A300005E00123C0F84831FF23C0F84C316369F9
:106A4000222B4FF0000306DCC0F88031C0F87C3107
:106A5000C0F8783103E0C0F87431C0F870311DB966
:106A600020463146E4F3DCF320460DF10601FFF742
:106A7000A9FD90B9BDF8060080B163692046222BBC
:106A8000D9BF4FF480210A46064940220023E4F38F
:106A900017F202E04FF0FF3000E000207CBD00BFA5
:106AA0000000FBBF400055552DE9FF410368054636
:106AB0007021D868E0F30CF10446002843D000218F
:106AC0007022DBF3BDF204236360B4232560A3814D
:106AD000A046274600260DE0182202FB06423C6134
:106AE000A8681B4910320023E8F3E6F5386218372E
:106AF000F0B1013663689E42EEDB164B16490093F7
:106B000000230193029303932868144A2346FDF35C
:106B1000E3F118E0D8F8201031B123689868E8F361
:106B2000AFF50023C8F82030013508F1180800E05F
:106B3000054663689D42EDDB236821465868702254
:106B4000E0F3D6F00024204604B0BDE8F08100BF99
:106B500061D40000AFD20000D4DC0100F9DC0100F8
:106B600070B50446002826D00368134918682246E9
:106B7000FDF3EAF12546002610E0296A29B12368D1
:106B80009868E8F37DF500232B62E96921B1236859
:106B90002A8B5868E0F3ACF00136183563689E42E2
:106BA000EBDB18225A432168103248682146BDE8C1
:106BB0007040E0F39DB070BDF8DC0100002070472C
:106BC00010B50446A8B109F03DDF0A4960682246C5
:106BD000FDF3BAF1E16E21B163683C22D868E0F3BD
:106BE00087F063682146D8687022BDE81040E0F362
:106BF0007FB010BDD58D860030B5702185B00546BB
:106C00004068E0F365F0044600282FD00021702290
:106C1000DBF316F22B682560636068683C21E0F3C3
:106C200057F0E066F0B100213C22DBF309F2114B92
:106C300011490093002301930293104B104A0393D0
:106C400060682346FDF348F160B901236382A382A3
:106C500020462946FFF7B2FF002803DB204609F053
:106C6000EDDF03E02046FFF7ABFF0024204605B030
:106C700030BD00BF390B830040E18500290C830043
:106C8000D58D860010B5044668B1036822461868A1
:106C90000549FDF359F12368214658680822BDE8EB
:106CA0001040E0F325B010BDCCBB86007FB5054693
:106CB00008214068E0F30CF0044618B300210822D4
:106CC000DBF3BEF1002604212846104A104B009643
:106CD000019401F023FFB04260600FDB0D4B286888
:106CE00000930D4B0D4901930D4B0E4A0393234620
:106CF0000296FDF3F1F008B9256003E02046FFF7A6
:106D0000C1FF0024204604B070BD00BF8BDD000031
:106D10007BE700007FDD00007BDD000038DD010047
:106D200077DD0000CCBB8600F8B5056804461B493A
:106D300028682246FDF308F10026B30103F58473A9
:106D4000E158E71819B168683A89DFF3D1F7796833
:106D500019B168687A89DFF3CBF70136042EECD1DC
:106D6000D4F80C1221B16868B4F81022DFF3C0F730
:106D7000D4F81C1211B1A868E8F382F4D4F82012F8
:106D800019B168680422DFF3B3F7686821464FF44D
:106D90002372BDE8F840DFF3ABB700BF44DD01006C
:106DA0002DE9F04106460F46C0682C21154698464D
:106DB000DFF38EF70446C0B100212C22DBF340F153
:106DC000E5602846C4F81C80A76026610849224671
:106DD0000023E8F371F40546A06130B92369214628
:106DE000D8682C22DFF384F72C462046BDE8F081DA
:106DF0003D66840010B50446E8F743F8A16961B127
:106E0000237D23B1E068E8F329F400232375E068CB
:106E1000A169E8F335F40023A36123692146D8680A
:106E20002C22DFF365F7002010BD000038B505689F
:106E30000446224628680549FDF386F06868214625
:106E40005022BDE83840DFF353B700BF3CE4860072
:106E50001FB5084A03460092002201920292039253
:106E60000549064A0068FDF337F0003018BF0120DD
:106E700005B000BDF1F30000B4DE010008DE010042
:106E800070B5D0F8B8400E46084600291FD0DBF395
:106E900067F1054690B91AE0204631462A46DBF3F1
:106EA0004FF028B9635D3D2B02D10135601970BDEB
:106EB000234613F8012B1C46002AFAD114B123787B
:106EC000002BE9D13046BDE87040E0F3CFB670BD8D
:106ED0002DE9F34100F59A58B8F8183004460E46EB
:106EE00033B30846DBF33CF107461748DBF338F1D0
:106EF0003F18E3691037BFB298683946DFF3E8F608
:106F00000546E0B1B8F81830104A009339463346C8
:106F1000DBF3DAF029462046E9F7F4FFE36980461F
:106F2000294698683A46DFF3E3F6B8F1000F07D137
:106F30002046314602B0BDE8F041E9F7E3BF8046A4
:106F4000404602B0BDE8F081CCDF0100D2DF010095
:106F50002DE9F04F00F59A591C46B9F8183085B064
:106F6000064688469246D0F8B870002B38D00846BE
:106F7000DBF3F6F083462548DBF3F2F08344F36954
:106F80000BF1100B1FFA8BFB98685946DFF3A0F644
:106F90000546002833D0B9F81830594600931C4AEA
:106FA0004346DBF391F030462946E9F7B7FF0390FB
:106FB00068B138462946DBF76FFC40B1504506DD25
:106FC000384629465246DBF3E5F4814600E0A14607
:106FD000F369294698685A46DFF38AF6039B8BB912
:106FE00038464146DBF758FC58B1504509DD384674
:106FF0004146524605B0BDE8F04FDBF3CBB48146C5
:1070000000E0A146484605B0BDE8F08FCCDF0100A6
:10701000D2DF010070B590F8C43001261B499E40B4
:107020000546E9F794FF05F58054C0B284F83200B4
:107030000138C0B2013EFD28F6B202D9732384F8AC
:10704000323094F83230284684F833301049E9F76A
:107050007EFFC0B284F8340005F5805508B10F28D2
:1070600002D1052385F8343095F8322095F8343074
:1070700046EA0616D31A85F83530002385F83630EF
:1070800085F8383085F8376070BD00BFF196020092
:10709000CB96020038B5982105460068DFF318F654
:1070A0000446002832D000219822DAF3C9F72B6871
:1070B000A3606B68E360AB682361EB6863602B6976
:1070C00063612B8CA3846B8CE3846B6AA362AB6AD1
:1070D000E362EB6A23632B6B63636B6B6364AB6B81
:1070E000A364EB6BE3642B6C23656B6C63656B696A
:1070F000A365AB69E3650F2323663C2363667823AE
:10710000A3660323E366002384F89430204638BD49
:10711000014618B180689822DFF3EAB5704710B5D0
:10712000B0F8BC400C80B0F8C0101180B0F8C62098
:107130001A8090F8C820029B01201A8010BD90F898
:10714000D4007047D0F8CC007047000038B501215A
:107150000446E9F7D9FF2046E9F7A8FD0F4D030FD4
:1071600005402D0B84F8C83042F2640300F00F0094
:107170009D42A4F8C65084F8C90007D042F26603C5
:107180009D4214BF4FF0FF35002500E0002520464A
:107190000021EAF7BBF9284638BD00BF00F0FF0F19
:1071A0002DE9F0478A460021D0F80890044615469C
:1071B000C0680A469846E3F34DF60307074614D520
:1071C000266896B13046294600F0AAFA002800F059
:1071D0005F81F369D6F8CC10186929F061DAD6F826
:1071E000E4300133C6F8E43059E1484641F28831D1
:1071F000DFF36EF50646002800F05181002141F2D0
:107200008832DAF31DF706F59253103306F58E52E5
:107210005363012386F8E130E26C41F26B039A423A
:10722000C6F8B0A0F46105D1636C932B0CBF0123A9
:10723000182300E01823A6F8223664230021042234
:1072400086F8E030022D06F59053C6F8B88083F832
:10725000381083F8392083F83A1083F83B2005D1A1
:10726000FF0744BF4FF40053C6F8CC30D6F8CC101B
:10727000206929F015DAD6F8B030B3F8E073F36975
:10728000BFB2D868E5F78DFF06F59A531883F06909
:1072900007F00F03C6F8C030824A836A07F47061B2
:1072A0009A18090A012AC6F8BC1007D94AF6E6025C
:1072B000934203D04AF6E202934206D1C36A023BEC
:1072C000012B02D80923C6F8C030092907D10423AD
:1072D000C6F8BC30D6F8C0301033C6F8C030012331
:1072E00086F8C430D6F8BC303F0B022BC6F8D070FD
:1072F00007D90A2B00F2CC804FF07A629A4040F115
:10730000C78006F580533C225A6100229A614FF4EF
:107310000062A6F8DE2042F6013341F62432022D47
:1073200018BF1346A6F8DA3086F8003730465E49B3
:10733000E9F7F4FD88B15C493046F769E9F707FEE3
:10734000594938673046F769E9F701FEF36978670C
:10735000022D0CBF1A6F5A6FDA6606F590520A2397
:1073600093710323D3710122002786F8E82006F5E4
:107370009152177006F58058092288F83B20F2696F
:1073800086F8E97586F8EE7586F8F37586F8F8756F
:1073900086F8FD75304682F89330FFF73BFE06F520
:1073A00096534FF6CE729A8488F8397086F8F47046
:1073B00033467F22013783F82C2683F8912683F801
:1073C000B2220133652FF4D14FF0FF33A6F8FA361D
:1073D000002386F8AC303046294601F0A1F9002898
:1073E00056D03046E9F755FC3046FFF7AFFE05466C
:1073F00000284DD12D4906223046E9F79BFD06F5C0
:107400009857B8712A4901223046E9F793FD294976
:1074100038752A463046E9F78DFD06F59A57B87655
:10742000254930460722E9F785FDF8762A46304699
:107430002249E9F7A3FD7319013503F59A53182D75
:107440001877F3D100252A4630461D49E9F796FD05
:107450007319013503F59A530E2D83F83400F2D1D8
:10746000D6F8E4300133C6F8E430F3691A68D86816
:10747000C6F8B4202660FFF79FFA06F1B803C6F8F5
:10748000B830304606F1BC011C22DAF375F506E08F
:107490003146A06841F28832DFF32AF400263046F4
:1074A000BDE8F0871D57FFFFFC960200A096020082
:1074B000BF960200B2960200DC960200EA96020035
:1074C000AB96020070B50446002832D0D0F8E450E4
:1074D000013DC0F8E450002D2BD100F59656B16A5D
:1074E00021B1C3691869F4F70FF8B56204F58E533A
:1074F000002583F83D502046EAF782FEE2691368D2
:10750000A34203D1D4F8B430136005E0D3F8B4201B
:10751000A24208BFC3F8B450E36E0BB120469847AF
:10752000E3692146986841F28832BDE87040DFF394
:10753000DFB370BD1FB5094B0949009300230193C8
:1075400002930393074A0368FCF3C6F4002814BFB0
:107550004FF0FF30002005B000BD00BF092C010036
:10756000C8E5010094E6010001490268FCF3ECB4AF
:1075700094E601000023F0B51C4607E0CD182F6803
:10758000C618C7502D790134357105339442F5D1B1
:10759000F0BD0000022938B505460C460AD0032983
:1075A00011D0012916D106220B49E9F763FDEB69D9
:1075B000002205E006220949E9F75CFDEB6901229A
:1075C00083F8812038BD06490622E9F753FDEB69AF
:1075D00083F8814038BD00BF7CEC0100D4EE01008F
:1075E00006EE010038B5D0F8A8400023C4F8743581
:1075F00094F8C153104B114A4FF42071022D14BF5F
:1076000015461D46C3699868DFF362F3C4F8740534
:1076100088B180222946FFF7ADFF94F83A35022B56
:1076200008D1D4F874050649A0301522FFF7A2FF4F
:10763000012038BD012038BD68A5020004A1020068
:1076400068A902002DE9F047D0F8A8300646D3F823
:107650007C55D3F8787500241BE04FF0140808FB24
:1076600004F805EB08031A695B6855F808A003FBEA
:1076700002F9F3694FEAD90998684946DFF328F31C
:1076800045F8080040B151464A46DAF375F4013432
:10769000E4B2BC42E1D30120BDE8F0872DE9F0411E
:1076A0001C4BD0F8A8601B68C2690027142105464E
:1076B000C6F87C75C6F8783590685943DFF308F34F
:1076C0000446C6F87C0510B3BC46B84614E0EB6926
:1076D00004EB0C071B6D08F1010813F4805F14BF65
:1076E0000D4B0E4B03EB0C0EBEE80F000FC7DEF880
:1076F00000300CF1140C3B60D6F878359845E6D391
:1077000001212846FFF79EFF003018BF0120BDE889
:10771000F08100BF1CFC0100A0A0020004A5020033
:107720002DE9F0410F4686B079490446D0F8A850BB
:10773000E9F70DFC774928722046E9F708FC7649FD
:1077400068722046E9F703FC7449A4F8FC0020465F
:10775000E9F7FDFB7249A4F8FE002046E9F7F7FBC4
:107760007049A4F800012046E9F7D8FB38B120465B
:107770006C49E9F7ECFB10B1012385F8E83395F883
:10778000E83313B367492046E9F7E1FB6649A4F8FB
:1077900002012046E9F7DBFB6449A4F80401204616
:1077A000E9F7D5FB6249A4F806012046E9F7CFFBCB
:1077B000604985F824052046E9F7C9FB04F58053A4
:1077C000002285F8250583F83B205B492046E9F730
:1077D000BEFB5A49C5F8340414222046E9F7AAFB37
:1077E0005749A5F83C045A222046E9F7A3FB55491E
:1077F00085F8540408222046E9F79CFB524985F895
:107800004C0403222046E9F795FB504985F84D04C6
:1078100008222046E9F78EFB4D4985F84E040322E5
:107820002046E9F787FB4B4985F84F04082220469C
:10783000E9F780FB484985F8500403222046E9F720
:1078400079FB464985F8510408222046E9F772FB86
:10785000032285F8520442492046E9F76BFB41496F
:1078600085F853042046E9F772FB3F4985F8580430
:1078700002222046E9F75EFB3C4985F8C104204618
:10788000E9F74CFB18B120463849E9F760FBE8748A
:1078900037492046E9F742FB28B120463449E9F749
:1078A00056FB287501E008232B7520463149E9F77E
:1078B00035FB28B120462F49E9F749FB687501E0FF
:1078C00002236B7520462C49E9F728FB28B1204696
:1078D0002949E9F73CFBA87501E00423AB75204674
:1078E0002649E9F71BFB28B120462449E9F72FFB7D
:1078F000E87501E00823EB7520462149E9F70EFB06
:1079000000283FD020461E49E9F721FB28763BE0BE
:107910007F9E0200309E0200689B02006E9B020068
:10792000749B02004C9C0200259B02000F9A0200EF
:1079300029980200F097020031A00200C89A0200C4
:10794000099F0200879F0200A99C0200559F020028
:1079500023970200669F0200349702003D9F0200B9
:107960004AA00200E79902006A98020069990200A1
:1079700056990200C09D02007F9F0200779F02007F
:10798000F399020002232B76B7492046E9F7DFFA84
:10799000B649A8722046E9F7DAFAB549E8722046F6
:1079A000E9F7D5FAAA7AEB7A28736A73AB73E873AE
:1079B0002A746B74A874AF492046E9F7C8FAB4F882
:1079C000FC1004F5985204F59A5351871980B4F8C5
:1079D000FE105FFA80F891875980B4F8001184F89E
:1079E0001A81D18799802046A349E9F7B0FA002689
:1079F00080B2A31900F00F020136A8EB4202000981
:107A0000042E83F81E21F4D120469C49E9F79FFA01
:107A100000F00F02A31952000136C2EB0802000960
:107A20000C2E83F81E21F3D195492046E9F78FFAF1
:107A3000944906462046E9F78AFA80B240EA0646AB
:107A40006E60142306F00F01E21849000133C1EB08
:107A5000080136091C2B82F81611F3D18A492046F9
:107A6000E9F775FA894968832046E9F770FA884989
:107A700028772046E9F76BFA864968772046E9F7C8
:107A800066FA8549A8772046E9F761FA8349E877DD
:107A90002046E9F75CFA824985F822002046E9F79A
:107AA00056FA804985F821002046E9F750FA7E49C8
:107AB00085F8E0042046E9F74AFA0126C5F8E4040F
:107AC0007A4901A83246DAF30FF3D4F8B80001A9D5
:107AD000DAF37EF730B100210A46DAF339F6AB1952
:107AE00083F8E70401360F2EEAD171492046E9F701
:107AF0002EFA704985F8F6042046E9F728FA6E490F
:107B000085F8F7042046E9F722FA6C4985F8F8046D
:107B10002046E9F71CFA6A4985F8F9042046E9F796
:107B200016FA684985F8FA042046E9F710FA66491A
:107B300085F8FB042046E9F70AFA644985F8FC0455
:107B40002046E9F704FA624985F8FD042046E9F782
:107B5000FEF9604985F8FE042046E9F7F8F95E4928
:107B600085F8FF042046E9F7F2F95C4985F800053D
:107B70002046E9F7ECF95A4985F801052046E9F76E
:107B8000E6F9584985F802052046E9F7E0F9564933
:107B900085F803052046E9F7DAF9544985F8040524
:107BA0002046E9F7D4F9524985F805052046E9F75A
:107BB000CEF9504985F806052046E9F7C8F94E493F
:107BC00085F807052046E9F7C2F94C4985F808050C
:107BD0002046E9F7BCF94A4985F809052046E9F746
:107BE000B6F9484985F80A052046E9F7B0F946494B
:107BF00085F80B052046E9F7AAF9444985F80C05F4
:107C00002046E9F7A4F9424985F80D052046E9F731
:107C10009EF94049A5F814052046E9F798F94FF078
:107C20000042A5F816053C492046E9F783F93B498F
:107C3000C5F810052046E9F78AF9394985F8240086
:107C40002046E9F784F9374985F823002046E9F70B
:107C50007EF9354985F820002046E9F778F933495F
:107C600084F82606204663E05F9702007A9D0200B2
:107C70001B9B02002E9B0200D49A0200B79D0200BB
:107C80000997020048980200D69B0200559702000F
:107C9000489D0200539D020045970200FB99020097
:107CA000259A0200029C02003F9C020012970200EB
:107CB0007A9B0200DF9C0200FB9C0200E09E020017
:107CC0004B9E02005C9E0200A09F0200C19F02002A
:107CD000C49B0200E39B0200109C02006D9E020008
:107CE0005E9D0200909E0200A29E0200B49E0200D1
:107CF000F49F020006A0020097970200C1970200BD
:107D0000B6980200D5980200CA990200F5970200C1
:107D10005B980200859A020092980200149F02006C
:107D2000209F0200D29F0200A89D0200B59702008A
:107D3000E9F70DF9BF4985F8C1032046E9F707F9CE
:107D4000BD4985F8C2032046E9F701F985F8C30368
:107D500094F8261611B12046FFF71CFCB7492046BF
:107D60004FF0FF32E9F7E6F880B2A5F862000004B0
:107D700048BF4FF0FF304FF0FF3348BFA5F8620017
:107D8000A5F86630A5F868302046AD49E9F7C6F891
:107D900050B1AB492046E9F7DAF880B201045CBF84
:107DA000A5F86600A5F868002046A649E9F7B6F8E8
:107DB00040B12046A349E9F7CAF880B2020458BF8F
:107DC000A5F866002046A049E9F7A8F840B120468A
:107DD0009D49E9F7BCF880B2030458BFA5F86800D4
:107DE0009A494FF0FF322046E9F7A4F84FF0FF32EE
:107DF000A5F8C40396492046E9F79CF89549A5F8EB
:107E0000C6032046E9F7A3F89349A5F8C8034FF441
:107E1000CF722046E9F78EF89049C5F8CC0347F6B3
:107E20009A622046E9F786F88D49C5F8D0030A2200
:107E30002046E9F77FF88B49C5F8D403082220468D
:107E4000E9F778F88849C5F8D80341F26E02204670
:107E5000E9F770F80A22C5F8DC0384492046E9F7FF
:107E600069F88349C5F8E0032046E9F770F88149CD
:107E7000A5F8E4032046E9F76AF895F8E833A5F891
:107E8000E6032BB100B2002802DD0020A5F8E603CE
:107E9000502279492046E9F74DF8784985F8EA03F8
:107EA0002046E9F754F8764985F8EC032046E9F7CF
:107EB0004EF8744985F8ED032046E9F748F8724911
:107EC00085F8EE034FF0FF322046E9F733F86F49AB
:107ED00085F8F0034FF0FF322046E9F72BF8FF2337
:107EE00085F8EF3385F8F10369494FF0FF322046FA
:107EF000E9F720F8674985F8F2034FF0FF32204692
:107F0000E9F718F8644985F859054FF0FF32204623
:107F1000E9F710F8614985F85A054FF0FF3220461D
:107F2000E9F708F85E4985F8F3034FF0FF32204681
:107F3000E9F700F85B4985F85B054FF0FF32204612
:107F4000E8F7F8FF584985F85C054FF0FF32204606
:107F5000E8F7F0FF002285F8F40354492046E8F7DB
:107F6000E9FF534985F809044FF0FF322046E8F74E
:107F7000E1FF504984F8DA054FF0FF322046E8F778
:107F8000D9FF4D49A5F8F6034FF0FF322046E8F738
:107F9000D1FF4A49A5F8F8034FF0FF322046E8F731
:107FA000C9FF4749A5F8FA034FF0FF322046E8F72A
:107FB000C1FF4449A5F8FC034FF0FF322046E8F723
:107FC000B9FF4149A5F8FE034FF0FF322046E8F71C
:107FD000B1FF3E49A5F800044FF0FF322046E8F714
:107FE000A9FF3B49A5F802044FF0FF322046E8F70D
:107FF000A1FF0022A5F8040436492046E8F79AFFBD
:108000000022A5F85E0534492046E8F793FF0022D8
:10801000A5F8600531492046E8F78CFF3049A5F8FE
:10802000620500222046E8F785FF2E49A5F8640581
:10803000204659E0A9970200F09D0200EA9A02004A
:1080400018A00200CE9E0200E29F0200F8980200F3
:10805000859C020089980200AD9D0200F19E0200FD
:108060004E9F02003E980200879E0200A5990200E2
:10807000E39D0200DC9A0200059A0200229C0200A5
:108080008A970200209D0200689A0200509A02001E
:10809000959F02000C9E0200C8980200949A02006C
:1080A0003A9D0200079802000C9902008B9B020087
:1080B0002B9C0200499B020015980200C89D0200FB
:1080C000109B02003B990200429A0200369A02007D
:1080D00048990200D59D02008C9C0200779C02000A
:1080E000209E02007B970200E8F731FF022F85F8FF
:1080F000060414D12046AD49E8F710FF002800F02F
:10810000C5822F46002632462046A849E8F736FFAA
:108110000136C7F80C040437052EF4D115E0012F01
:1081200013D12046A249E8F7F9FE002800F0AE82FC
:108130002F460026324620469D49E8F71FFF0136AC
:10814000C7F820040437052EF4D19A494FF0FF32C6
:108150002046E8F7EFFE9849A5F83E044FF0FF32BD
:108160002046E8F7E7FE9549A5F840044FF0FF32B6
:108170002046E8F7DFFE9249A4F8FE0F2046E8F714
:10818000CDFE30B120468E49E8F7E1FE04F5985364
:1081900058818C4920464FF0FF32E8F7CBFE04F5BA
:1081A0009A53988288492046E8F7B8FE30B12046B5
:1081B0008549E8F7CCFE04F59853D88120468349D9
:1081C0000022E8F7B7FEC0B285F84D0358B18049E8
:1081D0002046E8F7BCFE7F49C5F850032046E8F783
:1081E000B6FEC5F8600320467B49E8F797FE0028F5
:1081F00037D0D4F8B8007849DAF74EFB062830D1EA
:1082000075490022D4F8B800DAF3C4F385F8950371
:1082100071490122D4F8B800DAF3BCF385F897036A
:108220006D490222D4F8B800DAF3B4F385F8990363
:1082300069490322D4F8B800DAF3ACF385F8960361
:1082400065490422D4F8B800DAF3A4F385F898035A
:10825000D4F8B80060490522DAF39CF385F89A0354
:1082600010E0012385F89533322385F896334023B7
:1082700085F8973385F89833042385F89933FF23DD
:1082800085F89A3355492046FF22E8F753FEFF232D
:10829000A5F85403A5F85633A5F85833A5F85A3372
:1082A00020464F49E8F73AFE38B3D4F8B8004C49B5
:1082B000DAF7F2FA2F460328B4BF80464FF00308DE
:1082C000002607E0324620464549E8F757FE0136CA
:1082D000A7F8540302374645F4DB28EAE87842461B
:1082E000002308E005EB4801B5F85603C918A1F8CA
:1082F000560301320233022AF4DD012239492046B5
:10830000E8F718FE384985F840032046E8F71FFED5
:10831000012285F84B0335492046E8F70BFE344926
:1083200085F841032046E8F712FE324985F84C03F0
:108330004FF0FF322046E8F7FDFD2F4985F849034D
:108340004FF0FF322046E8F7F5FD2C4985F84A0347
:108350004FF0FF322046E8F7EDFD294985F85C0330
:108360004FF0FF322046E8F7E5FD264985F85D032A
:108370002046E8F7D3FD002846D0012621490022F7
:1083800085F8BB642046E8F7F9FD1E4985F8BC0472
:1083900032462046E8F7F2FD1A4985F8BD0402226C
:1083A0002046E8F7EBFD85F8BE042FE0FF980200B9
:1083B0009C9C020021980200199E0200959D0200DB
:1083C0005C9A0200B19F0200709D0200A898020012
:1083D0000C9D0200AD9A0200E7980200559C020035
:1083E0003AA00200379E0200AC9902007598020084
:1083F000CA9C020094990200DF970200299D0200A6
:10840000959B020028A0020085F8BB04FF22A14929
:108410002046E8F78FFDFF2285F8BF049E492046DD
:10842000E8F788FD9D4985F8C0042046E8F78FFDF0
:108430000022A5F8C2049A492046E8F77BFD0022F5
:1084400085F8180597492046E8F774FDC0B285F80D
:108450001A05E369DB685B6C03F00703052B03D99E
:1084600010B1002385F81A358F4900222046E8F71D
:1084700061FD8E4985F81C0500222046E8F75AFD6B
:108480008B4985F81D054FF0FF322046E8F752FD75
:10849000884985F81E0500222046E8F74BFD8649ED
:1084A00085F895054FF0FF322046E8F743FD8349F4
:1084B000A5F8200501222046E8F73CFD804985F813
:1084C00027054FF0FF322046E8F734FD7D49A5F837
:1084D0002A054FF0FF322046E8F72CFD7A49A5F82F
:1084E0002C0500222046E8F725FD784985F83A0555
:1084F00000222046E8F71EFD754985F83B054FF040
:10850000FF322046E8F716FD724985F83C05204603
:10851000E8F704FD30B120466E49E8F718FD85F80C
:10852000420502E0FF2385F8423520466A49E8F714
:10853000F5FC30B120466849E8F709FDA5F8440587
:1085400003E04FF0FF33A5F84435644920464FF06F
:10855000FF32E8F7EFFC6249A5F890052046E8F7FE
:10856000DDFC30B301265E49002285F852652046C5
:10857000E8F704FD5A4985F8530532462046E8F7E6
:10858000FDFC574985F8540502222046E8F7F6FC21
:10859000534985F8550503222046E8F7EFFC50497A
:1085A00085F8560504222046E8F7E8FC85F85705CB
:1085B00001E085F852054B494FF0FF322046E8F7BD
:1085C000B9FC494985F858054FF0FF322046E8F7D5
:1085D000B1FC464985F859054FF0FF322046E8F7CF
:1085E000A9FC434985F85A0500222046E8F7A2FC79
:1085F000404985F8700500222046E8F79BFC0322DD
:1086000085F880053C492046E8F794FC3B4985F80D
:1086100081052046E8F79BFC394985F8820520460C
:10862000E8F795FC3749A5F884052046E8F78FFC64
:108630003549A5F886052046E8F789FC3349A5F8B1
:1086400088052046E8F783FC3149A5F88A052046CD
:10865000E8F77DFC2F49C5F88C0500222046E8F795
:1086600069FC2D4985F894054FF0FF322046E8F764
:1086700061FCC0B2A5F8C605284920466FF0070284
:10868000E8F758FCC0B2A5F8C805012006B0BDE85F
:10869000F08100BF7F9E0200C69E02002E9802005D
:1086A000549B0200B79C0200A69B0200FB9D0200A7
:1086B000F59B0200B79B0200169902006997020021
:1086C000DC99020023990200519802002F990200C0
:1086D000F99A0200189A0200D39702005E990200EC
:1086E000F09C0200039B02000C9E0200C89802004E
:1086F000A09A0200FA9E020071990200C19902003C
:10870000849D020082990200379B0200659C020052
:10871000739A02002E9F0200829702009F98020027
:10872000C36970B504460D46986840F2CC51DEF33B
:10873000CFF2C4F8A800002859D0002140F2CC5252
:10874000D9F37EF4E369D4F8A8601A6DD20305D496
:10875000012204F5825184F81A260A71D868E4F7D8
:10876000B8FB04F5805398620023F363204B204646
:108770002362204B294663621F4BA3621F4BE362B7
:108780001F4BA3671F4BE3671F4BC4F890301F4B71
:10879000C4F884301E4B23631E4B63631E4BE3639C
:1087A0001E4B63641E4B63651E4BA3651E4BC4F8D2
:1087B0008C301E4BC4F888301D4BE3661D4BC4F84B
:1087C0009C301D4BC4F8A0301C4BC4F8A430FEF7FD
:1087D000A7FF60B12046EBF785FD2046FEF702FFBC
:1087E00028B12046FEF75AFF003018BF012070BDA7
:1087F000458201000D2F010065B30100FF730100E8
:10880000657201009F2F0100F9790100E1790100F3
:10881000919101002957010025640100595401007C
:108820007D380100B93A010053B201009D2F0100CB
:108830008D3601005B5701009551010021B2010006
:10884000F8B505460E4600680C211746DEF340F2E7
:10885000044630B100210C22D9F3F2F384E8A000E1
:10886000A6602046F8BD014620B103680C221868B6
:10887000DEF33EB2704700007FB5054688214068B0
:10888000DEF326F2044600283AD000218822D9F3EC
:10889000D7F32B68256063600026042128461A4A16
:1088A0001A4B0096019400F039F9B042A06021DB28
:1088B000174B02968DE84800039660681549164AE2
:1088C0002346FBF309F3A8B91E2262610422E27376
:1088D000022222740A22012362744FF6AF7284F8D6
:1088E0002000E3772373A361A0746073A073A28355
:1088F000A37705E0214668688822DEF3F9F10024B9
:10890000204604B070BD00BF51238500252385009B
:1089100081148500BC1D860003E8860010B504465E
:1089200060B1224606494068FBF30EF363682146B6
:10893000D8688822BDE81040DEF3DAB110BD00BF70
:1089400003E886002DE9F043074685B088461046C7
:1089500040F2C45115469946DEF3BAF104460028A8
:1089600076D0002140F2C452D9F36AF328461C2184
:10897000DEF3AEF10646206038B92846214640F2C3
:10898000C452DEF3B5F1304662E000211C22D9F377
:1089900057F3236840F2C4521C60002662614FF016
:1089A000FF32A261A760E560C4F804909E711423B1
:1089B000A4F808322823A4F806322D23A4F80432A0
:1089C000FA23A4F80A32022384F80C326423A4F8B0
:1089D0003E3284F80D6240461F4922463346E6F394
:1089E0006BF6C4F8F80100B304F51073C4F818323C
:1089F000C4F8143204F53D73C4F82432C4F82032AC
:108A00000522164BC4F81C223C22C4F828228DE80B
:108A10004800134B0296039338681249124A2346C2
:108A2000FBF35AF208B9206812E0D4F8F81111B13A
:108A30004046E6F325F6216819B128461C22DEF3EC
:108A400057F12846214640F2C452DEF351F100208E
:108A500005B0BDE8F08300BFC13C8500F537850057
:108A600089B50100D41D8600E6E8860038B50468A3
:108A7000DCB1D4F8F811A56829B1A868E6F300F6CE
:108A80000023C4F8F831094928682246FBF35CF258
:108A9000216819B168681C22DEF32AF168686269EE
:108AA0002146BDE83840DEF323B138BDE6E8860054
:108AB000F8B5C36906461B69C068DD1D48BF03F1F0
:108AC0000E05ED10EDB2EF0007F592773946DEF3B3
:108AD000FFF00446A0B13A460021D9F3B1F2234693
:108AE00043F8246BE36103EB850303F5807304F51E
:108AF000927223614FF4037384F82050E260636143
:108B00002046F8BD014640B190F820200368D2000D
:108B1000D86802F59272DEF3EBB07047F0B5D0F88A
:108B20000045A5690F2D11D8E7692E01B819013547
:108B3000A5614360059BBA518360069BC360606971
:108B4000C31C591821F003016161F0BD4FF0FF30E3
:108B5000F0BD00002DE9F04F3B4D8DB028683B493A
:108B6000D9F30AF7012861D02B68DFF80C91029342
:108B7000DFF80881D9F8003000240393D8F80030DA
:108B8000334F04932368334E05933B68DFF8F0A01E
:108B900006933368DFF8ECB00793DAF80030DFF8BB
:108BA000E8C00893DBF800302B4809932B4B2C4985
:108BB0001A683C600A92DCF800201C600B92294A7B
:108BC000CCF800403260091A4FF0FF320193CDF823
:108BD00000C02C60C8F80040C9F80040CBF8004045
:108BE000CAF80040D9F31CF71F4A019B9042DDF8F8
:108BF00000C028D1029A2A60039AC9F80020049A7A
:108C0000C8F800202168194A1160059A2260069A66
:108C10003A60079A3260089ACAF80020099ACBF89D
:108C200000200A9A1A600B9BCCF80030104A114BB6
:108C3000D17E1977117F5977517F9977927FDA77B3
:108C40000DB0BDE8F08FFEE7D8FF010094FE0100F3
:108C5000B0C200009CC2000000000000B8C20000CA
:108C6000C0360300DDBAADBBE320BBDEA0C200000E
:108C7000BC360300EC080200DCFF0100D4FF010059
:108C8000ACC20000B4C20000BCC2000070470000CB
:108C90002DE9F04F91B0FFF75DFF6D4B1B68043B72
:108CA000012B03D86B4B1868FFF7F0FFFBF73EFA78
:108CB00000210446E2F3FAF220460021E2F3B0F28A
:108CC00028B1036A002BBCBF4FF0004303620EA91A
:108CD0000822A06BD9F342F402462046D4F83CB0F7
:108CE0000B92E4F7F6F882462046E4F7F2F8814664
:108CF0002046E4F7EEF880462046E4F7C5F807463C
:108D00002046E4F7C1F806462046E4F7BDF80546DC
:108D10002046E3F7CBFE014620460C91E3F7C6FE62
:108D200084462046CDF834C0E3F7C0FE0B9A0C9978
:108D3000DDF834C0029208F54248474A05F542453D
:108D400000F542400AF5424A09F5424908F5A8787B
:108D500007F5424706F5424605F5A87501F542417B
:108D60000CF5424C00F5A870B8FBF2F8B5FBF2F533
:108D70000CF5A87CB0FBF2F00AF5A87A09F5A87901
:108D800007F5A87706F5A87601F5A871B1FBF2F111
:108D9000DFF8E8E0BAFBF2FA02FB1899B7FBF2F74A
:108DA00002FB156602FB10C2CDF804E0DFF8D0E04C
:108DB0002A4BB2FBFEF2B9FBFEF9B6FBFEF60891B8
:108DC00009922749274A28480093CDF80CB0CDF8DE
:108DD00010A0CDF8149006970796E6F77BFD234880
:108DE00040F60D0144F2F432FBF724F938B11F4884
:108DF00040F6290144F2F432FBF71CF920B91C4A71
:108E00001C4B1A4D1A6000E000252046FDF7B8FD06
:108E100044F218334FF6FF72904214BF02461A46CE
:108E200040F612011448FBF705F91349002818BF52
:108E300000214DB141B10F4B28461B685B68984734
:108E40002B6928465B689847204611B0BDE8F08F33
:108E5000BCC20000B8C2000040420F00ABFF860059
:108E60009AFE01009FFE010080AF0200E0FF0100BA
:108E70000C000200F8260000D4FE0100ACBB01008B
:108E8000A0860100776C25643A2042726F616463AA
:108E90006F6D2042434D2564203830322E31312011
:108EA000576972656C65737320436F6E74726F6C73
:108EB0006C65722025730A0025733A2042726F6137
:108EC00064636F6D20534450434D4420434443201A
:108ED0006472697665720A00736470636D646364BA
:108EE0006325640072737369736D6632673D256430
:108EF000007874616C667265713D25640061613251
:108F0000673D307825780062773430706F3D307877
:108F10002578006C6564626825643D3078257800AA
:108F200074737369706F7332673D3078257800729F
:108F300073736973617632673D2564006C65676F92
:108F400066646D3430647570706F3D3078257800DC
:108F500070613168696D61787077723D2564006D6C
:108F6000617870326761303D30782578007061310A
:108F70006974737369743D2564006D616E6669641C
:108F80003D307825780073756276656E6469643D5E
:108F900030782578002004D0023643FFFF626F61ED
:108FA0007264747970653D30782578006D6373253F
:108FB0006467706F25643D30782578006D616E665A
:108FC0003D2573006D61787035676C61303D307898
:108FD0002578006D61787035676C61313D3078259A
:108FE00078006F66646D35676C706F3D30782578FA
:108FF0000072737369736D6335673D256400626F3A
:10900000617264666C616773323D307825780074F4
:109010007269736F32673D307825780070646574CB
:1090200072616E676532673D30782578006D6373D5
:109030006277323035676C706F3D3078257800008C
:10904000006D637362773230756C35676C706F3D9D
:1090500030782578006D63736277343035676C70D3
:109060006F3D307825780000007061316C6F6D6164
:10907000787077723D25640075736265706E756DEA
:109080003D30782578007278706F35673D25640033
:109090006D63733332706F3D30782578007375627D
:1090A00064657669643D3078257800697474356745
:1090B00061303D3078257800697474356761313DE1
:1090C00030782578007061316D61787077723D2558
:1090D0006400626F6172647265763D307825780055
:1090E0006D6373627732303267706F3D3078257808
:1090F0000000006D637362773230756C3267706F99
:109100003D30782578006D63736277343032677054
:109110006F3D307825780000006D637362773230E0
:1091200035676D706F3D307825780000006D637392
:1091300062773230756C35676D706F3D30782578A9
:10914000006D63736277343035676D706F3D3078D2
:10915000257800000073726F6D7265763D2564009E
:109160007770736C65643D2564007061316C6F626B
:10917000303D2564007061316C6F62313D256400C3
:109180007061316C6F62323D2564007061256467E7
:1091900025637725646125643D30782578006D610D
:1091A0007870326761313D307825780070613062C7
:1091B000303D25640070613062313D25640070618E
:1091C0003062323D25640072737369736D63326778
:1091D0003D2564007472693567683D2564007573C8
:1091E0006266733D25640063636B706F3D30782564
:1091F000780074726935676C3D2564006F66646D34
:10920000356768706F3D3078257800616725643D6B
:10921000307825780065787470616761696E3567AC
:109220003D307825780070726F647563746E616D7F
:10923000653D257300636464706F3D307825780068
:109240006C65676F66646D6277323035676C706F1E
:109250003D307825780000006C65676F66646D624C
:10926000773230756C35676C706F3D3078257800DB
:109270006C65676F66646D6277323035676D706FED
:109280003D307825780000006C65676F66646D621C
:10929000773230756C35676D706F3D3078257800AA
:1092A0006C65676F66646D62773230356768706FC2
:1092B0003D307825780000006C65676F66646D62EC
:1092C000773230756C356768706F3D30782578007F
:1092D0007278706F32673D256400727863686169E7
:1092E0006E3D3078257800697474326761303D30A6
:1092F00078257800697474326761313D307825785B
:1093000000616E747377697463683D307825780006
:109310007478636861696E3D307825780070726F8B
:109320006469643D307825780070613069747373C6
:1093300069743D25640063636B64696766696C7476
:10934000747970653D256400636869707265763D67
:109350002564006F66646D3567706F3D30782578E1
:10936000006C656464633D307825303478006D614D
:10937000787035676861303D30782578006D6178A8
:109380007035676861313D307825780070613162F1
:10939000303D25640070613162313D2564007061AB
:1093A0003162323D2564006277647570706F3D30C4
:1093B000782578006D617870356761303D307825AB
:1093C00078006D617870356761313D3078257800BF
:1093D000616E74737763746C35673D3078257800FF
:1093E0006D63732564672563706F25643D30782550
:1093F00078006D637362773230356768706F3D3027
:109400007825780000006D637362773230756C35B3
:109410006768706F3D30782578006D6373627734CC
:1094200030356768706F3D307825780000007472C1
:109430006935673D2564006F706F3D256400766572
:109440006E6469643D30782578006C65676F66648A
:109450006D627732303267706F3D3078257800006A
:109460006C65676F66646D62773230756C326770F9
:109470006F3D307825787061306D61787077723D1E
:10948000256400706131686962303D256400706157
:1094900031686962313D256400706131686962320A
:1094A0003D256400637573746F6D76617225643D4C
:1094B00030782578007265677265763D307825785A
:1094C00000626F617264666C6167733D3078257805
:1094D0000062786132673D2564006F656D3D25301F
:1094E0003278253032782530327825303278253080
:1094F0003278253032782530327825303278006461
:10950000657669643D3078257800706125646777F9
:1095100025646125643D3078257800727373697322
:109520006D6635673D2564006F66646D3267706FE8
:109530003D3078257800616135673D3078257800C9
:109540007770736770696F3D256400627861356775
:109550003D25640074737369706F7335673D3078AF
:10956000257800616E74737763746C32673D307870
:109570002578007273736973617635673D256400E1
:109580006F66646D706F3D30782578007472693253
:10959000673D25640073746263706F3D3078257891
:1095A0000063636F64653D307830006D61636164B2
:1095B00064723D25730063636F64653D25632563B5
:1095C0000063633D25640063636B3267706F3D30F9
:1095D000782578006363746C3D3078257800726577
:1095E0006777696E646F77737A3D25640065787478
:1095F00070616761696E32673D3078257800626F0F
:109600006172646E756D3D256400747269736F35A7
:10961000673D307825780063636B6277323032675C
:10962000706F3D3078257800000063636B6277329D
:1096300030756C3267706F3D3078257800706465E6
:109640007472616E676535673D307825780000007B
:1096500080000000FF0000000C000000000000007F
:1096600000040000FF0000000C00000000000000EB
:1096700000000800FF0000000E00000000000000D5
:1096800002000000010004000300000001000200CD
:109690000A00000002006000DC0500000807170057
:1096A000747870777262636B6F660032675F6367AE
:1096B000610072737369636F72726E6F726D0074A2
:1096C0007373696C696D75636F640074656D707335
:1096D0005F68797374657265736973007273736917
:1096E000636F7272617474656E0035675F63676182
:1096F0000074656D7074687265736800696E746576
:1097000072666572656E6365006D63733267706F54
:1097100031006F70656E6C706761696E6964786244
:10972000256400747373696F66667365746D696E22
:1097300035676C00747373696F66667365746D6901
:109740006E35676D0074656D7073656E73655F73FC
:109750006C6F7065006D656173706F776572007214
:10976000737369736D66326700706C6C646F7562D9
:109770006C65725F6D6F64653267007061726670F0
:10978000730065646F6E746864007266726567303A
:1097900033335F63636B006F70656E6C7067616914
:1097A0006E69647861313430006578747061676126
:1097B000696E35670065787470616761696E3267DC
:1097C000006F70656E6C706761696E696478613195
:1097D000343900747869716C6F7061673267006E3C
:1097E0006F6973655F63616C5F7265665F356700A3
:1097F000706D6178006F70656E6C706761696E691D
:1098000064786131363500706163616C6964783504
:109810006768693100706163616C617468326731D7
:10982000006461636763326700706D696E00706128
:1098300063616C70756C73657769647468007662D7
:1098400061745F6D756C74006D63733267706F3037
:109850000074786761696E74626C006F70656E6C1D
:109860007074656D70636F727200747373696D618B
:10987000786E7074006E6F6973655F63616C5F65AD
:109880006E61626C655F356700747869716C6F74C6
:1098900066006F70656E6C707077726C696D0065D4
:1098A000646F6666746864006E6F6973655F636198
:1098B0006C5F646267006F70656E6C706761696E83
:1098C0006964786131353300706163616C69647813
:1098D00035676869006F70656E6C706761696E6985
:1098E000647861313537006E6F6973655F63616CF1
:1098F0005F757064617465007061676332670073DF
:10990000776374726C6D61705F3267007061636160
:109910006C616C696D0069716C6F63616C707772FA
:10992000326700706163616C707772326731007406
:10993000786761696E74626C356700706163616C31
:109940006174683567686900706163616C6174682F
:1099500035676869310076626174736D63006164B4
:1099600063726673657132670076626174736D66E7
:109970000072786761696E6261636B6F66667661BB
:109980006C0072786761696E74656D70636F727276
:10999000356768006E6F6973655F63616C5F7265E0
:1099A000665F326700766261745F71006E6F697323
:1099B000655F63616C5F706F5F626961735F32677F
:1099C000007266726567303838006F70656E6C7053
:1099D0006761696E69647861313631007061636115
:1099E0006C70777232670064796E7077726C696D33
:1099F000656E0074656D707361760074656D70637B
:109A00006F727278006461637261746532670070AE
:109A1000613062325F6C6F00747869716C6F706175
:109A2000707532670074656D7073656E73655F6F16
:109A30007074696F6E00706163616C617468356722
:109A40003100706163616C61746835676C6F3100FF
:109A5000706163616C696478326731007478616C3D
:109A60007066627970326700706163616C696478F6
:109A7000326700756E6D6F645F727373695F6F66D6
:109A800066736574006F70656E6C70766F6C74636E
:109A90006F727200706163616C6964783567310060
:109AA00072786761696E74626C313030006E6F6914
:109AB00073655F63616C5F6E665F7375627374720A
:109AC0006163745F76616C00747373697478646544
:109AD0006C61790063636B3267706F0063636B5016
:109AE0007772496478436F72720063636B6469676D
:109AF00066696C7474797065006C6F63636D6F6414
:109B00006531006C6F696461636D6F646535670012
:109B1000706163616C617468356700727373697337
:109B2000617632670070613062315F6C6F006D6129
:109B30007870326761300072786761696E74656D44
:109B400070636F727235676D00706163616C617410
:109B500068326700706C6C646F75626C65725F650B
:109B60006E61626C653267007061306230007061F6
:109B7000306231007061306232006F70656E6C70FF
:109B80006761696E69647861333600706163616C26
:109B900066636431006E6F6973655F63616C5F61FA
:109BA000646A5F35670069716C6F63616C696478C2
:109BB00032676F6666730069716C6F7374316F66BC
:109BC000663267006F70656E6C706761696E69649C
:109BD00078613130300072617774656D7073656ED5
:109BE0007365006F70656E6C706761696E6964782B
:109BF000613130340069716C6F63616C6964783213
:109C000067006F70656E6C707077726374726C0051
:109C10006F70656E6C706761696E69647861313010
:109C2000380072667265673033330074785F746F22
:109C30006E655F706F7765725F696E646578006FDF
:109C400070656E6C707265667077720070613062FC
:109C5000305F6C6F006E6F6973655F63616C5F701E
:109C60006F5F32670072786761696E74656D7063EB
:109C70006F727235676C00706163616C696478350E
:109C80006731746800706167633567007061636194
:109C90006C69647835676C6F3174680073776374CE
:109CA000726C6D61705F356700747373696F66669F
:109CB0007365746D696E007370757261766F696437
:109CC0005F656E61626C653267006E6F6973655FB8
:109CD00063616C5F706F5F626961735F3567006FAE
:109CE00070656E6C706761696E69647861343000AC
:109CF0006C6F67656E5F6D6F6465006F70656E6C2D
:109D0000706761696E696478613434006E6F69737D
:109D1000655F63616C5F686967685F6761696E0052
:109D20007266726567303338006E6F6973655F63A2
:109D3000616C5F61646A5F326700706163616C6966
:109D4000647835676C6F31006D656173706F77652E
:109D50007231006D656173706F77657232006F707C
:109D6000656E6C706761696E696478613131360067
:109D7000627068797363616C650072737369736D87
:109D80006332670072786761696E74656D70636FC6
:109D900072723267006F66646D616E616C6F6766C8
:109DA000696C746277326700616132670074656D57
:109DB000705F6D756C74006F66646D3267706F00F4
:109DC0007662617473617600706163616C6174685E
:109DD00035676C6F00706163616C696478326731FC
:109DE00074680063636B5077724F666673657400C6
:109DF0007478707772696E6465780069716C6F63EE
:109E0000616C69647835676F666673007061636161
:109E10006C69647835676C6F00676D6763326700E3
:109E2000706163616C696478356768693174680072
:109E30007278706F3267006E6F6973655F63616C13
:109E40005F656E61626C655F3267006F70656E6C36
:109E5000706761696E696478613532006F70656E34
:109E60006C706761696E696478613536006F706522
:109E70006E6C706761696E6964786131313200744B
:109E80007269736F326700766261745F6164640047
:109E90006F70656E6C706761696E6964786131328C
:109EA00030006F70656E6C706761696E69647861AF
:109EB000313234006F70656E6C706761696E696411
:109EC00078613132380074726964783267006F6685
:109ED000646D64696766696C747479706532670073
:109EE0006F70656E6C706761696E69647861343833
:109EF0000074656D705F6164640072786761696E9B
:109F000074626C776C62676100696E697478696409
:109F10007832670068775F697163616C5F656E00B6
:109F2000697163616C5F7377705F646973006D75ED
:109F3000785F6761696E5F7461626C6500747373EA
:109F4000696F66667365746D6178356768007465FE
:109F50006D705F7100747373696F66667365746D9D
:109F6000617835676C00747373696F6666736574C6
:109F70006D617835676D0074656D70736D63007425
:109F8000656D70736D6600747373696F6666736573
:109F9000746D617800706163616C69647835670025
:109FA0006F70656E6C706761696E69647861363078
:109FB000007478616C706662797032675F63636B9E
:109FC000006F70656E6C706761696E696478613688
:109FD0003400667265716F66667365745F636F7275
:109FE00072006F66646D64696766696C7474797019
:109FF000653567006F70656E6C706761696E696466
:10A000007861313332006F70656E6C706761696EB4
:10A0100069647861313336006F66646D64696766C0
:10A02000696C7474797065007874616C6D6F6465C7
:10A03000007473736974696D65006E6F6973655F31
:10A0400063616C5F706F5F356700747373696F660F
:10A05000667365746D696E35676800090C121818AF
:10A0600018090C1218181800000C076F7A060C0F4C
:10A070007B7E0105080B0E110000000000000000AF
:10A08000000306090C0F1200000000000000000091
:10A09000000306090C0000000000000000000000A2
:10A0A000E8A70200600000001200000000000000AD
:10A0B000200000001EAA0200260000000E00000082
:10A0C0000000000010000000B0AA0200980000008C
:10A0D0000D00000000000000200000005BA0020056
:10A0E0004400000011000000000000000800000013
:10A0F00070AF02001000000010000000000000001F
:10A100000800000007001F004807001F0046070066
:10A110001F004407001E004307001D004407001CE9
:10A12000004407001B004507001A004607001900FD
:10A1300046070018004707001700480700170046A9
:10A1400007001600470700150048070015004607DE
:10A1500000150044070015004207001500400700E5
:10A1600015003F07001400400700130041070013CB
:10A1700000400700120041070012004007001100D4
:10A180004107001100400700100041070010004087
:10A19000070010003E070010003C070010003A07BF
:10A1A000000F003D07000F003B07000E003D0700B9
:10A1B0000E003C07000E003A07000D003C07000DA2
:10A1C000003B07000C003E07000C003C07000C00A1
:10A1D0003A07000B003E07000B003C07000B003B5A
:10A1E00007000B003907000A003D07000A003B0783
:10A1F000000A0039070009003E070009003C07007B
:10A2000009003A0700090039070008003E07000866
:10A21000003C070008003A07000800390700080062
:10A2200037070007003D070007003C070007003A1A
:10A2300007000700380700070037070006003E0741
:10A240000006003C070006003A0700060039070038
:10A250000600370700060036070006003407000531
:10A26000003D070005003B07000500390700050019
:10A2700038070005003607000500350700050033E4
:10A28000070004003E070004003C070004003A07F2
:10A2900000040039070004003707000400360700F7
:10A2A00004003407000400330700040031070004F1
:10A2B0000030070004002E070003003C07000300E5
:10A2C0003A07000300390700030037070003003690
:10A2D00007000300340700030033070003003107C1
:10A2E00000030030070003002E070003002D0700C5
:10A2F00003002C070003002B0700030029070002BE
:10A30000003D070002003B07000200390700020081
:10A31000380700020036070002003507000200334C
:10A3200007000200320700020030070002002F077A
:10A330000002002E070002002C070002002B07007D
:10A3400002002A0700020029070002002707000276
:10A350000026070002002507000200240700020073
:10A36000230700020022070002002107000200204C
:10A37000070001003F070001003D070001003B0707
:10A3800000010039000000004000000080000000D3
:10A39000C0000000010000000500000002000000F5
:10A3A000060000000A0000004A0000008A000000C9
:10A3B000CA0000000A0100004A0100008A010000F2
:10A3C0008A0500008A0900008A0D00008A11000039
:10A3D0008A5100008A9100008AD100008A11010090
:10A3E0008A5101008A910100890000008AD1010090
:10A3F0008A110200000000000000000000000000C0
:10A40000000000000000000000000000000000004C
:10A41000000000000000000000000000000000003C
:10A42000000000000000000000000000000000002C
:10A43000000000000000000000000000000000001C
:10A44000000000000000000000000000000000000C
:10A4500000000000000000000000000000000000FC
:10A4600000000000000000000000000000000000EC
:10A4700000000000000000000000000000000000DC
:10A4800000000000000000000000000000000000CC
:10A4900000000000000000000000000000000000BC
:10A4A00000000000000000000000000000000000AC
:10A4B000000000000000000000000000000000009C
:10A4C000000000000000000000000000000000008C
:10A4D000000000000000000000000000000000007C
:10A4E000000000000000000000000000000000006C
:10A4F000000000000000000000000000000000005C
:10A500000000000084A302006000000012000000B0
:10A510000000000020000000D2A902002600000078
:10A520000E000000000000001000000010AD02004E
:10A53000980000000D000000000000002000000056
:10A540006AAA0200440000001100000000000000A0
:10A550000800000070AF02001000000010000000B2
:10A560000000000008000000030013004103001376
:10A5700000400300120041030012004003001100DC
:10A58000410300110040030010004103001000408F
:10A59000030010003E030010003C030010003A03CB
:10A5A000000F003D03000F003B03000E003D0300C1
:10A5B0000E003C03000E003A03000D003C03000DAA
:10A5C000003B03000C003E03000C003C03000C00A9
:10A5D0003A03000B003E03000B003C03000B003B62
:10A5E00003000B003903000A003D03000A003B038F
:10A5F000000A0039030009003E030009003C030083
:10A6000009003A0300090039030008003E0300086E
:10A61000003C030008003A0300080039030008006A
:10A6200037030007003D030007003C030007003A22
:10A6300003000700380300070037030006003E034D
:10A640000006003C030006003A0300060039030040
:10A650000600370300060036030006003403000539
:10A66000003D030005003B03000500390300050021
:10A6700038030005003603000500350300050033EC
:10A68000030004003E030004003C030004003A03FE
:10A6900000040039030004003703000400360300FF
:10A6A00004003403000400330300040031030004F9
:10A6B0000030030004002E030003003C03000300ED
:10A6C0003A03000300390300030037030003003698
:10A6D00003000300340300030033030003003103CD
:10A6E00000030030030003002E030003002D0300CD
:10A6F00003002C030003002B0300030029030002C6
:10A70000003D030002003B03000200390300020089
:10A710003803000200360300020035030002003354
:10A7200003000200320300020030030002002F0386
:10A730000002002E030002002C030002002B030085
:10A7400002002A030002002903000200270300027E
:10A75000002603000200250300020024030002007B
:10A760002303000200220300020021030002002054
:10A77000030001003F030001003D030001003B0313
:10A780000001003903000100380300010036030016
:10A790000100350300010033030001003203000112
:10A7A0000030030001002F030001002E0300010010
:10A7B0002C030001002B030001002A0300010029E3
:10A7C0000300010027030001002603000100250308
:10A7D0000001002403000100230300010022030004
:10A7E000010021030001002000000000040000001F
:10A7F0004000000080000000C000000001000000D8
:10A80000050000004500000085000000C5000000B4
:10A8100005010000450100008501000085050000DC
:10A8200085090000850D000089090000890D0000E0
:10A8300089110000895100008991000089D1000030
:10A8400089110100854D0000858D000085CD000037
:10A850008951010089910100000000000000000002
:10A8600000000000000000000000000000000000E8
:10A8700000000000000000000000000000000000D8
:10A8800000000000000000000000000000000000C8
:10A8900000000000000000000000000000000000B8
:10A8A00000000000000000000000000000000000A8
:10A8B0000000000000000000000000000000000098
:10A8C0000000000000000000000000000000000088
:10A8D0000000000000000000000000000000000078
:10A8E0000000000000000000000000000000000068
:10A8F0000000000000000000000000000000000058
:10A900000000000000000000000000000000000047
:10A910000000000000000000000000000000000037
:10A920000000000000000000000000000000000027
:10A930000000000000000000000000000000000017
:10A940000000000000000000000000000000000007
:10A9500000000000000000000000000000000000F7
:10A960000000000000000000070010003907001080
:10A9700000380700100036070010003407001000F0
:10A980003307001000310700100030070010002FBF
:10A99000070010002D070010002C070010002B07E7
:10A9A0000010002A070010002807001000270700E9
:10A9B00010002607001000250700100024070010D3
:10A9C00000230700100022070010002107001000DC
:10A9D00020008000800080008000800080008000D7
:10A9E00080008000810082008300840085000401D3
:10A9F00005018000800080008000800080008000D1
:10AA000081008200830084008500040105010601A5
:10AA1000070119018701880189018A018B0100045E
:10AA20000004000400040004000400040004000406
:10AA300000040004010480048204830484040004EC
:10AA400000040004000400040004000400040004E6
:10AA500001048004820483048404850486040505BB
:10AA600006050705080509050A05090C1218181836
:10AA7000090C1218181800000C076F7A060C0F7BCF
:10AA80007E0105080B0E1100000000000000000010
:10AA90000306090C0F120000000000000000000077
:10AAA0000306090C00000000000000000000000088
:10AAB0000000000040000000000000004000000016
:10AAC0000000000040000000000000004000000006
:10AAD00000000000400000000000000040000000F6
:10AAE00000000000400000000000000040000000E6
:10AAF00000000000400000000000000040000000D6
:10AB000000000000400000000000001040000000B5
:10AB10000000000048000000000000204800000085
:10AB20000000003048000000000000404800000025
:10AB300000000050480000000000006048000000D5
:10AB400000000050500000000000006050000000B5
:10AB50000000007050000000000000805000000065
:10AB60000000009050000000000000A05000000015
:10AB7000000000B050000000000000C050000000C5
:10AB8000000000D050000000000000E05000000075
:10AB9000000000F050000000000000E0580000003D
:10ABA00000000000590000000000001059000000E3
:10ABB0000000002059000000000000305900000093
:10ABC0000000004059000000000000505900000043
:10ABD000000000605900000000000000400000007C
:10ABE00000000000400000000000000040000000E5
:10ABF00000000000400000000000000040000000D5
:10AC000000000000400000000000000040000000C4
:10AC100000000000400000000000000040000000B4
:10AC2000000000104000000000000000480000008C
:10AC30000000002048000000000000304800000034
:10AC400000000040480000000000005048000000E4
:10AC500000000060480000000000005050000000AC
:10AC60000000006050000000000000705000000074
:10AC70000000008050000000000000905000000024
:10AC8000000000A050000000000000B050000000D4
:10AC9000000000C050000000000000D05000000084
:10ACA000000000E050000000000000F05000000034
:10ACB0000000007051000000000000805100000002
:10ACC000000000905100000000000020590000002A
:10ACD0000000003059000000000000405900000052
:10ACE0000000005059000000000000605900000002
:10ACF000000000A059000000000000B05900000052
:10AD00000000000000000000000000000000000043
:10AD10000000000008000000000000000800000023
:10AD20000000000008000000000000000800000013
:10AD30000000000008000000000000000800000003
:10AD400000000000080000000000000008000000F3
:10AD500000000000080000000000001008000000D3
:10AD60000000002008000000000000300800000083
:10AD70000000004008000000000000500800000033
:10AD80000000004010000000000000501000000013
:10AD900000000060100000000000007010000000C3
:10ADA000000000801000000000000070180000008B
:10ADB0000000008018000000000000901800000053
:10ADC000000000A018000000000000B01800000003
:10ADD000000000C018000000000000D018000000B3
:10ADE000000000E018000000000000F01800000063
:10ADF0000000000019000000000000101900000011
:10AE000000000020190000000000003019000000C0
:10AE10000000004019000000000000501900000070
:10AE20000000006019000000000000701900000020
:10AE30000000008019000000000000000800000071
:10AE400000000000080000000000000008000000F2
:10AE500000000000080000000000000008000000E2
:10AE600000000000080000000000000008000000D2
:10AE70000000001008000000000000200800000092
:10AE80000000003008000000000000400800000042
:10AE9000000000500800000000000040100000000A
:10AEA00000000050100000000000006010000000D2
:10AEB0000000007010000000000000901100000071
:10AEC0000000007018000000000000801800000062
:10AED0000000009018000000000000A01800000012
:10AEE000000000B018000000000000C018000000C2
:10AEF000000000D018000000000000E01800000072
:10AF0000000000F018000000000000001900000020
:10AF100000000010190000000000002019000000CF
:10AF2000000000301900000000000040190000007F
:10AF3000000000501900000000000060190000002F
:10AF400000000070190000000000008019000000DF
:10AF5000000000A019000000000000B0190000006F
:10AF600000000000000000000000000000000000E1
:10AF70005F36291F5F36291F5F36291F5F36291F5D
:10AF80000A525445202825732D25732573257329CE
:10AF9000202573206F6E2042434D25732072256457
:10AFA00020402025642E25642F25642E25642F251E
:10AFB000642E25644D487A0A000000002DE9FF4107
:10AFC00007460D460846FC2116469846DBF380F6F8
:10AFD000044660B30021FC22D7F332F00A9B3846C6
:10AFE000009304F16403019304F16803029329467A
:10AFF00032464346FBF792FC2066D0B140F6120180
:10B000000022E0F3FBF000210A46E0662560206E96
:10B01000DFF318F72046F8F72BF9206EFBF7F6FA66
:10B0200028462146FC22DBF363F6002002E01E20C6
:10B0300000E00B2004B0BDE8F08100007A8600003B
:10B0400001BC600300104E03BFDE02F00C2603A813
:10B050005E02F0001303A65E02F0001302825E534C
:10B0600000001302855EAF00001303A35E02F00030
:10B07000130283C21F0000130286C03700001302B0
:10B080000200BF00001003A85E02F000130282DE7F
:10B09000BB0000130282DEB300001302835EB70020
:10B0A000001302845EB3000013028600C700001381
:10B0B000028480C300001301BC63FF1FF040000046
:10B0C000DE02F00000035B5E02F0001501BC6013BD
:10B0D00000104300015E02F0000000025E02F01169
:10B0E0008B00025E02F011A0020200BF000092027B
:10B0F000045EFF00001D006B446557401D01846025
:10B1000002F7F7BF01BC6003000AAC00025E02F068
:10B110000F340202DEFF000022006B446555E0227E
:10B120000182E002F7F7BF03BFDE02F005C8006846
:10B130002B670000270280DEFF000092006B446551
:10B140005B20920184E006F577AB00025E02F0110D
:10B1500032020480C7000029028180C700002B0151
:10B16000806002F7F7BF01BC6003000AE000902B8B
:10B17000FB00D7A200E02BF6F457A3006D446AF45D
:10B18000602F00B02BEF000AF601876002F7F7BFCF
:10B1900000682BD700003600E944655EB7A300E8DD
:10B1A000C4695F37A20068DE8B000036006DDE8D5B
:10B1B0005EC03601876006F7F7BF0207DEFF0000BA
:10B1C0003B00E844655AF7A2006D5E895AC03B0116
:10B1D00087E002F7F7BF01BC6003000AD700682AC6
:10B1E000FF00004600E8446557F7A1006DDE855773
:10B1F000004200682B3B00004600E8446559D7A197
:10B20000006DDE8557004403BFDE02F0004601BC3E
:10B210006003000AC001BC6003000ABF01BC6003F8
:10B22000000ACE01BC6003000AC60202DEB30000C1
:10B23000490200420300004900025E02F00B1D02B9
:10B24000845EB30000920068AB070000920283DEC8
:10B25000B700004D020180C700006800B02AC3009B
:10B2600017A202802BEB00005400B02B1B0017A18B
:10B27000006DDE855CA08600685E87000054006873
:10B280002BFF00005400B02BFF0017A200682B0317
:10B2900000005900E844655817A1006DDE86F440AF
:10B2A0008600E05E8555B7A1006DDE86F44086021B
:10B2B00002DEBB00006800682AB300006800E844B2
:10B2C000655697A100E02AB30157A2006EDE86F40E
:10B2D00040620182E002F5D7AE01BC6003000AF0D3
:10B2E00001BC6003000AAC03BFDE02F0006800E8A6
:10B2F0002AB2F437A100902AB30037A2006E2AB612
:10B30000F4406600B02AB70017A20069DE86F44058
:10B310006803BFDE02F000860283DEB700007E0213
:10B320008881AB00007C02035EB7000092020480BB
:10B33000C700006D02005EFF00007C028080BF003D
:10B34000007C00682B3B00007302802BEB00007335
:10B3500000B02B430017BB006E2B1AF7609203BF9F
:10B36000DE02F0007C0204DEB700007503BFDE02DF
:10B37000F0007C028400C7000077028600C700004E
:10B380007800682B0300007C00E8446556F7A100B4
:10B390006DDE8557C07C006CC46557209202845EC8
:10B3A000B700009200025E02F0114D03BFDE02F012
:10B3B000009201BC63FF1FF7A100684586F4207C62
:10B3C0000203C57300008602845EB7000086020196
:10B3D00000C7000092006B44655740920020E3FED6
:10B3E0001460920282DEBB000092028881AB0000F2
:10B3F000920282DEB3000092028080BF00009202BF
:10B4000084DEAF00009202825EBB00009203A0DEE9
:10B4100002F0008E0200420300008E00025E02F085
:10B420000B1D01836002F5B7AD0184E006F577AB33
:10B4300001BC6003000AC100B04467000AC2018079
:10B4400060020D906C03595E02F0009403D85E0216
:10B45000F0009503D8DE02F0009601BC6183001174
:10B460002900B0007B00112B01BC630300112303F2
:10B47000125E02F00A9603975E02F00B2E02018123
:10B48000B30000A90285C5230000A9028781B3008B
:10B4900000A203A3DE02F000A903A0DE02F000A9CF
:10B4A00000025E02F00B1D0187E0040D806C00E0DD
:10B4B00044640DB7BD006B4466F7A0A301BC6003F4
:10B4C00001978001BC600300378101BC606B0050B4
:10B4D0008A01BC600306379203BFDE02F002DA0382
:10B4E000D05E02F0031403D0DE02F0052603D5DEA1
:10B4F00002F00A5003915E02F0059C0396DE02F012
:10B500000A4B0288C1730000CA03C45E02F007162A
:10B5100003C75E02F0073C03DCDE02F011E003AA81
:10B520005E02F0077F0386DE02F00A8E0287C037D4
:10B53000000A8E03835E02F008C00391DE02F0066B
:10B540001E03C2DE02F00AF300025E02F00F3300B7
:10B55000025E02F0118B03D4DE02F006AF03A3DE1D
:10B5600002F0000200025E02F00E6403A25E02F02E
:10B5700000C703565E02F000C40186600609104849
:10B58000031F5E02F000C4006A5E230000C300B027
:10B59000002700178800E85E2300378803A65E02B4
:10B5A000F0012800025E02F00EFB0028600E08E1A8
:10B5B0004903C4DE02F00B650020C20300215B03D7
:10B5C000BFDE02F001A603815E02F000CC0300DEC4
:10B5D00002F000AF0188E0020B905C03BFDE02F0D6
:10B5E0000311028740630000CE0282C1070000CF32
:10B5F00001866006F43018028640630000D100B076
:10B600005E870017A10002DE02F00000028740639F
:10B610000000D400B05E8B0010190186E006F43003
:10B62000180281DEAF0000D90286C0630000D80096
:10B63000B05E870017A10002DE02F0000001BC60CE
:10B64000030280060280DE070000E501DA6002F0F6
:10B65000178002085E070000F501BC60031E17A1F9
:10B6600000E05E02F4306501BC60031C17A100E03D
:10B670005E02F4306401BC600300281703BFDE02E1
:10B68000F000FB01105E030017A100885E87003701
:10B69000A200E05E86F457A100E0015AF430630294
:10B6A0008600C30000EE00B0560B00106200B054DC
:10B6B0000300106201BC600300281703BFDE02F024
:10B6C00000FD00B0418F0010620109DE030017A1E8
:10B6D00000885E870057A100E05E850577A100E045
:10B6E0005E8703C00601BC600300481703BFDE028B
:10B6F000F000FD01BC60070217A100E05E02F4301B
:10B700006501BC60070017A100E05E02F43064012F
:10B71000BC600318000601BC600300081700B05AA3
:10B720000300106200B058030010630105014300DC
:10B7300017A10088001AF420060002DE02F00000C3
:10B7400001BC600306379201BC63FF1FF0C301BC5C
:10B7500060031890E301BC63FF1FF0C501BC63FFE9
:10B760001FF0C601BC63FF1FF0C701BC60FB1C10CB
:10B77000E501BC600300501000B040430018000019
:10B78000B040470010E701BC63FF1FF0C40002DEB9
:10B7900002F0000000E840330097A100B0400B0029
:10B7A00017A3006D5E86F4611100905E8F0037A3D1
:10B7B00003BFDE02F0011200905E870037A301BCD8
:10B7C000601F1417A100E05E8EF437A301F04197CB
:10B7D0000017A1006DDE86F461260287C197000183
:10B7E0001A01385A030017A1013C5A030017A2039B
:10B7F000BFDE02F0011C013C5A030017A101385AB8
:10B80000070017A200685E86F4812100D85E8B00D5
:10B8100037A200E14196F4506500E1C19700306520
:10B8200003BFDE02F0011400D85E8B0037A200E1F6
:10B830004196F457A100E1DE870037A101F05E8751
:10B840000017A1006EDE86F4612701BC63FF1FF7BD
:10B85000A40002DE02F000000020E38E09000203D3
:10B860001EDE02F0012D039F5E02F0012D00025E3C
:10B8700002F0015003BFDE02F000020208411F0087
:10B88000012B0181600561CB0E00025E02F00B1DF1
:10B8900000B000AB00108600B0016300108A000207
:10B8A0005E02F00D3601BC600304179200B0003B4D
:10B8B00000111D0190600609104803A1DE02F0018D
:10B8C000430181E00609104801BC60030090420179
:10B8D000BC600300112D039EDE02F001460184606E
:10B8E00002F2979400B0451700178F00B05E170062
:10B8F00017900200441F00014101856002091048B1
:10B900000181600700104701F0DE0F0037A100A0A1
:10B9100044B6F43145039EDE02F0014601BC6137B6
:10B9200012B08003BFDE02F0000200A044B42A314E
:10B930004501BC612712708003BFDE02F0000200E7
:10B9400020E082090002010CDE530017A101885E8D
:10B950008700104701BC60030050420108411F00EE
:10B9600017A1018CDE86F2979403BFDE02F000027D
:10B9700001BC600300904200E02FC3002BF000E800
:10B980005E230037880069DE2300015500E80027A8
:10B990000037880186600209104801856006F5B706
:10B9A000AD0088009B00D1260090009B015128012A
:10B9B000BC63030011240002DE02F000000020E05E
:10B9C0007E09000200025E02F00F050283C21F0022
:10B9D0000002020280F300016500B044670017A175
:10B9E000017C5E862357A302835EFF00016400E0B2
:10B9F00000FAF4682F01836006F7F7BF006BDE8D55
:10BA000005E1690206D00300016D00E95086233785
:10BA1000A100E8D08A2357A20069DE8B00016D00E7
:10BA2000025E02F00B1D0191601684F42700E020F5
:10BA3000BF00882F03BFDE02F002F7020400BF0040
:10BA4000017303945E02F0000200A0428F01F780B0
:10BA500000685E002DC00200025E02F00B1D03BFF5
:10BA6000DE02F000130201C28F0000020114006325
:10BA70000017A100685E8700600200025E02F00B02
:10BA80001D0194600F00001800025E02F0017A03AD
:10BA9000BFDE02F00013011400630017A100B05EC6
:10BAA000870010A501BC601311106000685E87005C
:10BAB000018100E0418306D06000E85E870037A185
:10BAC00003BFDE02F0017D028050C300018B0187BD
:10BAD00060040310A000B000630010B400B042D3B3
:10BAE000001800008841830030B601BC60030B10D1
:10BAF000B500B0006300B0B40317DE02F0018803A4
:10BB000097DE02F00189018060068614300002DEB3
:10BB100002F000000020E0128041A50187600403CC
:10BB200010A000B000630010B401BC60030E10B59B
:10BB300000B0006300F0B401BC60570490B600B0E0
:10BB400000630010B401BC600302D0B50207500BC3
:10BB50000001A201BC600303D0B5018E6002F29720
:10BB6000940204500B00019B0204D00B00019B01C6
:10BB7000866006F2979400E042D700D0B500A0504E
:10BB80000B1117A10068DE871101A10186E006F202
:10BB9000979400E042D70050B50207D00B0001A1F6
:10BBA00000E042D70090B500B042D70011E100B0EC
:10BBB000006300B0B40317DE02F001A30397DE02B6
:10BBC000F001A40002DE02F00000006820DB0001AA
:10BBD000A9006CC46506C01301BC600300083600F0
:10BBE0006820D30001AC006CC46506A01301BC60E2
:10BBF000030008340020E0BE09000203905E02F05A
:10BC0000001303A25E02F001E7020200BF0001B1CF
:10BC10000203C5730001DA00682F630001B500E874
:10BC200044657B17A1006D5E857AE1DA01BC600393
:10BC3000000BD800682D930001DA0282C1070001D1
:10BC4000DA028042030001DA0285C5230001DA022C
:10BC50008640370001DA0181E006F577AB00B02DB0
:10BC6000970017A101BC602F1037A201BC60030030
:10BC700017A300025E02F0131700B02D9B0017A15E
:10BC800001BC602F1737A201BC60030017A300029C
:10BC90005E02F0132501BC60131A17A100025E02B8
:10BCA000F000CE00B040670417A200025E02F00070
:10BCB000D400E0446700D7A1006CC466F421C80139
:10BCC000BC60130ED7A100025E02F000CE00A040BF
:10BCD000673FF7A201BC601314D7A101BC62030047
:10BCE00017A300B05E8AF477A200025E02F000D4CF
:10BCF00000B02D970017A101BC602F0CF7A201BC6A
:10BD000060030017A300025E02F0131700B02D9B22
:10BD10000017A101BC602F1377A201BC60030017BC
:10BD2000A300025E02F013250181E002F577AB016A
:10BD3000BC6003000B6400025E02F00E14020200FD
:10BD4000BF0001E60284DEAF0001E102035EB7003E
:10BD500001E600025E02F010FE02035EB70001E69B
:10BD600003BFDE02F0000202035EB70001E402043A
:10BD700080C70001E602805EFF0001E600025E026D
:10BD8000F010BE03BFDE02F0000200025E02F00F00
:10BD9000050200421F0001FE006842F30001EA00B4
:10BDA0006D42F30041FE011400630017A100B05E74
:10BDB000870017A203A25E02F001F30183E0020DE7
:10BDC000906C03145E02F00200006EC456806200A4
:10BDD00002814523000200006E5E870061FE01BC07
:10BDE00060030077A200886006F457A300885E8B8A
:10BDF00001001800E85E8B0037A20020C28EF461BB
:10BE0000F9006ADE86F441F303BFDE02F001FE00B2
:10BE1000900063010165008085970217A100E0642E
:10BE2000820DA16600025E02F00EBC03BFDE02F0CE
:10BE3000022A0182600209104803BFDE02F00002FC
:10BE400001BC600300111500B0017F0017A6031F9D
:10BE50005E02F0020F020300C30002050020C28F41
:10BE600002020903255E02F0020F0020C28F0202C7
:10BE70000900688153FFE01303BFDE02F0020B01EB
:10BE800094601300001803BFDE02F0022A039EDE56
:10BE900002F0020E0068DE980BC20E0201411F0084
:10BEA0000C810185600209104800685E980BC2137E
:10BEB00000695E9F00622F0298428F00021303BF49
:10BEC000DE02F0022F0201411F000C81020400BFBC
:10BED00000021A0218428F000C8100025E02F00E6E
:10BEE0009E00025E02F00EBC01940587000018035C
:10BEF000BFDE02F0022A020013BB0002230200157B
:10BF00006B00022600B013470017A10068DE84A76B
:10BF1000A22300B0134B0017A10068DE84A7C22340
:10BF200000B0134F0017A10068DE84A7E223029E31
:10BF300013970002260201C28F0002280194600FAD
:10BF400000001803BFDE02F0022A0201C28F0002C5
:10BF500028018060060D906C0200C28F000C8101E8
:10BF600094600700001800025E02F0017A020400EB
:10BF7000BF00025F0285006300025F0183E0060DDF
:10BF8000906C03BFDE02F0025F01BC60031810601A
:10BF90000129500B00179200B0017B00106500686A
:10BFA00000EB00023800885A130117A100E844662C
:10BFB000F437A1006EDE8407423800E0029B0020C7
:10BFC000A603BFDE02F006A8019060120910480126
:10BFD00094601F00001801085A0F00178101885E45
:10BFE0000681540A01345A0F00178000025E02F0E5
:10BFF00000DB00B0017B00106500B056230017A1E4
:10C0000000E05E86A097A100E85E8400F40300E8EB
:10C010005E8400F41600B05A0300141300B05A07EF
:10C0200000141400B05A0B0014150068DE0700421B
:10C030005000E800970057A101BC5E86F0141B0178
:10C040007C5E8700F41C00B0205F00178100025E58
:10C0500002F00D3A00B0017B00106501085A0F0094
:10C06000178100B05E8700141E03BFDE02F002538A
:10C0700000B0561700141B00B0561B00141C00B073
:10C08000541300141E00B05013001086006D00A75A
:10C090000082590190016300108A00B0418F0010A6
:10C0A0006200025E02F011AD00B0422B00140601E6
:10C0B000BC60031817A1006DC18C20025C01BC603C
:10C0C000030297A100E05E840377A100E05E86B0E2
:10C0D000111D03BFDE02F002D4020300C700026F8D
:10C0E000020CD00300026F011400630017A1028547
:10C0F000006300026F0080DE8701F7A201BC601BB5
:10C100000257A200E05E8A0DB06500B041970014AE
:10C11000320080DE8700B7A201BC60171FD7A200E3
:10C12000E05E8A0DB06400B041930014330068D81B
:10C130001300027902005A1B00027101806006841C
:10C14000F42703BFDE02F005C80201D0030002712C
:10C1500000B0509B00142F0281D0C70002F4010BE5
:10C16000D0030017A1013C502B0017A2018C5E8662
:10C17000F457A1014801430017A200685E86F4420B
:10C18000790191601284F42703BFDE02F002F70008
:10C19000025E02F0018C00B0501300108600B05017
:10C1A0001700108A00682FBF0002840291D0170088
:10C1B00002820291D01B0002820291D01F000282F3
:10C1C0000291D02300028203BFDE02F002840191BB
:10C1D000600284F42703BFDE02F002F703A25E02CE
:10C1E000F002B3020CD0030002A0020300C7000259
:10C1F0009F00B050CB00106500025E02F0124602B4
:10C200000350C700028D01BC60230097A100A85015
:10C2100002F4340003BFDE02F002A4020481AB008A
:10C22000028F006D4246C0801300B05A1300178081
:10C2300000025E02F000E500B0540F00141E00B0D2
:10C240005A070017A100B05A1300178001875A1629
:10C25000F0178000B0418F00106500025E02F011FF
:10C26000B600E05E86A0740302875E0300029E01B2
:10C2700009DE030017A300E05E8B0077A200E05EFA
:10C280008AF477A200885E8B0037A100E05E86F416
:10C29000508903BFDE02F002A4006D424A8480137D
:10C2A000010650070017A1028CD0030002A300680A
:10C2B0005E870002A40182DE86863431018260023C
:10C2C0008634310020D0030402AA00B0504F001180
:10C2D000F200B050530011F300B050570011F401B8
:10C2E000BC60030091F0020101B30002AC0187E0E1
:10C2F00006F577AB03945E02F002B302065003002A
:10C3000002AF0287DEAF0002B302815003000507CF
:10C310000202D0C70002B20208502B0002B302850D
:10C32000D00300051E0190601286343103A25E0224
:10C33000F002C000B0500F0011160202D0C7000278
:10C34000B800B0505B0011160282D0030002C00298
:10C350008147C30002B90280504F0002BE0020474F
:10C36000C73F82C00020C7DB00C2F603BFDE02F079
:10C3700002C003A55E02F002C00280C7DF0002F621
:10C38000028850C70002DA0129500B0017920203FD
:10C3900000C70002CD020CD0030002CD028350C7BB
:10C3A0000002CD00B050CB00106501385A130017C1
:10C3B0008001825A17005781010E5A130017A101FC
:10C3C0008E5E86F037810202D0C70002DA00B050DC
:10C3D0001B00108A03BFDE02F002DA0282D0C7001F
:10C3E00002D401385027001780010850130017812C
:10C3F000010250130017A101825E86F0378100B060
:10C40000507F00108903BFDE02F002DA0138506F5E
:10C410000017800108502B0017810106D007001774
:10C42000A101825E86F0378100B0501B00108A00A7
:10C43000B0508300108900025E02F000DB00025E53
:10C4400002F00D2D0102421B00178101825E0502E0
:10C45000F78100025E02F00D3A00E05E840117A150
:10C4600001D9DE87001083020001B30002E301E07E
:10C4700001B700108301BC613703B79100685E4BC0
:10C480000282FA020400BF0002E8028750030002A1
:10C49000E803945E02F002E903225E02F002EB017F
:10C4A000BC610300308003BFDE02F0000201BC610A
:10C4B0003303B791032BDE02F002F100900063001A
:10C4C00097A100E06482F43065006E5A130022F1F7
:10C4D0000188E006F237910068DE4B0482F301BC6C
:10C4E00061BB03B79103BFDE02F002FA0191600E57
:10C4F00084F42703BFDE02F002F70191600684F4A2
:10C500002701BC60030010B40181E00686343103CA
:10C51000BFDE02F005C803C4DE02F00B6502065060
:10C52000030003020207DEAF00030201BC61030047
:10C5300037910207500300030001BC620300F7912A
:10C5400000E0010B00204203BFDE02F0030301BC48
:10C55000600300204200B05E47001080020001B37B
:10C5600000030901826006103081020181B30003DB
:10C570000901BC600305B79303BFDE02F006DA02CF
:10C580000400BF00031000B0058B001064006E456E
:10C59000170000020068DE4B02830F00A044B42A9B
:10C5A000314503BFDE02F0000200025E02F00D47DB
:10C5B0000068C51700000203D05E02F003140002F9
:10C5C0005E02F00D4703BFDE02F00002018360024D
:10C5D000F7F7BF01BC600300900400A841233010AE
:10C5E0004801BC620F0011E001816002F5D7AE0284
:10C5F0000200BF0003280068DE4B02031C00025E3D
:10C6000002F013110068DE4B06232802045EB3001B
:10C6100003280200456F00032800E8446556F7A18F
:10C6200000E82AAEF437A100695E87082328018359
:10C63000E0022B915C020701AB0003250180E002C0
:10C6400009D04E01BC600318517800B045E30018D2
:10C6500000018060022F31790187E002F577AB009D
:10C6600068810B00232B00B044670000430182E087
:10C6700006091048018160020D906C018260062855
:10C6800091440188E0020B905C00025E02F00F33DF
:10C690000185E002F7F7BF0288421B0003330185E2
:10C6A000E006F7F7BF035B5E02F0033501BC6013E1
:10C6B00000104301BC600300108501BC6003001042
:10C6C000B8008850770090B90208502B00033C0155
:10C6D0003850730017A1017C506EF437A100885EBA
:10C6E000870090B9020047A300034001BC6003002B
:10C6F00011EA009042E70091EB00B047A300D1E8B7
:10C70000020047B300034201B0E08E3D91EC01D23C
:10C71000E00210908403A95E02F0043101BC6003C2
:10C7200000108400E001C3002070028181B3000387
:10C73000780320DE02F0039401816006F5B7AD00B6
:10C7400068DE4B04A35B0203DEBB00034D00E02C5C
:10C750008F00106503BFDE02F0034E01BC602301B1
:10C76000D06500A05E7FFE10EC00B05A030010ED13
:10C7700000B05A070010EE00B05A0B0010EF00B0E6
:10C780005A0F0010F001BC63FF1EF08401BC60036F
:10C7900000308501BC60030010B401BC600301D00F
:10C7A000A601BC60030450B501BC602304D0B400F2
:10C7B000E002AF0020AB03BFDE02F003DC0068DE66
:10C7C0004B05236101BC60030010B401BC60071578
:10C7D000D0A601BC600302D0B501BC602304D0B474
:10C7E00003BFDE02F0036B0068DE4B024378028574
:10C7F000C38F00036400E05E2700378901DA5E27FB
:10C800000010EE01BC63FF1FF0CE01BC60030010FE
:10C81000B401BC600300D0A601BC600303D0B50125
:10C82000BC602304D0B400E001D300207401BC61DB
:10C83000FF1FF08401BC60030010850184600700C5
:10C8400011E00282DEB30004EE02045EB30004EEE7
:10C850000183E00609104800B0412300180001BC24
:10C86000600306B78E0181E006F5D7AE00B0541321
:10C870000017A100E05E840117A100885E870070A8
:10C880008303BFDE02F004EE01BC60031FF08401ED
:10C8900003DE530017A202005EFF00037C01BC60B0
:10C8A000030037A200682B6700037E01BC60030011
:10C8B00037A201865E8A1C70E3006AC39300038876
:10C8C00000E8439000D0E40202421B00038600907F
:10C8D000001B0037A10020421B00438500B020AFA1
:10C8E0000017A100E04392F430E40069C393000311
:10C8F0008801BC60030010E400682B6700038A0015
:10C90000E043915BF0E401BC60030010B401BC6043
:10C91000030010A601BC60030210B501BC60230433
:10C92000D0B400685E4B06A39200E001CB002072F9
:10C9300001BC600300083703BFDE02F003DC00E047
:10C9400001CF00207303BFDE02F003DC03205E0290
:10C95000F003E30181E00209104800E001D7002064
:10C9600075031EDE02F003C301BC60030017A200C2
:10C970006A5E2300039C0102428F0017A201855EBC
:10C980008A0910480180E0061030810284DE5300DD
:10C9900003A300B000770017A100E05E840437A174
:10C9A00000885E870057A100E05E870D57A103BF96
:10C9B000DE02F003A401BC60030D57A1006800274C
:10C9C0000003C300E05E8401F7A101BC60230150B5
:10C9D00065008841970030B601BC60030010B400C8
:10C9E000905E870050A601BC60030110B501BC60D9
:10C9F0002300B0B40317DE02F003AC0397DE02F0AD
:10CA000003AD0020DE870043B60020DE870023B39D
:10CA100001B85E22D0168001805E8AD0368103BFC5
:10CA2000DE02F003BC01BC5E22D0168001845E8A67
:10CA3000D0368103BFDE02F003BC0020DE87002376
:10CA4000BA01B85E22D0368101805E8AD056820358
:10CA5000BFDE02F003BC01BC5E22D0368101845EE1
:10CA60008AD0568201886002F430A800B05A0300D0
:10CA700010B000B05A070010B1028042A30003BFFB
:10CA800000E042A30090A800B05A0B0010B000B024
:10CA90005A0F0010B10187600610908400E05E27F5
:10CAA00000378901DA5E270010EE01BC6003001038
:10CAB000B401BC60030350A600B000330010B502FF
:10CAC00084DE530003CD00E0606803B0A600E042BE
:10CAD000980430A600B000370010B501BC602304F4
:10CAE000D0B401846006F297940186600209104870
:10CAF000039EDE02F003D70280441F0003DA00B079
:10CB00005E3F00114501BC600300178F00B05E431B
:10CB100000178500B05E0F00179003BFDE02F00320
:10CB2000DA00B05E0F0017850280441F0003DA00B0
:10CB3000A044B6F0B14501BC60030110420183601E
:10CB400006F29794018460070011E003A05E02F0F2
:10CB500004EC02065EAF0004EE0186E006F577AB5A
:10CB600001BC600300108000025E02F00B2303BFD3
:10CB7000DE02F0061E03A15E02F0045801140063F9
:10CB80000017A10068DE8700E3E801816006091054
:10CB90004803BFDE02F0045801816006F5D7AE00FD
:10CBA00020600E862410018760040310A000B000EE
:10CBB000630010B401BC60030B10B500B00063004B
:10CBC000F0B4020300C70003FB020CD0030003FB18
:10CBD000028050C70003F300B054130017A100E017
:10CBE0005E8680741A00B0506B0010E400B04213EF
:10CBF0000210840209502B0003FB00B042130030E6
:10CC00008401D2E03AA030E0028050C70004010164
:10CC1000D2E052A030E003BFDE02F004010202D0F5
:10CC2000C700040100B0505F0010E000B050630086
:10CC300010E100B050670010E200B0506B0010E44B
:10CC400000B0421302F084020050C700040B018AB6
:10CC5000E00E10908401BC60FB1C10E501BC600379
:10CC60000890E600B000630010B401BC600302103D
:10CC7000B500B0006304D0B4018460070011E00186
:10CC8000BC600300178E03BFDE02F004F000E00179
:10CC9000C700207100B000630010B401BC60030243
:10CCA000D0B500B0006304D0B403BFDE02F0048846
:10CCB00001856006F7F7BF010350030017A100B814
:10CCC0005E870037A101875E86101080020CD003BA
:10CCD000000457020300C700042700B050CB001027
:10CCE0006501BC600300168500E05A3300368C02F3
:10CCF0000350C700041C00E05A2700368903BFDE3A
:10CD000002F0045801BC60030017B200B05A0B00D7
:10CD10000B2401385A130017A101BC5A06F430E065
:10CD2000013C5A130017A1017C5A06F430E101813D
:10CD3000E0061090840185E0070010E30185E0071C
:10CD40000010C30282D0C700042C03BFDE02F0042F
:10CD50002F0202D0C700043100B02A4B0017A101F6
:10CD6000B8506EF430E000B050730017A101B82A3B
:10CD70004EF430E10282421300042F00B0507B00D9
:10CD800010E400B042130210840185E0061C30E17B
:10CD900000B04213007084018760040310A00203F6
:10CDA00000C700044600B050CB001065006D5ECA9D
:10CDB000D1C4370185E0021870C300E05ECB0036B5
:10CDC0008E01BC601B09D06500E04196F6506500FD
:10CDD000B050970016800068DECB00043E01BC60B6
:10CDE000230150B800682C9300244403BFDE02F0F6
:10CDF000045000B05ECB0010B500B000630870B402
:10CE0000028342D300044001BC60030170B8006893
:10CE1000AC9300245001BC60030170B802BC5067A1
:10CE200000044F03BFDE02F0044E010CD0030017D4
:10CE3000A103A95E02F0044B01BC60230150B800BD
:10CE4000685E8700644E03BFDE02F0045001BC60E0
:10CE5000030170B800685E8700445001BC600301A4
:10CE600070B80181E0021710B801BC600300F0A5A2
:10CE700001BC60030E10B500B000630010B400B038
:10CE8000006300F0B400B042D300180001886008CD
:10CE90000310B4018160060D906C03BFDE02F00444
:10CEA000880202D0C700045E00B0506F0010E0009E
:10CEB000B050730010E100B050770010E2028242DF
:10CEC0001300045D00B0507B0010E400B042130278
:10CED000F08400E05E9F0037A703A15E02F00467C4
:10CEE00001BC60030017A7018760040310A000B015
:10CEF00000630010B401BC60030E10B500B0006305
:10CF000000F0B4018860080310B403BFDE02F0042F
:10CF10007D00B0017B00106500B05A030010E501F0
:10CF2000BC63FF1FF0C500B05A070010E601BC63E8
:10CF3000FF1FF0C600B05A0B0010E701BC63FF1FD3
:10CF4000F0C70068A06300047000E05E2700378926
:10CF5000006820630004740185E0070010E3018588
:10CF6000E0070010C300B0421301108401DA5E270D
:10CF70000010EE0187600610908400B042131C1070
:10CF80008401BC60030010B400E0606803B0A60038
:10CF9000B000970010B501BC602304D0B4018460D8
:10CFA000070011E003BFDE02F004DC01085E4B0065
:10CFB00017A100685E8700248802025003000487DE
:10CFC000029E509F0004840201D00300048400E00C
:10CFD0005E2700378901585E2700142D01DA50B70B
:10CFE0000010EE0187600610908403BFDE02F0049B
:10CFF0008801BC600300142D0104C1070017A103C0
:10D00000225E02F0048B0103DE530017A100B05E24
:10D01000870017A202005EFF00048E01BC600300BF
:10D0200037A200682B6700049001BC60030037A2A0
:10D0300002885E4B00049300685E4B06849301BC3B
:10D0400060030017A20183DE86F297940183DE86D7
:10D0500084F4270281C21300049A01865E8B0010BB
:10D06000E3018660070010C30181E006109084038D
:10D07000BFDE02F0049C01865E8A1C70E3018660BC
:10D08000061870C302B847A70004D802A047B7002B
:10D0900004DA03A95E02F004A401085E4B0017A1A4
:10D0A00000685E870024D9021E509F0004A40185F9
:10D0B000E0061C70E30185E0061870C301140063EC
:10D0C0000017A10068DE870084AD00B0015300178F
:10D0D000A20068DE8BFFE4A9006842470024AA0092
:10D0E00068DE8A84C4AD018560020910480186E0CB
:10D0F000021C70E30186E0061870C301105007009F
:10D1000017A600685E9B0004D901BC60030011E40F
:10D11000013A500700178000885E0300778000E026
:10D1200000AEF010640068DE9B0044BE0207D0032E
:10D130000004B801BC602B12B7A200E05E000B3700
:10D14000A300025E02F00D8801BC602307978100F6
:10D15000E0418301706300E0418F00B06500025E32
:10D1600002F00D5D01BC602307506401BC60470004
:10D1700017A200025E02F00DB000685E9B0044DA68
:10D1800001A46046F471E00068DE9B00C4CC01BCE1
:10D19000611300B7A1020600F30004C501BC6013CF
:10D1A00000B7A10192C21AF437A203295E02F0046B
:10D1B000CA01BC60030011EE009042E70091EF014C
:10D1C00092E00EF437A200B05E8B0011EC03BFDEDC
:10D1D00002F004DA00685E9B0064D100685E9B0088
:10D1E000A4D100B0502F0011E200B050330011E282
:10D1F00003BFDE02F004DA018760023D11E8006837
:10D20000DE9B00A4D4018760063D11E801BC6003E9
:10D210000011EA009042E70091EB0192C21B00B7B7
:10D22000A201B85E8A3D11E803BFDE02F004DA0114
:10D230008460070011E001BC600300112D00B044C0
:10D240008300142C03A3DE02F004EF01BC60030092
:10D25000178E00685E4B05A4E0020050030004E94D
:10D260000183E00609104800B0412300180001BC0A
:10D27000600304B78E03A95E02F004EE00685E4B03
:10D280000424EE01BC600306378E00685E4B05A4E3
:10D29000EE01BC600306B78E03BFDE02F004EE01B0
:10D2A000816006F577AB00B05E0F00178500025E67
:10D2B00002F00D4701BC600300178C01BC60030045
:10D2C000178D0323DE02F004F00187E0061070835F
:10D2D0000185E002F5B7AD03295E02F00504020303
:10D2E00000C70004FF00B050CB0010650282D0C719
:10D2F0000004F700E05A2300368803BFDE02F00482
:10D30000F800E05A2700368900682C930024FF00BB
:10D31000E05ECB0037B2010A5ECB0017A100E050FF
:10D32000CAF4306500D06006F657A200205A1AF4FD
:10D3300044FF03BFDE02F004F900025E02F00F3387
:10D3400003D5DE02F00A5003D6DE02F00A6803506D
:10D35000DE02F004FF03BFDE02F0052602055EAF29
:10D360000005060187E00626713303BFDE02F000E8
:10D37000020190600A8634310282D0C70005100194
:10D380003C50270017800109502B001781010750DE
:10D39000070017A101825E86F0378100B0501F00A0
:10D3A000108A00B0500F00111603BFDE02F0051600
:10D3B0000138505F001780010A502B0017810107C8
:10D3C000D0070017A101825E86F0378100B050239C
:10D3D00000108A00B0505B001116020300C7000560
:10D3E0001B020CD00300051B02085E0700051B0191
:10D3F00038540700178000B0542700108A0280506C
:10D40000C700052401BC600305B79203BFDE02F02C
:10D4100002B801906006863431020300C700050897
:10D42000020CD00300050800B0001F0017A100E0A7
:10D430005E8680741A03BFDE02F0050801BC60033B
:10D4400006379203BFDE02F002B802055EFF000558
:10D450003501856002F7F7BF032BDE02F0053502C8
:10D460000000F300052C00E8002300514201BC60DD
:10D470000A28514203945E02F0053100B0058B008A
:10D4800010640068580300053100B04467001112B1
:10D4900000B058030011150068451F00053503A2B0
:10D4A0005E02F005350185E006F577AB00025E020D
:10D4B000F00E770201C2E300055F020300C700051A
:10D4C0003A00682C9300254A006E4246F6454A030E
:10D4D000BFDE02F0053C006E424700254A02030011
:10D4E000C70005470355DE02F0053C018060028657
:10D4F0001430013850830017A100B050CB001065E4
:10D50000006DDA32F42A5000A841231410480114A7
:10D51000006300106500E041970ED06500E05A03FB
:10D5200000368001BC621F0011E003BFDE02F00084
:10D53000130181E0068634310191600E84F42703E3
:10D54000BFDE02F0055F013C50670017A101AC5E31
:10D55000861750BA01BC60030190B8020300C700EF
:10D5600005590068AC930025540181E0021710B8FA
:10D5700003D5DE02F00A5003D6DE02F00A6803503B
:10D58000DE02F0055003BFDE02F0055F00E82C93D9
:10D59000002B2400B05ECB0010B500B00063087013
:10D5A000B4028342D300055703BFDE02F0055A01DF
:10D5B00086E0040310A000025E02F0018303D5DEC2
:10D5C00002F00A5003D6DE02F00A680350DE02F0D1
:10D5D000055B03BFDE02F0033301BC600300F0A56E
:10D5E0000182E00209104801BC621F0011E001BC89
:10D5F00060030011EC01BC600F0011E80285500BC4
:10D6000000056601826002091048028181B30005AD
:10D610006D03A0DE02F0056B03D5DE02F00A5003B5
:10D62000D6DE02F00A6803205E02F0056D01886014
:10D630000209104803BFDE02F0001301BC600300C2
:10D6400037A1020001B300057B020401B300057A93
:10D6500000E901BB00206E00E881BF00006F006898
:10D6600081BB00057A006881BF00057A028181B321
:10D6700000057701BC600300006C03BFDE02F0050B
:10D68000C801BC600300006C00025E02F00AE00307
:10D69000BFDE02F0001301BC60030017A100025EB0
:10D6A00002F00C6B020101B300057E03BFDE02F045
:10D6B000001303A3DE02F00013020050C700058729
:10D6C00001BC6003001080018260060910480180DF
:10D6D00060028634310104C1070017A10183DE8690
:10D6E000F2979400E001CB00207203BFDE02F0014C
:10D6F000A6020101B30005890187E006F577AB00BA
:10D70000B0010B0017A1006DDE840805C800E844D5
:10D71000640877A1006E5E840825C80187E006F5DD
:10D7200077AB020200BF00059B028881AB00059B1E
:10D73000028400C700059B0129500B0017A1006857
:10D74000DE8702059B0203C57300059A0283DEB3E0
:10D7500000059A0282DEBB00059700682AFF0005DB
:10D760009B006DDE2F01E59B0182E006F7F7BF000D
:10D77000E04465560AAF03BFDE02F0001303BFDECC
:10D7800002F005C802825EAF0005AB01826006F5BB
:10D7900077AB00B0446700082200B0014B0017A22D
:10D7A0000208421B0005A200B0016B0017A200682E
:10D7B0005E8B0005A80090452B0097A10080DE86B7
:10D7C000F457A1006E20D20DA5A800B041B7000803
:10D7D0003400E020D22328350185E002F5B7AD0200
:10D7E000055EAF0005AB01BC610300113300E844E6
:10D7F000650457A500B04467000BD8006D5E970123
:10D8000000AD020200BF0005BA0068DE4B06A5B1FC
:10D810000184E002F7F7BF0068DE4B0405B4028222
:10D82000DEB30005B401BC6003000B1002045EB35C
:10D830000005B70068DE4B0625B700025E02F01156
:10D840002600025E02F00F3403A3DE02F005BA01E7
:10D8500083E002F597AC01BC60131497A100025E4F
:10D8600002F000CE01BC63830017A100A04066F463
:10D8700037A20068DE8AF425C601BC60130E77A1CA
:10D8800000025E02F000CE00A040673FF7A20098C1
:10D890005E8B0037A200685E8B0005C50068DE8BDA
:10D8A0000FE5C601BC602300104301826002F577DA
:10D8B000AB03D15E02F00002020050C30006170362
:10D8C00025DE02F005CC0183600684F42703BFDE69
:10D8D00002F005FE020CD0030005FC020300C700A5
:10D8E00005EB011400630017A1006DDE870085FCC5
:10D8F00001BC600300178000B050CB00106500B081
:10D9000050CF001064018160060D906C01826006AA
:10D9100086343100B05A230017A101BC6003001601
:10D920008801BC5A2AF437A101BC600300168A00A2
:10D93000B05E8700148F00B05A270017A101BC60A9
:10D940000300168901BC5A2EF437A101BC60030004
:10D95000168B00B05E8700149000B05A1B00148D27
:10D9600000B05A1F00148E01BC600300160400684A
:10D97000DE030005E8020350C70005E70100509FE1
:10D9800000178001805E0291B48D01BC5E0292148A
:10D990009001BC600300378000025E02F01292002A
:10D9A000B05E0300148C03BFDE02F005F70068C20E
:10D9B000470005F00181E0068634310191600E8454
:10D9C000F42701BC600300143003BFDE02F0000244
:10D9D00000B0509F0017A100025E02F0018200B06B
:10D9E0005E870014270186E0040310A000B0428384
:10D9F000001800010CD0030017A10068DE87006545
:10DA0000EB010250C70017A101805E8684F4270154
:10DA10008AE00E84F42700B050BF00142603BFDE56
:10DA200002F005FE0186E0040310A00200509F00F2
:10DA300005FE0286C10700061203295E02F00603F6
:10DA400000B0523300142D00B052370017A1019ED0
:10DA50005E8684F42700B0509F0017A10180DE8607
:10DA6000F437A100B050BB00108F00B050B70010C9
:10DA70008E00B0509B00108D01806006F4308C0247
:10DA80000250C700061100B0524300108F00B05280
:10DA90003F00108E00B0523B00108D011A5237002B
:10DAA00017A10198DE870437A101B85E8691B08C7A
:10DAB00001826002863431018160020D906C032581
:10DAC000DE02F00615019C600284F42703BFDE022B
:10DAD000F006190285500B00061700A850C70D1458
:10DAE0003101BC600300143001816002F5D7AE0142
:10DAF00083600284F4270185E00209104801BC60BC
:10DB00000300142E03A25E02F001A603BFDE02F0A2
:10DB100000130323DE02F0068903A35E02F00689E8
:10DB200003A2DE02F0068901816006F577AB03AA45
:10DB30005E02F006890183E0020910480351DE020B
:10DB4000F0064102045EB300062E01846002F597E0
:10DB5000AC0183E00209104800B02B570017A10068
:10DB60006D2B06F4200200E0027B00209E01BC60C9
:10DB700003000AC100025E02F0112903BFDE02F0B9
:10DB800000020203DEB300063E0183E002F597AC1B
:10DB900000E020E700283902015EBB00063E00B02D
:10DBA0002A9B0017A1006D20E6F4263901BC600312
:10DBB00000083900E0027F00209F03A95E02F00602
:10DBC0003C0191601A84F42703BFDE02F002F701E2
:10DBD000BC63FF1FF7A100025E02F00C6B03295E1D
:10DBE00002F0063E0191601A84F42703BFDE02F0C2
:10DBF000063E00E0026B00209A0180E006F577AB5C
:10DC000003BFDE02F006460301DE02F006440068B0
:10DC10005E4F06264401BC60030017A803A45E0201
:10DC2000F0064603C1DE02F0068C01846002091092
:10DC300048020400BF00064B01BC6003001115013F
:10DC40001400630017A100E06602F4306500025E74
:10DC500002F00D4C0182600209104803A95E02F037
:10DC6000066600685E3B04A65601F0DE17003785A5
:10DC700000A05E16F0978500685E3B0626560201FE
:10DC80005003000655028780BF0006550185E00657
:10DC90000910480280D00300066600B05E1B001722
:10DCA000A300B0008B0017A4020400BF00065C00B4
:10DCB0006E419730665C01185A030017A3011A5A87
:10DCC000030017A40068C18318065F00E0029300F8
:10DCD00020A403BFDE02F00661006D5E2EF48661B3
:10DCE0000182E00686343100E05E3300378C006844
:10DCF000DE32F4666400B05E0F001785006DDE2E24
:10DD0000F4667203BFDE02F0068400B05E1F0017E7
:10DD1000A300B0008F0017A4020400BF00066C002F
:10DD20006E419730666C011C5A030017A3011E5AFE
:10DD3000030017A4006D5E2EF4866E0182E0068655
:10DD4000343100E05E3700378D0068DE36F46671EE
:10DD500000B05E0F001785006D5E2EF466840185AD
:10DD6000E00209104803D1DE02F0067400685E4B41
:10DD700004867E00025E02F00D47006841831806AB
:10DD8000A8020300C700067C020CD00300067C0238
:10DD90008350C700067C0068DE4B05A67C03BFDE0F
:10DDA00002F012100181E00686343103BFDE02F07A
:10DDB00005C800B0504F0011F200B050530011F3ED
:10DDC00000B050570011F401BC60030111F501BC13
:10DDD00060030051F003BFDE02F005C800025E02DE
:10DDE000F00D470181600209104803295E02F00628
:10DDF00089028300C700121003BFDE02F005C803CA
:10DE0000D1DE02F0068A03A5DE02F005C803BFDEFC
:10DE100002F00013028001B3000013020650030059
:10DE2000069300B001030017A1006D810AF4269348
:10DE300000E844640877A1006E5E84082693018799
:10DE4000E006F577AB01085E4B0017A100685E871E
:10DE500000269600B05E0F00178500025E02F00DEE
:10DE60004700685E3B06269C01BC600300178C02DD
:10DE700000D0030006A101BC600300178D03BFDEC4
:10DE800002F006A101BC600300178C020300C7006A
:10DE900001A6020CD0030001A6019C600284F427B5
:10DEA00003BFDE02F001A6006841831806A70180C7
:10DEB000600684F42703295E02F005C8018260062B
:10DEC000863431028300C700121003BFDE02F00562
:10DED000C800E002970020A50181600209104801F6
:10DEE000BC600300081800E0017B00A05E01BC607C
:10DEF0001310D7A1006D017AF4201301BC6013093F
:10DF0000405E03BFDE02F0001300025E02F00B1D54
:10DF10000338DE02F00013039EDE02F0001300E877
:10DF2000444C00F7A100E85E840117A1006ADE847A
:10DF30000106B800E85E8401118701BC600300118E
:10DF40008801A5E02230118001BC6003001113019B
:10DF5000BC600300111400B044670017A100B04476
:10DF60006B0017A200B05E8700110400B05E8B004A
:10DF7000110503B8DE02F006BA03BFDE02F000139B
:10DF800001BC600304B79201BC60030417A101BC8B
:10DF900063FF1FF0CB01BC63FF1FF0CC01BC63FF2C
:10DFA0001FF0CD01BC63FF1FF0CE01BC63FF1FF06B
:10DFB000CF01BC63FF1FF0D000B052170010E80182
:10DFC000BC63FF1FF0C800B0521B0010E901BC6326
:10DFD000FF1FF0C900B0521F0010EA01BC63FF1F11
:10DFE000F0CA01BC60030010E4028600C30006DB37
:10DFF00000B0540F0017A20069DE8A9086D300E8B3
:10E000005212F450E40068A05F0006DB01BC60031C
:10E010000010E400B054270010E000B0542F0010AE
:10E02000E103BFDE02F006E403A4DE02F008C00351
:10E03000A9DE02F008C001BC600301D7A1020600FE
:10E04000C30006DD0280DE5F0006E200B054070078
:10E0500010E00068205F0006E001D2DE86A030E01C
:10E0600000B0540B0010E103BFDE02F006E401BC77
:10E070005E869010E001BC601F0010E101BC6003EF
:10E080000010E200B052230010E501BC63FF1FF056
:10E09000C500B052270010E601BC63FF1FF0C600A8
:10E0A000B0522B0010E701BC63FF1FF0C700B000A7
:10E0B000470010860108205F0017810138520300D5
:10E0C00017800102C0270017A600025E02F011A906
:10E0D0000068205F0046F200B054070017800281FC
:10E0E00081B30006F400025E02F00D2D0068205F8F
:10E0F0000026FC0068A05F0006F7021A540700061D
:10E10000FC006800A70106FA0103C0270017A1035D
:10E11000BFDE02F006FB0106C03B0017A101825ED4
:10E120008610D08603A9DE02F0091B00685E4F044A
:10E13000270E01BC63FF1FF0C300685E4F05A704F4
:10E1400001BC60031A90E301BC600306B79200684B
:10E150005E4F05270E03BFDE02F0070801BC600317
:10E16000063792029844070009E902804607000931
:10E17000E901BC60031890E300B0205F0017810044
:10E18000025E02F00D3A00E85E8400D7A1006A5EEC
:10E190008690870E00E85212F430E403BFDE02F0EE
:10E1A000071101BC60030010E40338DE02F0071120
:10E1B0000187E0061C90E40190600A09104801BC48
:10E1C000610304379100685E4F05A9E903835E028D
:10E1D000F008C003BFDE02F0000201866002F7F71C
:10E1E000BF0182E002F5B7AD0185E002F5B7AD02EF
:10E1F000044163000721018460020B105802055E90
:10E20000AF00071D0187E006267133020400BF003E
:10E2100007200185E002F577AB00025E02F00E7781
:10E2200003BFDE02F000020283C037000729006C42
:10E23000C4656C072A01BC601B1A77A100025E024C
:10E24000F000CE0180E0060337A200025E02F0007B
:10E25000D40180E002F457A200025E02F000D40074
:10E26000E044656C2B600285C523000730018460A3
:10E27000060B10580200DEFF0007300180E002F7B5
:10E28000F7BF00682B6700073000E044655B0AD9E0
:10E2900002055EAF00073201BC61030011330205C5
:10E2A00080BF00073801BC60131157A100025E0255
:10E2B000F000CE0196600E03301900B040670017E1
:10E2C000A200025E02F000D40283C03700001300F7
:10E2D000E0021F0020870182600628914403BFDE10
:10E2E00002F000130281401300000202004203000A
:10E2F000073F01846002F597AC01BC600300108009
:10E3000003A3DE02F007420190600209104800B04A
:10E31000446700179E00B0446B00179D00B0446F27
:10E3200000179C00B0447300179B0068DE7A232717
:10E330004200E002230020880115403B00179700AF
:10E34000B001430017A101C9DE8405280501BC60A6
:10E35000031077950191E0020D906C028640370022
:10E36000075000E002BB0020AE03BFDE02F00A91BE
:10E3700001BC600300148001BC600300148101B87B
:10E38000600A04902401BC600304082A01BC6003F5
:10E3900000482901BC600300D02A01B360070010C7
:10E3A0000401BC600300080E01BC600300080F01FB
:10E3B000BC600300081001BC60030008110183E089
:10E3C00002F5D7AE0287C037000A8D00025E02F068
:10E3D000118B00025E02F00F3303435E02F0075C14
:10E3E000006D403300CAFE00685E5F00477400683D
:10E3F0005E5F002771006800A700C766006800A77D
:10E40000010766006880A700A76700E044669028BF
:10E410003601BC62C30017A10280520300076A01E3
:10E420009652030017A10080DE8690379A020352AD
:10E430000300076F00E05E6A90379A0207D203007C
:10E44000076F00E85E6B00379A029E5E6B000AFE63
:10E4500003BFDE02F007790152D2030017A1018544
:10E46000D206F4379A03BFDE02F00779013C52036B
:10E470000017A101BC5206F4379A006E5E680BAA21
:10E48000FE00682FBF000779028E5207000AFE02C5
:10E4900004C03B0007830181E0060D906C028740B9
:10E4A00037000A9100025E02F0118B00025E02F05A
:10E4B0000F330287C0AF00077B0287C0AF000A8D11
:10E4C000015840AF00179A01BC603F1E17A1006DB4
:10E4D000DE6AF42A8D035B5E02F0078501BC6013DF
:10E4E00000104300B0412328104801806002F297D9
:10E4F000940184E002091048015840AF00102A003E
:10E500006840AB002A8D01BB5E5600900402035E9A
:10E5100057000794020047A300079101BC621E3C0C
:10E5200011E001BC60030011EA00B05E6B0011EB6A
:10E530000198601E3D11E8020047B300079400B047
:10E540005E6B0011EF01B0E0CE3D91EC03835E0203
:10E55000F0079800025E02F0118B00025E02F00FDD
:10E5600033006D403304C794018360020D906C0248
:10E570000200F30007A003AADE02F007A202805205
:10E58000170007A200E0418700B06500025E02F0BC
:10E590000C7B0200C0770007A003BFDE02F007A1DA
:10E5A00003305E02F007A2018360060D906C01BC8F
:10E5B00060030008020188E00F000803006D40338B
:10E5C0000208BA0129520F0017930109520F0017D0
:10E5D000AA01966002F2979400E0418701F065017C
:10E5E000BC600F0017A10028DE869067AE01866030
:10E5F00006F2979400E0419700706500E020AB00C0
:10E60000C82A01065E530017A200A05E4F0477A13E
:10E610000068DE870447BC0186E006F2979400B8E4
:10E620005E8B0037A200B05A030017A0020ADA037B
:10E630000007B601876006F297940284C03B00078A
:10E64000BC0203DA030007BC03AB5E02F007BA02A8
:10E650000441070007BC0180600500680301065EF5
:10E66000530017A20182DE8A00900403AADE02F0A2
:10E6700007EB03AB5E02F007D70287D2130007EB6C
:10E6800000B0521300118601A5E00A301180018408
:10E6900060020D906C01BC63FF1FF79900E0418799
:10E6A0000170650068DEAB0027C900A05E4FFF77F0
:10E6B000A10068DE870727D503BFDE02F007CB0283
:10E6C00084520F0007D50204D20F0007CE03B15EBB
:10E6D00002F007D400E0418701106503BFDE02F0BD
:10E6E00007CF03B35E02F007D4020080F30007D522
:10E6F000020052170007D500025E02F00C7B0200F8
:10E70000C0770007D501294077001799018460067A
:10E710000D906C020052170007EB03315E02F00708
:10E72000EB018660023011800180E00161CB0E02B6
:10E730000052170007DB0202AB470007E60068DE65
:10E740005F0007E600B02BAF0017A100682AB300F6
:10E7500007E600B02BAB0017A2006DAAB2F447E6A3
:10E760000068DEAB0047E20184E006F7F7BF00680F
:10E77000DE4F0287E600025E02F013110206DEFFA2
:10E780000007E600E02BDF002AF70068DE5F0007E5
:10E79000E90068DEAB0047E90180E00561CB0E00CF
:10E7A000682B670007EB0180E006F7F7BF0207520E
:10E7B0000F00086B028047A3000868028047B3007F
:10E7C000086800E020AB00882A00E820A70088291C
:10E7D00001BC60030011E401BC63FF1FF7A501BC8D
:10E7E000600303D1E102065E530007F501BC60033C
:10E7F0000491E10206DE530007F900E0478700516B
:10E80000E10207D20F0007F900E047870091E1001D
:10E810006D403302C8BA00685E4F0587FC0068DEB1
:10E82000AB00486B03AB5E02F007FF02005217001B
:10E83000086B020580F300080A00E04187011065BB
:10E84000020200F30008030204D20F00080300E0F4
:10E85000418700B06500025E02F00C7B0200C077C9
:10E86000000807012940770017A500E05E97009790
:10E87000A50068DE97FFE80A0280521700086B02C5
:10E880000700BF00086B01BC601F1417A20090476F
:10E890008700306500E04196F4506500E04787014D
:10E8A000082003835E02F0081200025E02F0118B62
:10E8B00000025E02F00F33006D403104080E006D5F
:10E8C00040310408BA01BC600B1D57A10068DE97F7
:10E8D000FFE822010F5A070017A5031EDE02F00809
:10E8E0002202005217000822032C5E02F0086B007F
:10E8F000685E67FFE82200E05E6700979900E05ECF
:10E9000066F43064012A58030017990100DE97006D
:10E9100017A500E05E66F4B79900E05E67003799DE
:10E92000011558030017A603BFDE02F0083200E00D
:10E930005E96F43064012A5803001799020580F3AB
:10E940000008310182E002F33799020052170008F3
:10E95000310116D8030017A6010F5A070017A401AA
:10E960000CD8030017A10068DE92F4282D00E05EA9
:10E970006702179903BFDE02F00836010DD80300C5
:10E9800017A10068DE92F4286B00E05E6704179917
:10E9900003BFDE02F00836011058030017A6006816
:10E9A000DE9B00C8360181DA030017A100B85E863D
:10E9B000C017A10281DE8700086B00885E670077C0
:10E9C0008000E000AEF0106401AADE65004802009D
:10E9D00068DE9B00485002078187000843006DDE17
:10E9E000030C08430285520F0008430298523B0073
:10E9F00008430181E00500680300E05E000B37A3D7
:10EA000000E05E8F0097A300E041870077A200023C
:10EA10005E02F00D8800E820A701082901BC6023F0
:10EA200007978100885E970077A100E85E86F4B0C2
:10EA30006301BC60070E17A100E0418EF430630053
:10EA4000B056170017A100B0561B0017A20068DED1
:10EA500086D0486B0068DE8AD0686B00025E02F0E8
:10EA60000D5D01BC602307506401BC624F0017A21A
:10EA700000025E02F00DB000685E9B00486801BCB9
:10EA8000621EF471E00068DE9B00C85B01BC61138C
:10EA900000B7A1020600F300085701BC601300B7DD
:10EAA000A101BC60030011EE00B05E6B0011EF012C
:10EAB00092E00EF431EC03BFDE02F0086800685EFD
:10EAC0009B00685D0068DE9B00A868019860063DB9
:10EAD00011E800E020AB00882A00E820A700882980
:10EAE00001BC60030011EA0068DE5F00486300B00B
:10EAF0005E6B0011EB0192DE5E3D11E80187600262
:10EB00003D11E80068DE9B00A867018760063D11A3
:10EB1000E8019860163D11E80181E0050048020116
:10EB2000AADE6500480203BFDE02F0087001BC6285
:10EB30000F0011E001BC60030011E40181E001005D
:10EB4000680301BC600F0011E801BC60030011EC18
:10EB50000200200F00087700E020A6F3482900B04B
:10EB600020AB00102500E820A604A829006AA0A771
:10EB700001C87701B860060490240182E006F2978C
:10EB8000940188600A00900401BC60031877950323
:10EB9000A0DE02F0088400685E4F06A889013852A2
:10EBA0000300178000B05E5F0017810203DEB7002C
:10EBB000088300685E0700088201BC60030177805B
:10EBC00001BC600300378103BFDE02F0088301BC93
:10EBD000600301578000025E02F000DB0068DEABDC
:10EBE00000488900A05E4F0477A100685E87004A54
:10EBF0003900685E87044A3903BFDE02F00C010366
:10EC000086DE02F00A8E0287C037000A8D00025E9F
:10EC100002F0118B00025E02F00F3303035E02F07C
:10EC2000088903A9DE02F0089500025E02F0118B4C
:10EC300000025E02F00F330207403700088F0386A0
:10EC4000DE02F00A8E0287C037000A8D00025E02E3
:10EC5000F00C78006E40300208C00301DE02F008BC
:10EC6000C00068DEAB0008A7032B5E02F0089B0023
:10EC7000E0022B00208A03BFDE02F0089F028052D0
:10EC80001700089E00E0024300209003BFDE02F060
:10EC9000089F00E0025700209500685E4F040B704B
:10ECA00000685E4F028B7000685E4F0209F00068DA
:10ECB0005E4F048A3200685E4F050BF200685E4FBB
:10ECC000060BF200685E4F068BFB03BFDE02F00C02
:10ECD000010068DEAB0028B8032B5E02F008AB0031
:10ECE000E0022F00208B03BFDE02F008AF0280524B
:10ECF000170008AE00E0024700209103BFDE02F0DB
:10ED000008AF00E0025B00209600685E4F06A9C4D1
:10ED100000685E4F042C1900685E4F04AC1900684F
:10ED20005E4F05AA3F00685E4F0629C400685E4F2B
:10ED3000052BF000A05E4FFF77A100685E87072CCF
:10ED40000C03BFDE02F009E900E002130020840397
:10ED5000BFDE02F009ED00E0020F00208301BC607D
:10ED6000030011EC01BC600F0011E80284C03B00FD
:10ED7000086B0184E00609104803BFDE02F0086B4F
:10ED80000200C09300000203A35E02F008C403C3A4
:10ED90005E02F008C303BFDE02F00AFA00025E0260
:10EDA000F0118B00025E02F00F330207C0AF0008C3
:10EDB000C8020740370008C40107C0AF0017A10010
:10EDC000B85E870037A101825E860D906C00B0446A
:10EDD0007F000804018360020910480287C03700E1
:10EDE0000A8D0386DE02F00A8E00025E02F0118BAD
:10EDF00000025E02F00F3303435E02F008CD02878B
:10EE0000C037000A8D020081B30008EB0180600664
:10EE1000F297940301DE02F008EB01385203001769
:10EE20008000B05E5F0017A400025E02F0130401D0
:10EE3000BC602F0657A400E05E86F4906500E05A9F
:10EE40000300368003B05E02F008DF00E002070036
:10EE5000208103BFDE02F008E000E0020300208012
:10EE6000028481B30008E50184E0040D806C01BCDC
:10EE7000600300006E01BC600300006F03BFDE0290
:10EE8000F008EA00E8523AF7B7A100E85E870217F7
:10EE9000A100905E870097A100E101BAF4206E0006
:10EEA000E081BF00006F00B0523B0017BD0301DEE0
:10EEB00002F00901028081B30008EE03305E02F027
:10EEC000090101BC601B1F506500E04194DF306503
:10EED000012D406B0017A200885E8B0137A201381C
:10EEE000402B001680028840270008F50184600648
:10EEF000D0168000B05A02F456800205C0270008E0
:10EF0000F80187E006D0168001BC601B0DD7A10078
:10EF1000025E02F000CE00B0406700168101BC60C6
:10EF20001B0DF7A100025E02F000CE00B0406700AA
:10EF3000168200E01BE70066F900691BE701890102
:10EF400001BC60030006F9020081B3000903020559
:10EF500001B3000AFE0280200F000905006E403058
:10EF60000209BF0381DE02F0090F00E00217002052
:10EF70008503A9DE02F0090B0184E00609104801AF
:10EF800080E0020910480184E002F7F7BF0386DE43
:10EF900002F00A8E0180600500480201806006F2DE
:10EFA000979403BFDE02F0098D01836002F7F7BF7B
:10EFB0000386DE02F00A8E032B5E02F0093503A9F8
:10EFC000DE02F009180068DEAB00493500B0523BA4
:10EFD00000179F00B0523B0017BE01BC6003002821
:10EFE0000E03BFDE02F0093502875E5300094203BB
:10EFF000A0DE02F0092403BFDE02F006C00182E0B9
:10F00000060D906C0190600A09104800B0523B0058
:10F01000179F00B0523B0017BE019E5E8300B0EB0D
:10F020000106520F0017A100B85E870037A10182C8
:10F03000DE86F577AB01BC610300308000E8523A10
:10F04000F3F7A2006BD23AF3E92700E85E7E91D78E
:10F05000A200905E8B0097A101BC602301D06400E8
:10F060006B523AF3E93201185E870017A2010A5E7B
:10F07000870017A300886006F457A200E04192F4CD
:10F08000706400B05802F45600006BDEFA91C93586
:10F0900000B0523B0017BE03BFDE02F0093500028C
:10F0A0005E02F011FB00B0203B00280E00B0523B86
:10F0B00000179F0320DE02F0094202075E53000999
:10F0C000390180E00209104803BFDE02F009420066
:10F0D00068DE5F00093F021A540700093D0103C0C2
:10F0E000270017A101825E8610D0860102C027008A
:10F0F00017A100E0422AF4308A0180E005004802AE
:10F1000003A9DE02F0094200B05E4700108001084A
:10F110005E4F0017A100685E8700296103AB5E02A5
:10F12000F00965020052170009530068DEAB004980
:10F130004800E0025300209402865E5300098D02CD
:10F1400084520F000AFE0284D20F00094D03AC5E08
:10F1500002F0095103BFDE02F0095A032C5E02F0EF
:10F16000095A00685E4F0409510106D20F0017A129
:10F1700001845E86F2979400685E4F02098D03BF9A
:10F18000DE02F0097D031EDE02F0095703315E0244
:10F19000F009570068DEAB00495701846002F2971E
:10F1A000940068DEAB00495C00E0023F00208F0362
:10F1B000BFDE02F0095F00685EAB00495F0280526B
:10F1C0002F00098D0202410700095F00685E4F04AD
:10F1D000098D00685E4F02898D02044107000AFE16
:10F1E00003BFDE02F0098D032B5E02F0098D00687B
:10F1F0005E4F05A97D00685E4F05297D03BFDE02D5
:10F20000F0098D0068DEAB00496D01BC6003000AA7
:10F21000BB01826002F5D7AE02805EFF00096B0081
:10F22000682B6700096D00E044655B0AD900682B14
:10F2300083FFC96D00E02B83002AE002065E5300C5
:10F24000097000E0026300209803BFDE02F0098D20
:10F250000323DE02F009780129500B0017A3006890
:10F26000DE8F0529780187E0021070830184600237
:10F2700009104800B05E870017A1006EE003002966
:10F280007703D1DE02F009780068DEAB00497A002E
:10F29000E0022700208900685E4F00098D00685E4B
:10F2A0004F01098D00685E4F05898D028047C700B8
:10F2B00009BD0329DE02F009830102DEAF0017A1B8
:10F2C0000106520F0017A200385E86F4498D0182B4
:10F2D000DE8AF577AB00B052230011F200B052275E
:10F2E0000011F300B0522B0011F40106520F001769
:10F2F000A100E05E870031F500B0005B0011F00076
:10F30000B047C30018000134C7C70017A1006EDE64
:10F310008402A98D01BC60030810420283C107006A
:10F32000098F02805E53000AFE00B040330017A12F
:10F330000108A00F0017A200685E8B00699700E823
:10F3400040310557A10281200F00099700B020AB82
:10F350000017A10280A00F00099700B05E6300179C
:10F36000A1006E5E840209BF00B05E870007FA014B
:10F370008160010048020202C01300099D00E05EA6
:10F38000840347FA018160050048020201200F0052
:10F3900009B801035E530017A10187DE850048020A
:10F3A0000386DE02F00A8E00025E02F0118B00027C
:10F3B0005E02F00F3303855E02F009A0018E600249
:10F3C0003D11E80107C7830017A101825E8500484F
:10F3D000020201A00F0009AA0103C7970017A101AB
:10F3E000825E8500680300B0204B0017A1018E5E8D
:10F3F000850068030207C0AF000C5C01BC6003001D
:10F4000011EC01BC600F0011E80184600500680385
:10F4100000B040270007FC00B0402B0007FD00B003
:10F42000406B0007FE00B0406F0007FF01846005DD
:10F4300000680300025E02F00C7801BC63FF1FD776
:10F44000A800025E02F00D4C00025E02F00C5C01AE
:10F45000A8600A0090040201200F0011E600A840F5
:10F460001300500403BFDE02F0061E00E002870016
:10F4700020A103BFDE02F009C000E0020B002082E1
:10F4800003A9DE02F00AFE01846006091048018427
:10F49000E00609104803BFDE02F00AFE032B5E02FD
:10F4A000F009E10068DE4F06A9C800E0023B002039
:10F4B0008E03BFDE02F009C900E0023700208D0391
:10F4C00023DE02F009E90068DE4EF1C9E90187E0B8
:10F4D000021070830184600209104800B05E87004A
:10F4E00017A1006EE0030029CF03D1DE02F009D09E
:10F4F00000685E4F0629DF01BC600300083903295C
:10F500005E02F009D50203DEB30009D60191601A4C
:10F5100084F4270183E002F597AC020200BF0009E2
:10F52000DE0203456F0009D90185E0062B715B02FD
:10F53000045EB30009DE0187E0021070830183E0FE
:10F540000209104800025E02F0112A03BFDE02F039
:10F5500009E90205500B0009E9018260060910481B
:10F5600003BFDE02F009E9028700C30009E6006874
:10F57000DE4F06A9E60068D2130009E601BC60036D
:10F5800000118301BC60030011820068DE4F062970
:10F59000E900E0024F00209303BFDE02F009E90317
:10F5A000AB5E02F009EB020441070009EE02834161
:10F5B000070008C003BFDE02F009EE028441070025
:10F5C00008C001806006F2979403BFDE02F008C015
:10F5D000039F5E02F009F3039EDE02F00C010203BA
:10F5E0005E53000C01020481430009F7010001632E
:10F5F0000017A10102C0270017A20038DE86F449D7
:10F60000ED03AB5E02F009F9020052170009ED02AA
:10F6100080522F0009FB03335E02F00C01023C52C2
:10F620003F000A0C013C523F0017A10068DE840431
:10F630008A2C01BC600316106401BC601F161065A3
:10F6400000685E87002A0800B05A030017A200680D
:10F65000DE8AC00A2C00E0419700306500E041934B
:10F6600000306400E85E870057A1006A5E87002AC8
:10F670000100685E87000A0D01385A030017A101D6
:10F680003858030017A20068DE86F44A2C03BFDE58
:10F6900002F00A0D0285C107000C0101BC601F15B4
:10F6A000F06501BC600305B7A400025E02F0010C26
:10F6B000028000C3000A2C01BC601310D7A600E032
:10F6C000017F00B7A5006D5E96F4CA1501BC6013FA
:10F6D0000957A500685E940BCA3000B0017B00108A
:10F6E0006500B052270017A200B0522B0017A300EC
:10F6F0006841940BEA200068DE8ED04A1C00685EE8
:10F700008AD02A2C00E0419700B065006D4196F444
:10F71000CA1901BC601309506503BFDE02F00A1963
:10F7200000E0028B0020A200B0017F00106500B055
:10F73000522300168000B0522700168100B0522BD1
:10F7400000168201BC5202F2F7A101A95E02F43652
:10F750008300904467011684020281AB000A2A00EC
:10F7600068DE9305AA2B01846006D0968400B05E03
:10F770009700005F020781AB000A2E01806006F24D
:10F78000979403AB5E02F006D803BFDE02F008C018
:10F7900000E0028F0020A303BFDE02F009ED039E0C
:10F7A000DE02F00C0103AB5E02F00A3502005217D4
:10F7B0000009ED03335E02F00C0101846006F2974C
:10F7C0009403AB5E02F006D803BFDE02F008C0036C
:10F7D000835E02F00A3C00025E02F0118B006D4075
:10F7E00033038A39006D40330389ED032B5E02F049
:10F7F0000C0503BFDE02F006D8032B5E02F00A42BE
:10F8000000E0023300208C03BFDE02F006DA00E0E5
:10F81000024B0020920103C02700178101825E0580
:10F8200002F78100025E02F00D3A008800230037E3
:10F83000A200E05E8800F7A200E05E86F451890134
:10F8400086E00630118003BFDE02F009E903A2DE84
:10F8500002F000AE03A3DE02F00A6800E001FF0040
:10F86000207F01BC60030017A303BFDE02F00A6A19
:10F87000018760040310A001BC60030051E400B0E4
:10F88000479300180001BC600302900401BC620FA2
:10F890000011E001BC600F0131E800B047A300187F
:10F8A0000001BC600F0011E801BC60030131EC00F5
:10F8B000B047B300180001BC60030011EC01846084
:10F8C000060910480020601E090A5F00E001FB00E5
:10F8D000207E03BFDE02F00A7001BC60030ED7A1D8
:10F8E000011400630017A200E05E86F4506500E09A
:10F8F0005A03003680020300C7000A6503A95E02AE
:10F90000F00A6A0291509F000A690191601A84F41A
:10F910002703BFDE02F00A6900E001FF00207F013B
:10F92000BC60030037A30323DE02F00A700183E00A
:10F930000209104801846002F597AC01BC60030025
:10F94000178E0187E002107083018260020910485F
:10F9500003D0DE02F00A7103D05E02F00A72018267
:10F96000E00209104803D5DE02F00A7401BC60030E
:10F970000010B401BC600300F7A1006800A7000AF2
:10F98000780185421AF437A100025E02F000CE0031
:10F99000B040670017A501BC63FF1FF7A200025E1D
:10F9A00002F000D4008860070157A400B85E86F416
:10F9B00097A100025E02F000D40283C21F000A7FFA
:10F9C00000E044670117A102044523000A84006B8C
:10F9D0004466F42A8100025E02F0117200685E8FB4
:10F9E000000002006801B3000A8801BC6003000443
:10F9F000EE03BFDE02F00A8B0020E01E090A8B0036
:10FA0000B05E9700142E03BFDE02F002F700A8419B
:10FA10002300F04803BFDE02F00002018360020908
:10FA2000104801BC6007001042006E4030020A918D
:10FA300000E0027700209D00025E02F012B803A3EE
:10FA40005E02F008C003C6DE02F00A940184E006FC
:10FA500009104803BFDE02F00AFE006820DF000A3A
:10FA60009C00E8446506F7A101BC609F0217A20054
:10FA70006D5E86F44A9C01BC600300083700025E9C
:10FA800002F00B1D0020E10209009B0020628A09A0
:10FA90000AA000025E02F0118B03BFDE02F0009BA1
:10FAA0000284452300009B03915E02F0009B0396B5
:10FAB000DE02F0009B03965E02F0009B00025E02F5
:10FAC000F00B1D01BC600300602000680173000A98
:10FAD000B701BC60130890E600025E02F00100006E
:10FAE000B0446700083700B001730010E401BC6047
:10FAF0000300000601BC600300005C01BC60030160
:10FB0000D78201D2DE087570E000B00EB30010E1BC
:10FB100000B0004700108600B00ECF00108A01BC74
:10FB2000600300378100025E02F00D2D0190600A33
:10FB300009104801BC610300308003BFDE02F00001
:10FB40000201BC60030030420187E00224712300FF
:10FB5000025E02F0108D01BC600306778000680D24
:10FB6000EF000ABE00B00DEF00178100025E02F048
:10FB70000DE403975E02F00B2E03125E02F00ABE44
:10FB800001BC600300402001BC618300112500B06E
:10FB9000007B00112701BC600702578000025E0253
:10FBA000F00DDF00B05E07000B2F01BC600702778D
:10FBB0008000025E02F00DDF00B05E07000B300136
:10FBC000BC60130997A100025E02F000CE00B040B5
:10FBD00067000B6201BC601309405E01BC60130941
:10FBE000405F0180E006F5D7AE0107C1070017A10D
:10FBF00001805E86F577AB01BC600F0011E801BCA7
:10FC0000620F0011E000025E02F00AE001BC61CF69
:10FC10000C105C01BC600300105D01BC61CF01F001
:10FC20005E01BC603B0AF05F00025E02F010510111
:10FC3000BC6003000834020300C700001301BC606D
:10FC40000300060201BC600300060701BC6003005C
:10FC5000060C01BC600300061103BFDE02F00013B6
:10FC600001BC60030010480185E002F5B7AD01BC9E
:10FC700063FF1FF05401BC63FF1FF05501BC63BF5D
:10FC80001FF05601BC63FF0FF05700025E02F01236
:10FC9000B80187E00624712301BC60030010540101
:10FCA000BC600300105501BC600300105601BC602D
:10FCB0000300105701BC600F0020170106C10700A8
:10FCC00017A101825E8402E017010741070017A116
:10FCD00000B85E870037A10180DE870000160002B1
:10FCE000DE02F000000285C03700000200025E0262
:10FCF000F0118B00025E02F00F3302864037000ADB
:10FD0000F300E0021B0020860386DE02F00A8E026A
:10FD100087C037000A8E0158600300102A01BC60BA
:10FD20000300900400B040130017A103BFDE02F0EF
:10FD3000001301B8600A04902403AA5E02F00B01CC
:10FD40000158600300102A01BC600302900400B057
:10FD500040130018000183600209104801BC6003D1
:10FD60000051E400B0479300180001BC620F00117D
:10FD7000E00180600100680300025E02F00F3303BF
:10FD8000855E02F00B0801BC620F0011E001BC604F
:10FD90000F0131E800B047A300180001BC600F005C
:10FDA00011E801BC60030157A100E85E870037A19C
:10FDB0000068DE87000B0F01BC600302900400B0F6
:10FDC000401300180001BC60030131EC00B047B3E0
:10FDD00000180001BC60030011EC0324DE02F006F1
:10FDE0001E01866006F577AB00025E02F00B1D0176
:10FDF00080600610308100B05E870017A10180602E
:10FE00000210308103BFDE02F0061E01BC61030058
:10FE1000108000B04203001800006EE003002B20A9
:10FE200003505E02F00B2300015E02F0000003BFEE
:10FE3000DE02F0031401846002F597AC00A84123B0
:10FE400004F048018260020910480206DEAF000B90
:10FE50002903D5DE02F00B290350DE02F00B270147
:10FE6000BC60030010B40284C783000B2C01BC608B
:10FE70000B0011E0018E6002F577AB0002DE02F0AC
:10FE8000000003A2DE02F0009B02BC4287000B359B
:10FE900001BC60030037A401BC60031FF7A3011479
:10FEA00000630017A200886006F457A203BFDE02B9
:10FEB000F00B3A008860070117A401BC63FF00172C
:10FEC000A3011400630017A200E05E8B0117A200DB
:10FED000886006F457A201BC601311106501BC6074
:10FEE0001B02506401BC60030017A50020C286F409
:10FEF0008B4400E0419706D06500E0419301F06437
:10FF000000E05E970037A500885E930037A40020CC
:10FF10005E92F46B6303BFDE02F00B3D0068DE927D
:10FF2000F44B4900680083006B4903A0DE02F00B2C
:10FF3000490020C123160B3E00025E02F00B1D009B
:10FF40006DDE93200B5F020300C7000B53006DDED4
:10FF500097008B5301BC600300160801BC600300CE
:10FF6000160901BC600300160A01BC600300160BF1
:10FF700001BC600300160C01BC600300160D01BC3F
:10FF8000600300160E02005AC3000B5E023C5A9F2B
:10FF9000000B5E00680083006B5E0385DE02F000EC
:10FFA0009B03855E02F0009B03A2DE02F0009B0330
:10FFB000A3DE02F0009B0397DE02F0009B00B0413D
:10FFC000970010600191600A84F42703BFDE02F0FD
:10FFD00002F701806002D616B000B05E930010A157
:10FFE00001836002F7F7BF01BC600300304303BF29
:10FFF000DE02F00B3E0068808300609B03BFDE02E0
:020000040813DF
:10000000F00ABF0283C21F00000200B05E87001723
:10001000A103D0DE02F0052601BC600304104203F8
:100020009EDE02F0001300B05E3F00114501BC608F
:100030000300178F00B05E4300178500B05E0F000D
:10004000179000025E02F00B1D03BFDE02F00013EA
:10005000006D40330589EE03AC5E02F00B7500685D
:100060005E4F028BAC00E0026700209903BFDE0206
:10007000F00BAC00685E4F028BAB00E0025F00202B
:100080009701856002F5B7AD01826002F5D7AE0138
:10009000BC6003000ABB039F5E02F00BEE039EDE12
:1000A00002F00B8A0321DE02F00B8A00E0026F00EF
:1000B000209B00025E02F00B1D01866002091048C1
:1000C000018060020910480181E00209104801BC6A
:1000D00060030210420280441F000B8900B05E3FA3
:1000E00000114501BC600300178F00B05E4300178C
:1000F0008500B05E0F00179003BFDE02F00B8A0090
:10010000A044B6F07145039F5E02F00BEE02820040
:10011000C3000BAB03335E02F00BAB00B000730007
:1001200017A100E05E86B017A100E15E7AF4379E69
:1001300000E1DE7700179D00E1DE7300179C00E010
:10014000DE6F00179B039EDE02F00B9B006E5E6E5F
:10015000924BEE006D5E6E924B9B006E5E72922B28
:10016000EE006D5E72922B9B006E5E76920BEE003F
:100170006D5E76920B9B006DDE7A91EBEE00B044E3
:100180006700083300B0446B00083200B0446F00D1
:10019000083100B044730008300068A0CE232B9BC8
:1001A00000E920CEF3D79E00E9A0CAF3B79D00E98D
:1001B000A0C6F3979C00E8A0C2F3779B00E15E7AAB
:1001C00091F7A100B05E8700111900E1DE7692116F
:1001D0001A00E1DE7292311B00E0DE6E92511C00CB
:1001E00068DE86232BA401BC6003000BF0031EDE37
:1001F00002F00BEE00685E4F028BEE01BC601F1632
:10020000B06501BC60030097A400025E02F0010C1F
:100210000068DE93008BDB028500C3000BDB020766
:10022000C197000BB6013C5A0F0017A201BC5A122D
:10023000F457A203BFDE02F00BB700B05A0F00174D
:10024000A201BC6003001132032C5E02F00BBD0260
:1002500080441F000BDB00B05E8B00118601A5E01F
:100260000E30118003BFDE02F00BDB03335E02F0C1
:100270000BD4029B402F000BD402004407000BCE8E
:100280000200C407000BC802814407000BDB018297
:10029000E00701901000B0522F00101100B052334F
:1002A00000101100B0523700101100B05E8B001129
:1002B0000F03BFDE02F00BDB0182E007013010000C
:1002C000B0522F00101100B0523300101100B05284
:1002D0003700101100B05E8B00110D03BFDE02F07D
:1002E0000BDB0182E00700D01000B0522F0010118C
:1002F00000B0523300101100B0523700101100B09E
:100300005E8B00110B03BFDE02F00BDB0333DE025A
:10031000F00BD700B05E8B00110B03BFDE02F00BB9
:10032000DB03345E02F00BDA00B05E8B00110D03CC
:10033000BFDE02F00BDB00B05E8B00110F031EDE90
:1003400002F00BEE039F5E02F00BEE00685E4F02C0
:100350008BEE03335E02F00BEE01BC601F16B0653E
:1003600001BC600300B7A400025E02F0010C00684B
:10037000DE9300ABEE0207C197000BE7013C5A0782
:10038000001788013C5A0B0017A103BFDE02F00BD7
:10039000E901385A0700178801385A0B0017A101E4
:1003A000845E86F297940187DE862491240206807B
:1003B000F3000BEE01846002F297940187E00224BF
:1003C000912403AB5E02F006D803BFDE02F008C042
:1003D000032B5E02F009ED03BFDE02F006D803AB8B
:1003E0005E02F00BF5032C5E02F009ED03BFDE02A6
:1003F000F00C0500B052230011F200B0522700119A
:10040000F300B0522B0011F401BC60030091F50021
:10041000B0005B0011F003BFDE02F006D8013852D5
:100420003F0017A102065E53000BFE0138524B003D
:1004300017A10068DE87008C0103AB5E02F006D8CE
:1004400003BFDE02F008C00068DE4F020C040207A2
:1004500081AB000C0401806006F2979403AB5E024E
:10046000F006D8020000F3000C0A0206DE53000C6E
:100470000A01185E830017A10068DE8700AC0A013C
:10048000BC600B025142020052170009ED03BFDEAF
:1004900002F008C001BC600300118301BC600300CE
:1004A0001182032C5E02F00C110199E0062011006C
:1004B00003BFDE02F00C150119402F0017A10068E0
:1004C0005E870009E90199DE8620110003315E0292
:1004D000F009E900A05E3B0097A200205E4EF449BF
:1004E000E90184600209104803BFDE02F009E90354
:1004F0002B5E02F009E90068DE4F042C1E00B052AA
:100500003300179F00B0522F0010EB0281522F00D2
:1005100006C000E002AB0020AA0281522F0009C9E8
:1005200003295E02F00C240203DEB3000C240191C7
:10053000601A84F4270183E002F597AC0208522F79
:100540000006D803BFDE02F008C001BC6003001043
:100550006701BC60030010460180E00609304902D3
:1005600082C11F000C2E01BC602F1FF06501BC6012
:100570000300168000E841970030650069C19700CC
:100580000C2B01BC600B00179401BC60030017AB7F
:1005900001BC60030017AC01BC60030017AD01BCD7
:1005A00060030017AE01BC60030017BF01BC60030D
:1005B00000202001BC60030017A100025E02F000D1
:1005C000CE01384067000028011C40670000290167
:1005D000BC600300504901BC60030017A701BC6068
:1005E000030017A801BC60030017A901BC60030049
:1005F00017AC01BC60030017AD0182E0060F107854
:100600000206C1E3000C40006880A7000C4303BF52
:10061000DE02F00C44006880A7008C4401BC600B33
:100620001AE00001BC61E703200101BC63D3038031
:100630000201BC60970BA00301BC60030000040131
:10064000BC60530D800501BC601F14106101BC60CB
:100650001317D06001BC600300082800B05E0F00D3
:10066000178500A044B6F07145028741D7000C4FB2
:1006700001BC6003000BEF01BC600300107D01BCF6
:10068000600300107C01BC606300107B01BC600350
:1006900000107A01AC607F00107501BC63470897B9
:1006A000A10068C1DAF42C5B011A41DF0017A10038
:1006B00068DE87016C5B01BC637B15ABEF03BFDEBB
:1006C00002F00AA501885E5CFF87FC01BC601F1F69
:1006D000500701BC60030190080188600600900487
:1006E0000386DE02F00A8E0305DE02F00C6003864C
:1006F000DE02F00A8E0385DE02F00C6200B05E8737
:100700000017A1006EE003002C660386DE02F00AEB
:100710008E006EC0146F2C6901BC6007001042028D
:1007200007C0AF00077F0002DE02F0000003215E79
:1007300002F00C6F00E02062F4281800B020630083
:10074000178B03BFDE02F00C77028150C7000C74D8
:10075000011C509F00178B00E05E2EF4378B019C2C
:100760005E2E84F42703BFDE02F00C77011E509F3B
:1007700000178B00E05E2EF4378B019E5E2E84F412
:10078000270002DE02F000000107402700082700D2
:10079000E0209F0028270002DE02F0000000B05A8F
:1007A0000300101F00B05A0700102000B05A0B00C1
:1007B00010210180600700101D02804077000C7F2F
:1007C0000002DE02F000000187E002F577AB039142
:1007D0005E02F000020020E3FE09000202815E5387
:1007E000000C8D0283411F000C870281DE53000C38
:1007F0009301BC600300115101BC60030011520160
:10080000BC620300115301BC6003005150018960B8
:1008100006F2979403BFDE02F000020280C5430097
:10082000000201F0C5470011560107C5470017A196
:1008300001F0C54AF431550189600AF2979401BC70
:1008400060030810470392DE02F000020068C01740
:100850000000020204C107000002039EDE02F00C49
:100860009B03B8DE02F0000200B0017F0017A10078
:1008700068DE840BC00203BFDE02F00C9D0203DEC3
:10088000530000020068DE23000C9E02845E5300C9
:1008900000020287C4930000020282DEBB000CA1AA
:1008A00000682AFF000CA400682B87FFE00200B05C
:1008B0002AEF0017A1006DDE8555C00200B0012BA4
:1008C0000017A30282DEBB000CA700682AFF000C01
:1008D000A800E05E8D5C37A300B0440B0017A100B8
:1008E000B0440F0017A200E95E862337A100E8DEBE
:1008F0008A2357A200E95E86F466E500E8DE8B00F5
:10090000081400B0441F001800008844230157A3B6
:100910000090442300D7A4006E5E8AF48AD2006D52
:10092000AFC3002CC80068816F000CB600685E235E
:10093000002CC800680027002CC800E85E230037A0
:10094000A10069DE87000CB900E05E840137A101D7
:100950003C016F0017A50068DE97000CC00138014C
:100960006F0017A500685E97000CC400E85E970052
:1009700037A100685E87000CC803BFDE02F00CC41C
:1009800000E85E970037A50080DE940137A500E0FF
:100990005E860DB7A100685E87000CC800E11B965B
:1009A000F466E500E0A052F4881400E85E870037A2
:1009B000A1006A5E87000CC401BC61030011230022
:1009C000692053000CCC0180E006F2979403BFDE4F
:1009D00002F00CCE0180E002F2979403BFDE02F039
:1009E000000200684127000CD802844523000CCF88
:1009F00000B044670017A100E84466F437A2006D18
:100A00005E8B004CD10392DE02F00AD200025E023D
:100A1000F0109100025E02F00DEF00025E02F00D98
:100A2000EA00025E02F00DFA01BC600F0011E8035B
:100A30001EDE02F00CDF01BC600300105C01BC6034
:100A40000300905D01BC605304105E01BC600300B4
:100A5000105F03BFDE02F00CE301BC600B00105C12
:100A600001BC600300905D01BC604304105E01BCEA
:100A7000600300105F01BC6003008020028500BF9E
:100A8000000D1E00B01B9700115100B02053001143
:100A900052006E1B962A8CEB0068A053000CEB00F2
:100AA000E01B9623281503BFDE02F00CED00B044D6
:100AB0006700081501BC600300315001BC60030CE5
:100AC00090400000DE02F000000068C103000CF25C
:100AD00002804543000CED006B446502ACED01BCA7
:100AE000600300115002844543000CF300B04467DA
:100AF0000017A100685E86232CF501BC600300404E
:100B00002000E91B962A37A100E8A0522A57A2002C
:100B1000E14466F4311900E1C46AF4511A00E1C4F9
:100B20006F00111B00E0C47300111C00B0441F00D3
:100B30001800008844230157A30090442300D7A441
:100B400000B0440B0017A100B0440F0017A200E949
:100B50005E862337A100E8DE8A2357A20069DE8B78
:100B6000000D0C00E1440AF4710200E0C40EF4919F
:100B70000300E02AEF002ABB00E85E23003788006C
:100B800069DE23000D0000E8002700378803BFDE80
:100B900002F00D00018660022011000200DE530009
:100BA0000D200180E002F2979400025E02F00DED4C
:100BB00001BC600300104003BFDE02F00D13020011
:100BC00080C3000D1700E044640957A100E85E8669
:100BD0002137A1006CC466F42D1503BFDE02F00DB1
:100BE0002000E8012A2126E501BC6003000814006A
:100BF000B01B9700115101BC600300115201BC6091
:100C00000300315002804543000D1C03BFDE02F09B
:100C10000CF701BC600300104000B0012B0011096B
:100C20000068AADF000D220000DE02F0000003567B
:100C30005E02F00D2400025E02F0015000B0012FB0
:100C400000110901BC61CF0C105C01BC60030010F5
:100C50005D01BC61CF01F05E01BC603B0AF05F004A
:100C6000025E02F00DF600025E02F00DFF00025E71
:100C700002F00DF303BFDE02F00AD201885E061017
:100C8000D08601025E070017A101825E8610D08621
:100C900001BC600306778000B00DEF001781028869
:100CA000421B000D3400B00DEB00178100685E0799
:100CB000000D3600025E02F00DE4020B421B000D37
:100CC0003803BFDE02F00D39018B209E10D0860064
:100CD00002DE02F0000000B054130017A10200DE93
:100CE00007000D4100B0418B00106501BC6003019D
:100CF000D7A100025E02F011B600E05E8400F7A109
:100D000003BFDE02F00D46020480F3000D4602022E
:100D10005E07000D4602805E07000D460090001B36
:100D20000037A200E85412F457A10002DE02F000DE
:100D300000020400BF000D4A00025E02F00EED0347
:100D4000BFDE02F00D4B00A044B6F0B1450002DE5C
:100D500002F00000020000BF000D5C0068AC07005C
:100D60000D5C00E05EA30037A8006D5EA005CD5CC1
:100D700000B02CB30017A100025E02F000CE00B05C
:100D800040670017A20068DEA3FFED5900B05E893E
:100D900065B7A2006D00A7008D58006DA09F004DA3
:100DA0005A03BFDE02F00D590068A09F000D5A00E3
:100DB000B85E8965B7A200025E02F000D401BC6093
:100DC000030017A80002DE02F0000000D85A030159
:100DD00017A201B85A06F457A200B0560300083C07
:100DE00000B0560700083D00B0560B00083E00B0AA
:100DF000560F00083F00B0561300084000E056129E
:100E0000F4484100B05A0300083A01385E8B0008EC
:100E10003B00B021070017A401BC60030017A2002B
:100E2000B0419300106500B85E92D017A400E05E58
:100E300006F4506300F05E930017A300F05E930089
:100E400077A400E05E8B0037A200B85E92F477A42E
:100E500000E04192F4506500E05602F4958000B045
:100E600056030017A4006EDE8B00AD6A00B85E92D8
:100E7000C0D7A200D85E8B0037A200E020F2F44871
:100E80003C00B020F30017A400B85E92C0F7A200A7
:100E9000D85E8B0037A200E020F6F4483D00D82051
:100EA000F70037A200E020FAF4483E00D820FB000B
:100EB00037A200E020FEF4483F00D820FF0037A210
:100EC00000E02102F4484000D821030037A200E0EE
:100ED0002106F4484100B021070017A200B85E8A3D
:100EE000C017A200905E8B0037A201BC5E89076824
:100EF0003B0002DE02F00000018060063C91E4014C
:100F00008760063CD1E601A860023CD1E6018B6017
:100F1000023CD1E600B05E8F00106300B0560300C3
:100F200011E700B056070011E700B0560B0011E7BB
:100F300000B0560F0011E701A960423C91E401A8FE
:100F400060023CD1E6018B60063CD1E600B05E8BCE
:100F500000106301BC60030057A102045603000D9A
:100F60009801BC60030117A100E0418EF4306300DA
:100F7000B056030011E700B056070011E700B05665
:100F80000B0011E700B05E8B00106301BC60030032
:100F9000B7A10204D603000DA201BC60030117A192
:100FA00002065E53000DA201BC60030197A100E0A0
:100FB000418EF4306300B056030011E700B05607CD
:100FC0000011E700B0560B0011E701BC60030017E9
:100FD000A10206DE53000DAD00B05E8B001063026F
:100FE000065E53000DAC00A0563F01F7A103BFDE23
:100FF00002F00DAD00A0563301F7A100B05E8700EE
:1010000011E701BC60030011E70002DE02F00000FE
:1010100000685E9B00CDCA01BC60070211E3006856
:10102000DE9B004DBD00E847870111E101BC600374
:101030000011E201BC60030011E201BC6003001179
:10104000E201BC60030011E201BC60030011E20197
:10105000BC60030011E201BC60030011E201BC604E
:10106000030011E200B06142F451E000B058030007
:1010700011E200B058070011E200B0580B0011E275
:1010800000B0580F0011E200B058130011E200B098
:1010900058170011E200B0581B0011E200B0581FB1
:1010A0000011E200B05E9B0017A40068DE9B00AD5B
:1010B000C801BC60030077A40192DE930217A3006D
:1010C00002DE02F0000001BC60070011E300B0582E
:1010D000030011E200B058070011E200B0580B0005
:1010E00011E200B0580F0011E200B058130011E2F5
:1010F00000B058170011E200B0581B0011E200B018
:10110000581F0011E200E00146F0106401BC6007C6
:101110000031E300B058030011E200B0580700119D
:10112000E200B0580B0011E200B0580F0011E200CD
:10113000B058130011E200B058170011E200B05887
:101140001B0011E200B0581F0011E20192E01B00E9
:1011500017A30002DE02F00000028740C3000DDF8B
:1011600001866006F01030028640C3000DE100B039
:1011700040C70017810002DE02F00000028740C372
:10118000000DE400B05E070010310186E006F010AB
:10119000300002DE02F00000006800A70112F40334
:1011A000BFDE02F00DFE00025E02F00DED00025EF9
:1011B00002F00DFF0002DE02F00000006800A7014F
:1011C00012BD0002DE02F000000181600609304914
:1011D000006800A7008DF200025E02F00E0F000210
:1011E000DE02F0000000025E02F00E0F01816002DC
:1011F0000930490002DE02F000000188E00E0930EB
:101200004900B0412700180000B0002B0010020078
:1012100002DE02F0000001BC60030010020182E067
:10122000020F107801BC600300104900B041270094
:1012300018000002DE02F00000006800A7010E00A6
:101240000280DE53000E0601BC60130777A1000286
:101250005E02F000CE019060020337A200025E023F
:10126000F000D40002DE02F0000001BC601307971A
:10127000A100025E02F000CE0190601E0337A200C2
:10128000025E02F000D401BC60130777A100025E89
:1012900002F000CE0190601E0337A200025E02F051
:1012A00000D40002DE02F000000100DE530017A6A9
:1012B0000181DE9A09304900B04127001800000280
:1012C000DE02F000000002DE02F0000000B0446721
:1012D0000017A2017D5E8A2357A300B01C77001778
:1012E000A100B85E84E3D7A2025A5E8B000E1C01F7
:1012F00080E006F4271E01825E86F2979400B05EBD
:101300008F00071B02001C7B000E6300E85E8CE36D
:1013100077A2006D5E88E38E6300E0446702872158
:101320000285C523000E600020E3FE090E6001BCAB
:1013300060130997A100025E02F000CE0068C0674A
:10134000000E6001BC60131617A100025E02F000DF
:10135000CE0068C067000E6001BC601309D7A10011
:10136000025E02F000CE0068C067000E6001BC6340
:10137000FF1FF7A10068DE862C2E6002009C7B0018
:101380000E540180E000E3C71E01BC60230F57A18B
:1013900000025E02F000CE00B040670077A400B00B
:1013A0005E930017A200025E02F000D401BC601B35
:1013B0001B57A100025E02F000CE0181E006033758
:1013C000A20186E006F457A200025E02F000D401FA
:1013D000BC601714D7A101BC600300B7A200025E75
:1013E00002F000D401BC60171457A101BC600318BF
:1013F00077A200025E02F000D401BC601714B7A10E
:1014000001BC600300F7A200025E02F000D401BC40
:1014100060171077A101BC600F0417A200025E02E2
:10142000F000D401BC60171097A101BC6003001745
:10143000A200025E02F000D401BC601710B7A10147
:10144000BC600B0017A200025E02F000D401BC6079
:101450001710D7A101BC60030017A200025E02F0C2
:1014600000D401BC60171017A101BC600B0037A2AB
:1014700000025E02F000D401BC60230F57A100A857
:101480005E930077A200025E02F000D401BC6017F8
:101490001017A100025E02F000CE02004067000EAD
:1014A00059006CC464E42E2003BFDE02F00E60011C
:1014B000BC60171277A100025E02F000CE0068C087
:1014C000671FEE6001806000E3C71E01BC6003007F
:1014D000904301806000E3C71E01826002F297948E
:1014E0000180E004E3C71E01BC600300071A03BFCC
:1014F000DE02F00E630002DE02F000000201C11FF6
:10150000000E7602855EAF000E6901856006F577F4
:10151000AB00B0446700082400B0446B000825000D
:10152000E944650497A100E8C46904B7A200D05E4D
:10153000870077A101E1DE8AF437A200E95E862602
:1015400097A100E8DE8A26B7A200695E8B000E76BE
:1015500001BC610300113300E144DAF4313600E1EB
:1015600044DEF4513701856002F577AB01BC6003BE
:1015700001104701BC60030050430002DE02F0008E
:101580000000B0451F00178100B005B70017A60185
:10159000BC600704106401BC601311106501BC60DD
:1015A000030017A10205DEAF000E8F00B0580F0038
:1015B000178000685E842C2E9702005E9B000E8FC1
:1015C0000280DA03000E850118581F00178200E020
:1015D0005E0B00378201985E0AC0F60703BFDE0289
:1015E000F00E88011A581F00178200E05E0B0037CA
:1015F00082019A5E0AC0F60701F0DE030037800020
:10160000A05E02C0578000B05E0300160300A04435
:10161000B6F0178200B05E0B00160500E05E0AC04F
:10162000960603BFDE02F00E9700B0581300178233
:1016300000E85E06F057A5006ADE97000E9500E808
:101640005816F4B6050069D817000E9501BC600362
:1016500000160500B058170017A500E05812F4B6A0
:101660000600E0419302106400E0419706D0650057
:10167000E05E870037A100905E9B0037A60068DE21
:1016800087008E7C01BC60030011470002DE02F07F
:10169000000001BC600300016C01BC600300016D2F
:1016A00001BC60070A106401BC60030077A100B0B0
:1016B000428F00178000A05E0301F78000B05E0338
:1016C00000016E01BC63FF1FF7A20068DE03000E7D
:1016D000A801BC60030017A200886006F4378100EF
:1016E0002005BAF02EAD0068DE8AC0CEAD00E00560
:1016F000B300216C00B005B6F0216D00685E0300F8
:101700000EB100205E06F00EB7006EDE8AC0CEB7C6
:1017100003BFDE02F00EB2006DDE8AC0CEB700B0AD
:101720005E870017A300B0419300016600B0581B0C
:101730000017A201BC600300016C01BC6003000142
:101740006D00E8419302106400E85E870037A10055
:1017500069DE87000EA800B05E8F0001650002DE22
:1017600002F0000000B0059B001064006E581B00E2
:101770002EC000E0581B00314503BFDE02F00EC151
:1017800000E8581B00314500B0059B00016200B025
:10179000059700016100B0580F00178500B0580789
:1017A00000178300B0580B0017840118581F00174A
:1017B0008C011A581F00178D0002DE02F000000095
:1017C000B0059700178000685E002C2EEC01BC600D
:1017D0000300111201BC600300111500B0059B004D
:1017E000106402004523000ED600B0451F0017818B
:1017F00000E80592F03780006ADE03000ED400B0E6
:101800005E0300114503BFDE02F00ED701BC60038A
:1018100000314503BFDE02F00ED700B00593001182
:101820004500B0058300016900B0058B00016A0026
:10183000B0058F00016B00B0058700016800B0059E
:10184000AB00106502845A1F000EE000B05E170066
:10185000168301985E32D0F687019A5E36D0F687FD
:1018600001846002D0F68700B0059300016000B0EB
:10187000059B00016200B0059F00016300B0059761
:1018800000016100B0058B00106400B0580F001714
:101890008500B0580700178300B0580B001784016B
:1018A00098581EF1978C019A581EF1B78D03BFDE30
:1018B00002F00EEC0002DE02F0000000B0058B002A
:1018C0001064006E41932A0EF900A044B6F0B7A14F
:1018D00000B05E8700160500E05812F436060200DC
:1018E00000F3000EF6006D4193280EF60200DEAF05
:1018F000000EF601BC600B02514200B05E87000191
:101900006F02015EAF000EF900B05E170016030112
:10191000816002F577AB0002DE02F00000020145B3
:1019200023000F040287C493000F0401826002F5B4
:10193000D7AE02012C3B000F0100E02C43002B101E
:101940000181600161CB0E02055EB7000F0400E06B
:101950002AEF002ABB01856002F5B7AD0002DE0266
:10196000F00000020200BF000F1200025E02F00F42
:10197000340202DEB3000F0A0020428F000C810304
:10198000BFDE02F00002028881AB000F1202845E0B
:10199000FF000F0802845EB3000F080282DEFF0022
:1019A0000F0802822B47000F1000682AB3000F12A5
:1019B0000284DEAF000F0802835EB7000F0800B09C
:1019C0005E870017A10002DE02F000000182E00243
:1019D000F597AC0203DEFF000F1C02844523000FC5
:1019E0001C02012B47000F1C0180E006F2979400B7
:1019F000025E02F00E0F0180E002F2979400025E98
:101A000002F00E0F0180E002F29794028400C700FA
:101A10000DE803BFDE02F00DEA020400C7000F2646
:101A20000284C56F000F3202844523000F23020099
:101A30004203000F3200685E4B04AF3200685E4B19
:101A400006AF3200685E4B062F320182E006F59742
:101A5000AC02844523000F290323DE02F00F2A0184
:101A600083E006F597AC0180E006F29794028400CB
:101A7000C7000DE800B02AEF0017A2006DDE8955FF
:101A8000CDE802872B47000DEA02005EFF000DE85B
:101A90000287AB47000DEA03BFDE02F00DE800024B
:101AA000DE02F00000020200BF00104500682B03B8
:101AB000000F3900E844655817A101BC63F71D17F2
:101AC000A2006D5E86F44F3900E84466F44AC00017
:101AD0006CC465572F3B00E84467002AB902804573
:101AE0006F000F720203DEB70010450183E002F5BC
:101AF000B7AD0202DEB3000F41018360062B915C9B
:101B000000025E02F00F1402835EBB000F4400E887
:101B100045895BB7A1006E5E85556F590204DEB73B
:101B2000000F5500E02BAF002AEB01BC6003000A58
:101B3000ED00B02BAF0017A20204DEFF000F4B0038
:101B40006D5E895D8F4B0184E002F7F7BF0206DE10
:101B5000FF000F5500E02BDF020AF700B0446700DA
:101B60000B0201182BDF0017A1011A2BDF0017A2AF
:101B7000006E5E87000F53006DDE895F0F5303BF59
:101B8000DE02F00F5501BC6003000AF70186E00297
:101B9000F7F7BF02025EFF0010450068AB030010BC
:101BA0004500B02ADF000AC00002DE02F00000019A
:101BB00082E002F7F7BF02025EFF000F6602060036
:101BC000C7000F5F02802BEB000F5F00B02B4300BC
:101BD00017BB006E2B1AF7704502025EFF000F66FE
:101BE00000E845895BB7A1006DDE85610F6400E800
:101BF00044656137A1006D5E85614F6600B0446742
:101C0000000AC00002DE02F000000204DEB7000F8E
:101C10006C00E84465568ABC00E02BB7002AED0052
:101C2000B02BBB0017A1006D2BB6F42F6C01BC606C
:101C300003000AEB0068AB0F00AF6F00B044670011
:101C40000AF500B0446B000AF90068AB0F012F7170
:101C500000B04467000B110002DE02F00000020336
:101C6000DEB7000F790282DEB30010450203C573B0
:101C700000103700E8446556F7A1006D5E85567088
:101C80004501836006F5D7AE03BFDE02F0104501C3
:101C9000BC6003000ADD006D45871F4F7C00B04526
:101CA00087000ADD00E044655BB7BB00E85EEE2C10
:101CB0002AB701836002F5D7AE0183E006F5B7AD20
:101CC0000184E002F5B7AD01826002F7F7BF01843D
:101CD0006002F5B7AD0101456F0017A101875E866F
:101CE000F577AB01BC6003000B0B00E8446556F7C9
:101CF000A1006D5E855E8F86006D5E85566F8A00E1
:101D0000E02B7B002ADE00B02AAB0017B301BC60D9
:101D10000300117800B045E300180000B045E7006B
:101D20000ACA01BC600300317800B045E300180026
:101D300000B045E7000ACB01BC600300517800B059
:101D400045E300180000B045E7000ACC01846000BC
:101D50000600300207AB33000F97018460040600D1
:101D60003000B02B2B0017BB012A5EEF000AC30125
:101D7000BC60131C57BB021E2B2B000F9E011E2B99
:101D80002B0017A60080DE9AF777BB00B041B700A2
:101D900017B3006E2B0F01EFA2008860055877BBC8
:101DA0000020DEED5D0FA503BFDE02F00FA800E806
:101DB0002B0F0217BB00886006F777BB00205EED93
:101DC0005D2FA801846006F5B7AD020480C3000F43
:101DD000A80184E005616B0B006E2B0F01EFAC00D6
:101DE0008860055877BB0020DEED5B4FAF03BFDE98
:101DF00002F00FB000E82B0F0217BB00886006F757
:101E000077BB00205EED5B6FB001846005616B0BFA
:101E10000068AB0F00AFBA02075EFF000FBA012CDB
:101E20002B330017A3006DDE8D60EFBA00685E8F64
:101E3000000FBA0280AB2F000FB801836005616B01
:101E40000B03BFDE02F00FBA00B02BF3000AF6005E
:101E5000B0446B000AFD0281ABEB000FC70068AB1A
:101E60000F012FC701BC6003000AE000682C470087
:101E70000FC700E844656237A1006D5E85624FC4FC
:101E800000B02C4B0017A200E05E896277A2006DC3
:101E9000DE86F44FC60200AC3B000FC7018560052B
:101EA000616B0B03BFDE02F00FC70180E00161CB65
:101EB0000E0068AB0F010FCA00B02ADF000AD7017D
:101EC00087E006F7F7BF0207DEFF000FCC0181E0D5
:101ED00005616B0B00682B0F002FD000682B0F01E2
:101EE000EFD000682B0F030FD00068AB0F008FD529
:101EF00001826006F7F7BF00B02ADF000ABF006862
:101F0000AB0F008FD5011A2B2F000AC600B02ADFB5
:101F1000000ACE0202DEBB000FDB0284DEFF000FF0
:101F2000D80206DEFF000FDB00B02BAF0017A100C8
:101F30006DDE855D8FDB0182E005616B0B00E05E8D
:101F4000CD5577B301826002F5D7AE00B02C4300C7
:101F500017A100B02AEF0017A2006D5E8955CFE2ED
:101F600002855EB7000FEB03BFDE02F00FE4006DE9
:101F70005E8560AFED02812C3B000FEB00B0440B9F
:101F80000017A300B0440F0017A200E95E8E2337AC
:101F9000A300E8DE8A2357A200695E8B000FED00E4
:101FA00068DE8B000FED006E5E8EF66FED018260D5
:101FB00006F5D7AE00025E02F0114D01BC60131CA5
:101FC00057BB012C2B330017A20080DE8AF777BBAA
:101FD00000B041B70017A200682B0F004FF6006851
:101FE0002B0F024FF600682B0F026FF600682B0FC5
:101FF000006FF603BFDE02F010040184E006F5B7BF
:10200000AD00685E8B000FFD00B05E8B000AAC0176
:1020100082E006F5D7AE00E02BC3002AF0006E5E2A
:102020008960CFFD01826005616B0B00E844655655
:10203000F7A100B0446B0017A200B044670017A3DB
:102040000068DE8A234FFD00E95E8EF42AB400E8C2
:10205000DE8B000AB501846002F7F7BF0282DEB3AF
:102060000010450203C57300103700B02AC30017E3
:10207000A200B02ACB0017A30068AB0F009011029A
:10208000802BEB00101100B02B1B0017A1006D5E20
:102090008559300D0180E005616B0B00685E87009B
:1020A000101100682BFF00101100B02BFF0017A2C9
:1020B00000B02C030017A300685E8F0010170068A3
:1020C0002B0300101700E844655817A100E05E8E4E
:1020D000F457A2006D5E86F4501701816005616BB4
:1020E0000B0281AB4700101C02005EFF00101C02B7
:1020F00004452300101C03A0DE02F0101C0183E045
:1021000005616B0B028080BF00104502825EBB0040
:10211000104502822BEB0010310281AC2F001031F0
:102120000280AC2F00103102812C2F00103102826E
:102130002C2F001031028881AB0010310282AC2FAD
:1021400000102A02802B2F00103102832C2F001048
:102150002A02852C2F00102A02842C2F0010310215
:1021600084AC2F0010310283AC2F00103102835E4B
:10217000B70010300204DEAF0010300281DEBB0079
:1021800010300184E002F577AB00025E02F01136F8
:1021900003BFDE02F010450183E0022B915C0207D1
:1021A00001AB0010340180E00209D04E01BC600395
:1021B00018517800B045E3001800018060022F310B
:1021C0007900E8446556F7A1006D5E8555704502BB
:1021D0008101AB00103D020081AB00103F02842C56
:1021E0002F00103F0280AC2F00103F018360022BB4
:1021F000915C03BFDE02F01045018360022B915C0D
:1022000000025E02F00F1F02835EB70010450184DA
:10221000E006F577AB00E02B3F002ACF03BFDE02DC
:10222000F0111E0002DE02F000000184E002F5B7AA
:10223000AD01836002F5D7AE0182E002F5D7AE01B1
:1022400082E002F7F7BF0184E002F7F7BF01BC604C
:1022500003000AD901BC6003000ACE01BC60030080
:102260000AC601BC6003000AF001876001602B010F
:102270000002DE02F00000020200BF00107D0283B7
:10228000DEFF00108C0183E006F7F7BF01BC60039E
:1022900002115D00B02AAF00115E018560060B706F
:1022A0005B018560060BF05F0280456B00105E01EC
:1022B0008B60022B915C01BC600318517800B04523
:1022C000E3001800018060022F31790188600E2B35
:1022D000515A01BC60030037A300025E02F011688E
:1022E00000682AD300106301846006F7F7BF01BCC1
:1022F0006003000AB400025E02F0104600E8446980
:102300006097A1006EDE8700306B00B02BEF000AF3
:10231000F601BC6003000AF500682B0300106B0097
:10232000B04467000ABF00E84465560AC0028080D6
:10233000BF0010710281DEBB0010780200456F0003
:1023400010710283C57300107101BC63FF1FF7A1F8
:102350000068C586F43078018B600E2B915C01BC5F
:10236000600318517800B045E3001800018B2B463C
:102370002F31790183E002F5B7AD0184E002F577F2
:10238000AB03BFDE02F01129018360022B915C00D8
:10239000025E02F00F1F0183E006F5B7AD0184E095
:1023A00006F577AB03BFDE02F01129018D60020B49
:1023B000F05F0188600E2B515A028181AB001085BD
:1023C000018B60062B915C01BC600318517800B052
:1023D00045E3001800018060022F317903BFDE025F
:1023E000F01089018B60022B915C01BC60031851D5
:1023F0007800B045E3001800018060022F317901B8
:1024000083E002F5B7AD0184E002F577AB00025E30
:1024100002F010460002DE02F0000000B0446B0043
:102420000B040202DEB3001091018360062B915C65
:1024300000025E02F00F14020200BF0010A101832F
:10244000E002F7F7BF0203C57300109A020080BFD5
:1024500000109A018B600E2B915C01BC6003185137
:102460007800B045E3001800018B2B462F3179032B
:10247000BFDE02F0109E018B60022B915C01BC60FC
:102480000318517800B045E3001800018060022F66
:1024900031790182E002F597AC01BC60030017A31B
:1024A00000025E02F011680002DE02F0000001BCD2
:1024B000600300701001BC63FF1FF0C501BC63FF27
:1024C0001FF0CB00B040470010E500B040470010BF
:1024D000EB01BC600300901001BC63FF1FF0C6015C
:1024E000BC63FF1FF0CC00B040470010E600B040D6
:1024F000470010EC01BC600300B01001BC63FF1F7B
:10250000F0C701BC63FF1FF0CD00B040470010E7EB
:1025100000B040470010ED01BC600300101000B097
:10252000404300180001BC63FF1FF0C800B04047E3
:102530000010E801BC600300301000B040430018F8
:102540000001BC63FF1FF0C900B040470010E90163
:10255000BC600300501000B0404300180001BC6391
:10256000FF1FF0CA00B040470010EA0002DE02F090
:10257000000001BC60030037A20020E3FE0910FD4B
:102580000020E0420D90FD028042030010FD028415
:1025900045230010FD03915E02F010FD0068AB675B
:1025A0000010FD0282DEFF0010FD02805EFF0011C0
:1025B00032020180C70011290282DEB30010FD0241
:1025C0000480C70010E900685E8B0010D500B02BB6
:1025D0009B0017A1006EAB82F430D50203C57300D7
:1025E00010E900682AB30010D400682AD30010D57F
:1025F00000E844655697A100E82AB2F437A1006AC2
:10260000DE8555B0E9006ADE855B10E900682AFFC7
:102610000010E90203DE530010D800B02B9F000A1F
:10262000AD03BFDE02F0112901BC60030257920125
:10263000BC63FF1FF0C301BC60030910E301865EA9
:102640008A1C70E3018460061C70E300682B07009D
:1026500010DF0185E0061C70E301BC600303978274
:1026600000025E02F0110701BC63FF1FF0C400B05E
:1026700054130010E400E043915BF0E400025E02BA
:10268000F010A201BC60030010EE01BC63FF1FF05C
:10269000CE00E02B07002AC103BFDE02F010F702D4
:1026A000835EB70010FD01BC60230890E600025E67
:1026B00002F0010000B05ECF0010E400682AB30011
:1026C00010F400B02AF30010E40280456F0010F40B
:1026D00000E844655697A100E82AB2F437A10069E2
:1026E0005E870010F400E05E855790E401BC600353
:1026F00001D78200025E02F0110703BFDE02F01074
:10270000F700B0004700108600025E02F011A90039
:10271000025E02F00D2D0190600A091048018460EC
:1027200006F597AC01BC61330070800002DE02F058
:10273000000002805EFF0011020281DEBB00110278
:10274000020180C7001129020480C70011290180FD
:102750006002F7F7BF0280C28F00112A0201DEBBC0
:1027600000112A01BC60030017A203BFDE02F010B3
:10277000BF01BC63FF1FF0C001BC63FF1FF0C102BB
:1027800085DEFF00111700685E4B06311000B02B8C
:102790004F0017A1006DAB06F4311701BC600301B7
:1027A000378000B02B530017A1006D2B06F43112B7
:1027B00002812BEB00111201BC600301778001BC88
:1027C000600300378100025E02F000DB01D2DE0A06
:1027D000A030E000B0540B0010E103BFDE02F011A6
:1027E0001D0280ABEB00111001BC6003015780019A
:1027F000BC600300178100025E02F000DB00B054F1
:10280000070010E000885E0B0070E10002DE02F0BD
:10281000000000682B0B0011290204DEAF00112913
:1028200000E844655857A4006E5E9155B1290088B0
:102830005E930037A4006D5E9155B12900025E02DF
:10284000F0115D03BFDE02F0113600E84465585711
:10285000A400885E930037A400025E02F0115D03BD
:10286000BFDE02F011360284DEAF00112D0181E0DF
:1028700002F5D7AE03BFDE02F0113600682B7F00F1
:10288000113200E044655BEAD900682B8300113106
:1028900000E044655B0AD90002DE02F0000001801E
:1028A0006006F7F7BF00682B0B00113600E844659F
:1028B0005857A400025E02F0115D01846002F59792
:1028C000AC01BC6003000AC201BC6003000AD9016C
:1028D000BC6003000AC10104DEAF0017A101835EE2
:1028E00086F5B7AD0284DEAF00113F018060060DB2
:1028F000906C0002DE02F0000000B02AA70017A3CF
:10290000020400C300114200B02AC70017A302024C
:10291000DEBB00114400B02AA30017A300E0446608
:10292000F46AB900B04467000B090183E0022B91FF
:102930005C020701AB0011490180E00209D04E01A1
:10294000BC600318517800B045E3001800018060B6
:10295000022F31790002DE02F000000202DEB30035
:102960001150018360062B915C00025E02F00F148F
:102970000203C5730011550284DEAF0011550281B8
:10298000DEBB00115502805EFF00115502035EB7E9
:1029900000115C018B600E2B915C01BC600318512F
:1029A0007800B045E3001800018B2B462F317901E8
:1029B000836006F5B7AD0184E002F577AB01BC603A
:1029C00003000AC10002DE02F0000000682B730061
:1029D000115F00B02B730017A4006D5E915611615A
:1029E00000B02AC30017A400882B1F0037A500E8F9
:1029F0002B22F4AAC800885E930037A400E02B22A3
:102A0000F48AC800902B2300AAC700B02B1F000A2D
:102A1000AD0002DE02F0000002032C3F0011710243
:102A20008741D700116901BC606300107B01BC6065
:102A30000700107A01AC607F1C1075028741D70037
:102A4000116D01845E8E0ED07601AC60BF1C1075D6
:102A5000028741D70011700002DE02F000000286FA
:102A6000410700117201BC60130917A100025E0248
:102A7000F000CE018760060337A200025E02F0007C
:102A8000D400B05E870017A100B05E870017A100D8
:102A9000B05E870017A101876002F457A200025EB2
:102AA00002F000D401BC60130957A100025E02F0DD
:102AB00000CE018060060337A200025E02F000D45F
:102AC00000E002B30020AC01806002F457A20002D3
:102AD0005E02F000D401BC60270857A100025E022C
:102AE000F000CE0068C06701F18A01BC60030017E6
:102AF000A200025E02F000D401BC600301F7A20054
:102B0000025E02F000D40002DE02F0000003905EDC
:102B100002F0119E03875E02F0119E0390DE02F028
:102B2000119E020445230011950283C21F00119ECD
:102B30000068A0B300119200B0446700082C00E8C0
:102B400044650597A1006E5E877D119903BFDE0283
:102B5000F0119F0286C03700119E00E0446700D745
:102B6000A10206403700119E006CC466F431970044
:102B7000025E02F00B1D00025E02F0117201BC60E9
:102B80000300082C00025E02F00AE003BFDE02F040
:102B9000001301BC600300082C0002DE02F00000FC
:102BA000028042030011A8028545230011A7028577
:102BB000DEB70011A50185E006F5B7AD00E0446B76
:102BC000002B20006CC4696411A800025E02F011A1
:102BD000720185E002F5B7AD0002DE02F0000001EF
:102BE0000C81430017A101BC600300508A00685E9D
:102BF000070011AD00685E870011AD00685E070038
:102C000011B50190422AA1308A00685E070031B5F3
:102C10000190422AA0108A0109DE030017A2018F49
:102C20005E8A11508A00685E8B0011B50191E00E3A
:102C300011508A0002DE02F000000109DE030017D5
:102C4000A400E05A06F497A500905E96F497A502BA
:102C500003DE030011BD0282DE030011BD01BC6171
:102C6000EF0857A60080DE96F4D7A50116DE870090
:102C700017A300885E870077A100E15E8702D7A1D5
:102C800000E0DE8F0017A301BC60030017A2020E54
:102C90005E030011C401BC60030037A200905E9681
:102CA000F457A50080DE96F437A100E141B7FFF7A5
:102CB000A600E1DE8701F7A10080DE96F477A3008D
:102CC000E1DE860DB7A100E0DE8F0017A3017A5E7A
:102CD00086F477A100885E86F457A100B05E870075
:102CE00017A20287DE030011D100885E870057A17A
:102CF00003BFDE02F011DE02875E030011D801BCC3
:102D0000639B0CD7A50080DE86F4B7A100E141B734
:102D1000FFF7A500E0DE870017A100885E87005757
:102D2000A103BFDE02F011DE00885E870057A1011B
:102D3000BC639B0CF7A50080DE86F4B7A101BC62E2
:102D4000030017A500E141B6F4B7A500E0DE870057
:102D500017A100E05E8400D7A10002DE02F00000AF
:102D60000200200F0000130282DE530011E60188EA
:102D7000600204902400E020AAF3082A00E820A6BC
:102D8000F3082903BFDE02F0098D01B86016049034
:102D90002401BC600301D02503055E02F011F80296
:102DA00087C037000A8D0386DE02F00A8E00025EBD
:102DB00002F00F3300025E02F0118B035CDE02F0C2
:102DC00011E800D8409B0117A100E05E8702379808
:102DD00000A85E630077980102DE530017A101820C
:102DE000E002F297940188DE85006803006EA0A6D9
:102DF000F311F800E85E6301D02501B86006049085
:102E00002403BFDE02F000020181600500680301B7
:102E1000B8600A04902403BFDE02F0000202285EBC
:102E20008700120E00B041930017A400E041930008
:102E30007064010A5E870017A200E84192F45063B3
:102E400001185E870017A100E86042F437A20088ED
:102E50005602F436000068418EF4920A00E8418F71
:102E600000306300E8419300306400685E8B02121A
:102E70000200905602F457A300B05806F4760103FE
:102E8000BFDE02F0120200684192F4920E00E841A7
:102E90009300306401BC600300160003BFDE02F043
:102EA000120A00B05E870017A10002DE02F00000E7
:102EB0000180600286143000B050CB0010650138EC
:102EC00050830017A10068DE3B06321600E05A333B
:102ED00000368C006EDA32F4201300B05A0B001763
:102EE000A200E001F700207D00E001D2F44074016F
:102EF000BC63FF1FF7A300B050CF001064006EDA70
:102F000032F4321D00B05A370017A300B058130036
:102F1000178201BC600300160401BC601B09D7B610
:102F20000102D0C70017A100E04196F4306500E02F
:102F300050CB00D06401BC60030017B401BC600337
:102F400000178001BC600300378101876004031013
:102F5000A0009052330097A400E0418701B7B5006C
:102F6000685ED2F0524400E05EDAF690630020D84A
:102F700002F03238020250C700123E0090560300A1
:102F800097A100E85E86F497A1019E6002F437A144
:102F9000006DDE8708123E010A5E870017A201DA83
:102FA0006002F437A100E05ED6F45063008860064A
:102FB000F437A100205602F4323E00B05802F03639
:102FC0000000E05A2B00368A006ADED2F4723A0022
:102FD00068DED2F0123F00E05E0300378000685EDA
:102FE0000300323F0186E0040310A003BFDE02F0BD
:102FF000123F006ADED2F4723A00E05ED30037B4CA
:1030000000D05E0700378102985ED300122900E0ED
:10301000419300306403BFDE02F0122900685E03B2
:1030200000001303BFDE02F005D10282D0C70012F8
:103030004E00B02A4F0017A101B82A4AF436840185
:10304000025013001685013C50830017A100B050B8
:10305000A70017A4006D5A32F432570182E00686A9
:1030600034310288502B00125300B05A330017A19C
:10307000019E5E8684F42701836006863431000257
:10308000DE02F0000000B050730017A101B8506ECE
:10309000F436840106D00700168500B050AB001747
:1030A000A400D06006C0978000E0419700D7B5012A
:1030B0000A58130017A100E05ED6F437B500B058E7
:1030C0000F001063011656030017810068D8130023
:1030D000126C011400630017A10068DE8700126201
:1030E0000088013B01168003BFDE02F01267006812
:1030F000DE8700726500A0013BE0168003BFDE02A0
:10310000F0126700E05E87097062008854030116C0
:103110008000E85A0330168001BC6003001681016C
:10312000BC600300168201BC600300168303BFDE8F
:1031300002F0127100E0418EC09063006EC18EC03B
:10314000327100E8418EC0306300E858030037A1B7
:1031500000E0418EF43063013850A30017A50068E9
:10316000581303F28C0068418EC0528C006DDA0A4D
:10317000F4B28C011656030017A10068DE86F03207
:103180008C015856030017A100E05E870DD7A200FE
:10319000B05ED70010620020DE02A0128300E05E65
:1031A00086D037A300E05E8ED077A3006D5A02F47C
:1031B000528C006E5E8EF4928C00E86002F43683CE
:1031C00000B05E8F00168100A05A0F00768300E0E9
:1031D0005A0B00368200E85A02F4568000D05E0393
:1031E00000378000E0581300360400E0418F0030C3
:1031F000630298581300128900E05ED70037B500CB
:103200006EC18EC0327200B0580300106303BFDE7F
:1032100002F0127200B058130017A10068DA3700EC
:10322000128F00B05E8700168D006DDE86D1B291E0
:1032300000B05E8700168D0002DE02F0000001BCC7
:1032400060030017A1018760040310A001BC6003A4
:103250000990B500B0006300F0B401BC6057049061
:10326000B601BC60030090B500B0006300B0B400CC
:10327000B042D30018000317DE02F0129A0397DE63
:1032800002F0129B00B02A4B00142F018EE00C03B9
:1032900010A0006DDE02D1B2A100E85A36F0168D02
:1032A00003BFDE02F012A301BC600300168C01BC58
:1032B000600300168D006E5A3AF012A601BC60033E
:1032C00000168E03BFDE02F012A700E85A3AF0168D
:1032D0008E00B058070017A100E0580EF01603004A
:1032E0006ED80EF432AD00E85E86C017A100E85833
:1032F0000EF4360300E8580F00360301185E030091
:1033000017A1006DDE030212B500E86042F437A297
:1033100000905A1AF4368600885A1EF457A200907C
:103320005A1EF4368700B05A1AF4568603BFDE02DE
:10333000F012B700905A1EF4368601BC60030016E6
:10334000870002DE02F000000158600300102A012D
:10335000B8600A04902401BC60030290040189E073
:10336000020D906C0002DE02F000000200DE53004D
:1033700012E201BC601309B7A100025E02F000CEA8
:1033800001A560020337A20199E002F457A20002EE
:103390005E02F000D401BC60130997A100025E0236
:1033A000F000CE01A4607E0337A20199E03EF457FD
:1033B000A200025E02F000D401BC601316F7A10067
:1033C000025E02F000CE01B460020337A200025E8A
:1033D00002F000D401BC60131637A100025E02F0B7
:1033E00000CE0186E0020337A201856002F457A2F5
:1033F00000025E02F000D401BC60131617A10002A7
:103400005E02F000CE0181E0060337A20185E006EE
:10341000F457A201836006F457A200025E02F00096
:10342000D401BC60131F57A100025E02F000CE0160
:1034300081E0020337A2028600C70012DC0181E0AE
:10344000060337A200025E02F000D401BC60131F25
:1034500037A100025E02F000CE0181E0060337A230
:1034600000025E02F000D40002DE02F0000001BCA7
:1034700060130997A100025E02F000CE01A4600271
:103480000337A20199E002F457A201886002F457C1
:10349000A200025E02F000D401BC60131617A10066
:1034A000025E02F000CE0181E0020337A20185E056
:1034B00002F457A201836002F457A200025E02F0F8
:1034C00000D4020600C70012F301BC60131F37A12D
:1034D00000025E02F000CE0181E0020337A200028A
:1034E0005E02F000D40002DE02F000000200DE53B3
:1034F0000012E201BC601309B7A100025E02F000F5
:10350000CE018760020337A20181E002F457A201D5
:10351000886006F457A200025E02F000D401BC608D
:10352000130997A100025E02F000CE020400C7005A
:1035300013000188600E0337A203BFDE02F01302FE
:10354000018660060337A20181E006F457A200025B
:103550005E02F000D403BFDE02F012D70068DE93F3
:1035600000130800E05E030057A201095E8B0017FC
:10357000A103BFDE02F013100068DE9300330C01DC
:10358000105E030017A200E05E8B0097A103BFDE70
:1035900002F0131001305E030017A200E05E8B0101
:1035A00097A1006D5E8705931001BC60030597A18C
:1035B0000002DE02F0000000682BE300131600B0EA
:1035C0002C0B0017A100E05E856077A1006BDE8602
:1035D0002333160186E006F7F7BF0002DE02F00093
:1035E0000000B05E8F00106400B05E870017A3007B
:1035F000B05E8B00106500B05A030017A10068414F
:103600009300131F00025E02F000CE00B04067007E
:10361000160100E0419300506400B05A070017A261
:1036200000025E02F000D400E0419700506500E81F
:103630005E8F0037A30068DE8F00131A0002DE02DF
:10364000F0000000B05E8F00106400B05E870017CD
:10365000A300B05E8B00106500B05A030017800015
:1036600068419300132D00025E02F00DDF00B05E92
:103670000700160100E0419300506400B05A0700B3
:10368000178100025E02F00DE400E04197005065F2
:1036900000E85E8F0037A30068DE8F001328000269
:1036A000DE02F00000020200BF0001B10203C57398
:1036B0000001DA0000000000000000009FE011CCD3
:040000050800029954
:00000001FF
